time,action,ticker,price,qty,fee,cost,source,spread,capital_after,slippage,mid_at_fill,note
2025-12-05 10:07:04.662839,BUY_NO,KXHIGHNY-25DEC05-B32.5,28.0,10,0.15,2.95,MM,1.0,997.05,0.5,72.5,
2025-12-05 10:11:25.538946,BUY_NO,KXHIGHNY-25DEC05-B30.5,72.0,9,0.13,6.609999999999999,MM,2.0,990.4399999999999,1.0,29.0,
2025-12-05 10:11:26.673603,BUY_NO,KXHIGHNY-25DEC05-B30.5,71.0,20,0.29,14.489999999999998,MM,16.0,975.9499999999999,8.0,37.0,
2025-12-05 15:01:49.805319,BUY_NO,KXHIGHNY-25DEC05-B30.5,63.0,78,1.28,50.42,MM,6.0,925.53,4.0,41.0,
2025-12-05 15:02:30.503072,BUY_NO,KXHIGHNY-25DEC05-B30.5,58.0,60,1.03,35.83,MM,1.0,889.6999999999999,1.5,43.5,
2025-12-05 15:02:32.733590,BUY_YES,KXHIGHNY-25DEC05-B34.5,5.0,217,0.73,11.580000000000002,MM,1.0,878.1199999999999,1.5,3.5,
2025-12-05 15:03:56.891111,BUY_NO,KXHIGHNY-25DEC05-B30.5,62.0,11,0.19,7.010000000000001,MM,9.0,871.1099999999999,4.5,42.5,
2025-12-05 15:04:04.780359,BUY_NO,KXHIGHNY-25DEC05-B30.5,62.0,4,0.07,2.55,MM,9.0,868.56,4.5,42.5,
2025-12-05 15:40:36.603164,BUY_NO,KXHIGHNY-25DEC05-B30.5,60.0,10,0.17,6.17,MM,2.0,862.39,1.0,41.0,
2025-12-05 15:40:39.328483,BUY_NO,KXHIGHNY-25DEC05-B30.5,60.0,6,0.11,3.7099999999999995,MM,1.0,858.68,0.5,40.5,
2025-12-05 15:40:43.240016,BUY_NO,KXHIGHNY-25DEC05-B30.5,60.0,4,0.07,2.4699999999999998,MM,2.0,856.2099999999999,1.0,41.0,
2025-12-05 15:41:39.127595,BUY_NO,KXHIGHNY-25DEC05-B32.5,43.0,12,0.21,5.37,MM,4.0,850.8399999999999,2.0,59.0,
2025-12-05 15:41:45.316586,BUY_NO,KXHIGHNY-25DEC05-B32.5,42.0,11,0.19,4.8100000000000005,MM,1.0,846.03,0.5,58.5,
2025-12-05 15:51:31.549282,BUY_NO,KXHIGHNY-25DEC05-B32.5,39.0,12,0.2,4.88,MM,2.0,841.15,2.0,63.0,
2025-12-05 15:53:22.157047,BUY_NO,KXHIGHNY-25DEC05-B32.5,37.0,43,0.71,16.62,MM,1.0,824.53,0.5,63.5,
2025-12-05 15:53:30.455359,BUY_NO,KXHIGHNY-25DEC05-B32.5,37.0,29,0.48,11.21,MM,7.0,813.3199999999999,3.5,66.5,
2025-12-05 15:53:30.789202,BUY_NO,KXHIGHNY-25DEC05-B32.5,37.0,20,0.33,7.73,MM,1.0,805.5899999999999,0.5,63.5,
2025-12-05 15:53:31.026447,BUY_NO,KXHIGHNY-25DEC05-B32.5,37.0,13,0.22,5.029999999999999,MM,2.0,800.56,1.0,64.0,
2025-12-05 15:53:31.110261,BUY_NO,KXHIGHNY-25DEC05-B32.5,37.0,7,0.12,2.71,MM,1.0,797.8499999999999,0.5,63.5,
2025-12-05 15:55:28.126037,BUY_NO,KXHIGHNY-25DEC05-B32.5,34.0,27,0.43,9.610000000000001,MM,5.0,788.2399999999999,2.5,68.5,
2025-12-05 15:55:38.472947,BUY_NO,KXHIGHNY-25DEC05-B32.5,33.0,34,0.53,11.75,MM,3.0,776.4899999999999,2.5,69.5,
2025-12-05 15:55:40.726088,BUY_NO,KXHIGHNY-25DEC05-B32.5,32.0,39,0.6,13.08,MM,7.0,763.4099999999999,3.5,71.5,
2025-12-05 15:56:50.985846,BUY_NO,KXHIGHNY-25DEC05-B32.5,30.0,59,0.87,18.57,MM,8.0,744.8399999999998,4.0,74.0,
2025-12-05 15:57:55.561885,BUY_NO,KXHIGHNY-25DEC05-B32.5,31.0,27,0.41,8.78,MM,8.0,736.0599999999998,4.0,73.0,
2025-12-05 15:58:25.723534,BUY_NO,KXHIGHNY-25DEC05-B32.5,29.0,46,0.67,14.01,MM,3.0,722.0499999999998,1.5,72.5,
2025-12-05 15:58:27.268997,BUY_NO,KXHIGHNY-25DEC05-B32.5,29.0,35,0.51,10.659999999999998,MM,7.0,711.3899999999999,3.5,74.5,
2025-12-05 15:58:32.896284,BUY_NO,KXHIGHNY-25DEC05-B32.5,29.0,27,0.39,8.219999999999999,MM,5.0,703.1699999999998,2.5,73.5,
2025-12-05 15:58:50.898943,BUY_NO,KXHIGHNY-25DEC05-B32.5,30.0,9,0.14,2.84,MM,12.0,700.3299999999998,6.0,76.0,
2025-12-05 16:06:11.445735,BUY_NO,KXHIGHNY-25DEC05-B32.5,22.0,5,0.07,1.1700000000000002,MM,2.0,699.1599999999999,1.0,79.0,
2025-12-05 16:06:13.728485,BUY_NO,KXHIGHNY-25DEC05-B32.5,21.0,14,0.17,3.11,MM,2.0,696.0499999999998,1.0,80.0,
2025-12-05 16:06:13.728756,BUY_NO,KXHIGHNY-25DEC05-B32.5,21.0,10,0.12,2.22,MM,1.0,693.8299999999998,0.5,79.5,
2025-12-05 16:06:15.378624,BUY_NO,KXHIGHNY-25DEC05-B32.5,21.0,6,0.07,1.33,MM,2.0,692.4999999999998,1.0,80.0,
2025-12-05 16:06:15.378928,BUY_NO,KXHIGHNY-25DEC05-B32.5,21.0,3,0.04,0.67,MM,1.0,691.8299999999998,1.5,80.5,
2025-12-05 16:06:17.367567,BUY_NO,KXHIGHNY-25DEC05-B32.5,20.0,2,0.03,0.43000000000000005,MM,2.0,691.3999999999999,1.0,81.0,
2025-12-05 16:09:47.620574,BUY_NO,KXHIGHNY-25DEC05-B30.5,74.0,8,0.11,6.03,MM,6.0,685.3699999999999,3.0,29.0,
2025-12-05 16:34:21.662008,BUY_NO,KXHIGHNY-25DEC05-B30.5,50.0,38,0.67,19.67,MM,2.0,665.6999999999999,1.0,51.0,
2025-12-05 16:34:21.794385,BUY_NO,KXHIGHNY-25DEC05-B30.5,50.0,34,0.6,17.6,MM,1.0,648.0999999999999,0.5,50.5,
2025-12-05 16:34:22.452254,BUY_NO,KXHIGHNY-25DEC05-B30.5,53.0,29,0.51,15.88,MM,3.0,632.2199999999999,2.5,49.5,
2025-12-05 16:34:22.892583,BUY_NO,KXHIGHNY-25DEC05-B30.5,52.0,27,0.48,14.520000000000001,MM,2.0,617.6999999999999,1.0,49.0,
2025-12-05 16:34:24.917476,BUY_NO,KXHIGHNY-25DEC05-B30.5,52.0,25,0.44,13.44,MM,3.0,604.2599999999999,1.5,49.5,
2025-12-05 16:34:26.006538,BUY_NO,KXHIGHNY-25DEC05-B30.5,52.0,21,0.37,11.29,MM,2.0,592.9699999999999,1.0,49.0,
2025-12-05 16:34:34.066566,BUY_NO,KXHIGHNY-25DEC05-B30.5,52.0,16,0.28,8.6,MM,1.0,584.3699999999999,1.5,49.5,
2025-12-05 16:34:53.141355,BUY_NO,KXHIGHNY-25DEC05-B30.5,51.0,13,0.23,6.86,MM,1.0,577.5099999999999,1.5,50.5,
2025-12-05 16:34:53.141758,BUY_NO,KXHIGHNY-25DEC05-B30.5,51.0,4,0.07,2.11,MM,1.0,575.3999999999999,0.5,49.5,
2025-12-05 16:36:30.977747,BUY_NO,KXHIGHNY-25DEC05-B30.5,50.0,7,0.13,3.63,MM,1.0,571.7699999999999,1.5,51.5,
2025-12-05 16:36:32.107599,BUY_NO,KXHIGHNY-25DEC05-B30.5,49.0,11,0.2,5.59,MM,3.0,566.1799999999998,1.5,52.5,
2025-12-05 16:36:32.107764,BUY_NO,KXHIGHNY-25DEC05-B30.5,49.0,9,0.16,4.57,MM,2.0,561.6099999999998,2.0,53.0,
2025-12-05 16:36:33.280264,BUY_NO,KXHIGHNY-25DEC05-B30.5,48.0,12,0.21,5.97,MM,1.0,555.6399999999998,1.5,53.5,
2025-12-05 16:36:43.527136,BUY_NO,KXHIGHNY-25DEC05-B30.5,48.0,7,0.13,3.4899999999999998,MM,1.0,552.1499999999997,1.5,53.5,
2025-12-05 16:36:51.242465,BUY_NO,KXHIGHNY-25DEC05-B30.5,48.0,3,0.06,1.5,MM,2.0,550.6499999999997,1.0,53.0,
2025-12-05 16:36:57.591667,BUY_NO,KXHIGHNY-25DEC05-B30.5,47.0,3,0.06,1.47,MM,5.0,549.1799999999997,2.5,55.5,
2025-12-05 16:40:37.509197,BUY_YES,KXHIGHNY-25DEC05-B34.5,5.0,199,0.67,10.620000000000001,MM,1.0,538.5599999999997,1.5,3.5,
2025-12-05 16:41:57.650146,BUY_YES,KXHIGHNY-25DEC05-B34.5,4.0,84,0.23,3.59,MM,1.0,534.9699999999997,1.5,2.5,
2025-12-05 16:53:22.377923,BUY_NO,KXHIGHNY-25DEC05-B30.5,59.0,2,0.04,1.22,MM,4.0,533.7499999999997,2.0,43.0,
2025-12-05 16:53:22.420086,BUY_NO,KXHIGHNY-25DEC05-B30.5,59.0,1,0.02,0.61,MM,3.0,533.1399999999996,1.5,42.5,
2025-12-05 16:55:43.716250,BUY_NO,KXHIGHNY-25DEC05-B30.5,55.0,1,0.02,0.5700000000000001,MM,3.0,532.5699999999996,1.5,46.5,
2025-12-05 16:57:04.673541,BUY_NO,KXHIGHNY-25DEC05-B30.5,49.0,1,0.02,0.51,MM,4.0,532.0599999999996,3.0,54.0,
2025-12-05 16:59:59.472506,BUY_NO,KXHIGHNY-25DEC05-B30.5,42.0,12,0.21,5.25,MM,2.0,526.8099999999996,1.0,59.0,
2025-12-05 16:59:59.472661,BUY_NO,KXHIGHNY-25DEC05-B30.5,42.0,10,0.18,4.38,MM,6.0,522.4299999999996,3.0,61.0,
2025-12-05 16:59:59.472726,BUY_NO,KXHIGHNY-25DEC05-B30.5,42.0,4,0.07,1.75,MM,7.0,520.6799999999996,3.5,61.5,
2025-12-06 04:01:34.029816,SELL_YES,KXHIGHNY-25DEC05-B34.5,0.0,500,0.0,,MM,,520.6799999999996,,,Forced Liquidation
2025-12-06 09:24:32.422010,BUY_NO,KXHIGHNY-25DEC06-B41.5,20.0,14,0.16,2.9600000000000004,MM,5.0,1017.7199999999996,2.5,82.5,
2025-12-06 09:24:46.004610,BUY_NO,KXHIGHNY-25DEC06-B41.5,17.0,133,1.32,23.930000000000003,MM,1.0,993.7899999999996,0.5,83.5,
2025-12-06 09:24:46.051481,BUY_NO,KXHIGHNY-25DEC06-B41.5,17.0,66,0.66,11.88,MM,2.0,981.9099999999996,1.0,84.0,
2025-12-06 09:24:46.063947,BUY_NO,KXHIGHNY-25DEC06-B41.5,17.0,41,0.41,7.380000000000001,MM,3.0,974.5299999999996,1.5,84.5,
2025-12-06 09:24:46.091323,BUY_NO,KXHIGHNY-25DEC06-B41.5,17.0,24,0.24,4.32,MM,2.0,970.2099999999996,1.0,84.0,
2025-12-06 09:24:52.209975,BUY_NO,KXHIGHNY-25DEC06-B41.5,17.0,13,0.13,2.34,MM,2.0,967.8699999999995,1.0,84.0,
2025-12-06 09:28:12.932565,BUY_NO,KXHIGHNY-25DEC06-B41.5,15.0,23,0.21,3.6599999999999997,MM,2.0,964.2099999999996,1.0,86.0,
2025-12-06 09:28:14.214628,BUY_NO,KXHIGHNY-25DEC06-B41.5,15.0,17,0.16,2.71,MM,1.0,961.4999999999995,0.5,85.5,
2025-12-06 09:34:28.523855,BUY_YES,KXHIGHNY-25DEC06-B39.5,14.0,34,0.29,5.050000000000001,MM,2.0,956.4499999999996,1.0,13.0,
2025-12-06 09:34:28.524024,BUY_YES,KXHIGHNY-25DEC06-B39.5,14.0,15,0.13,2.23,MM,1.0,954.2199999999996,1.5,12.5,
2025-12-06 09:35:23.170139,BUY_YES,KXHIGHNY-25DEC06-B39.5,13.0,73,0.58,10.07,MM,3.0,944.1499999999995,1.5,11.5,
2025-12-06 09:35:23.374934,BUY_YES,KXHIGHNY-25DEC06-B39.5,13.0,41,0.33,5.66,MM,2.0,938.4899999999996,1.0,12.0,
2025-12-06 09:38:02.324110,BUY_YES,KXHIGHNY-25DEC06-B39.5,13.0,8,0.07,1.11,MM,4.0,937.3799999999995,2.0,11.0,
2025-12-06 09:39:18.376789,BUY_YES,KXHIGHNY-25DEC06-B39.5,12.0,19,0.15,2.4299999999999997,MM,6.0,934.9499999999996,3.0,9.0,
2025-12-06 09:53:29.452620,BUY_NO,KXHIGHNY-25DEC06-B41.5,12.0,117,0.87,14.909999999999998,MM,3.0,920.0399999999996,1.5,89.5,
2025-12-06 09:53:29.452826,BUY_NO,KXHIGHNY-25DEC06-B41.5,12.0,52,0.39,6.63,MM,9.0,913.4099999999996,4.5,92.5,
2025-12-06 10:36:02.361507,BUY_YES,KXHIGHNY-25DEC06-B43.5,11.0,13,0.09,1.52,MM,2.0,911.8899999999996,1.0,10.0,
2025-12-07 04:01:59.376241,SELL_YES,KXHIGHNY-25DEC06-B39.5,0.0,190,0.0,,MM,,911.8899999999996,,,Forced Liquidation
2025-12-07 09:33:17.905226,BUY_NO,KXHIGHNY-25DEC07-B43.5,70.0,13,0.2,9.299999999999999,MM,5.0,902.5899999999997,2.5,32.5,
2025-12-07 09:33:18.777417,BUY_NO,KXHIGHNY-25DEC07-B43.5,70.0,7,0.11,5.01,MM,4.0,897.5799999999997,2.0,32.0,
2025-12-07 09:55:34.808512,BUY_NO,KXHIGHNY-25DEC07-B43.5,39.0,120,2.0,48.800000000000004,MM,16.0,848.7799999999997,9.0,70.0,
2025-12-07 09:55:35.052586,BUY_NO,KXHIGHNY-25DEC07-B43.5,39.0,73,1.22,29.69,MM,15.0,819.0899999999997,9.5,70.5,
2025-12-07 09:55:35.158483,BUY_NO,KXHIGHNY-25DEC07-B43.5,39.0,58,0.97,23.59,MM,16.0,795.4999999999997,9.0,70.0,
2025-12-07 09:55:35.274912,BUY_NO,KXHIGHNY-25DEC07-B43.5,39.0,49,0.82,19.93,MM,14.0,775.5699999999997,10.0,71.0,
2025-12-07 09:55:35.522169,BUY_NO,KXHIGHNY-25DEC07-B43.5,37.0,46,0.76,17.78,MM,13.0,757.7899999999997,8.5,71.5,
2025-12-07 09:56:31.127941,BUY_YES,KXHIGHNY-25DEC07-T44,19.0,226,2.44,45.379999999999995,MM,17.0,712.4099999999997,9.5,9.5,
2025-12-07 09:56:35.117513,BUY_YES,KXHIGHNY-25DEC07-T44,18.0,105,1.09,19.99,MM,16.0,692.4199999999997,9.0,9.0,
2025-12-07 09:56:36.359167,BUY_YES,KXHIGHNY-25DEC07-T44,19.0,75,0.81,15.06,MM,17.0,677.3599999999998,9.5,9.5,
2025-12-07 09:56:36.967759,BUY_YES,KXHIGHNY-25DEC07-T44,18.0,68,0.71,12.95,MM,16.0,664.4099999999997,9.0,9.0,
2025-12-07 09:56:43.584407,BUY_YES,KXHIGHNY-25DEC07-T44,18.0,26,0.27,4.949999999999999,MM,16.0,659.4599999999997,9.0,9.0,
2025-12-07 09:56:45.941047,BUY_NO,KXHIGHNY-25DEC07-B43.5,18.0,4,0.05,0.77,MM,6.0,658.6899999999997,3.0,85.0,
2025-12-07 09:59:15.917685,BUY_NO,KXHIGHNY-25DEC07-B43.5,14.0,11,0.1,1.6400000000000001,MM,1.0,657.0499999999997,1.5,87.5,
2025-12-07 09:59:49.605390,BUY_NO,KXHIGHNY-25DEC07-B43.5,13.0,28,0.23,3.87,MM,3.0,653.1799999999997,2.5,89.5,
2025-12-07 10:00:02.957086,BUY_NO,KXHIGHNY-25DEC07-B43.5,13.0,18,0.15,2.4899999999999998,MM,3.0,650.6899999999997,2.5,89.5,
2025-12-07 10:02:40.520899,BUY_NO,KXHIGHNY-25DEC07-B43.5,10.0,72,0.46,7.66,MM,7.0,643.0299999999997,4.5,94.5,
2025-12-07 10:10:38.553506,BUY_NO,KXHIGHNY-25DEC07-B43.5,9.0,1,0.01,0.09999999999999999,MM,5.0,642.9299999999997,2.5,93.5,
2025-12-08 09:19:39.730691,BUY_YES,KXHIGHNY-25DEC08-B39.5,74.0,5,0.07,3.77,MM,1.0,639.1599999999997,0.5,73.5,
2025-12-08 09:19:40.096850,BUY_YES,KXHIGHNY-25DEC08-B39.5,74.0,2,0.03,1.51,MM,2.0,637.6499999999997,1.0,73.0,
2025-12-08 09:23:37.966793,BUY_YES,KXHIGHNY-25DEC08-B39.5,70.0,10,0.15,7.15,MM,1.0,630.4999999999998,1.5,68.5,
2025-12-08 09:24:27.309398,BUY_NO,KXHIGHNY-25DEC08-B37.5,70.0,3,0.05,2.1499999999999995,MM,1.0,628.3499999999998,1.5,31.5,
2025-12-08 09:24:30.303082,BUY_NO,KXHIGHNY-25DEC08-B37.5,69.0,13,0.2,9.169999999999998,MM,1.0,619.1799999999998,0.5,31.5,
2025-12-08 10:14:13.175773,BUY_YES,KXHIGHNY-25DEC08-B39.5,72.0,5,0.08,3.6799999999999997,MM,3.0,615.4999999999999,1.5,70.5,
2025-12-08 10:14:22.168831,BUY_YES,KXHIGHNY-25DEC08-B39.5,71.0,8,0.12,5.8,MM,1.0,609.6999999999999,1.5,69.5,
2025-12-08 10:15:40.520886,BUY_YES,KXHIGHNY-25DEC08-B39.5,70.0,11,0.17,7.869999999999999,MM,3.0,601.8299999999999,1.5,68.5,
2025-12-08 10:15:41.825738,BUY_YES,KXHIGHNY-25DEC08-B39.5,70.0,7,0.11,5.01,MM,2.0,596.8199999999999,1.0,69.0,
2025-12-09 09:37:44.003054,BUY_YES,KXHIGHNY-25DEC09-T32,3.0,82,0.17,2.63,MM,1.0,594.1899999999999,0.5,2.5,
2025-12-09 09:41:45.919845,BUY_YES,KXHIGHNY-25DEC09-T32,2.0,240,0.33,5.13,MM,1.0,589.06,1.5,0.5,
2025-12-09 09:41:49.677308,BUY_YES,KXHIGHNY-25DEC09-T32,2.0,73,0.11,1.57,MM,1.0,587.4899999999999,0.5,1.5,
2025-12-09 09:50:46.500450,BUY_YES,KXHIGHNY-25DEC09-B32.5,36.0,31,0.5,11.66,MM,3.0,575.8299999999999,1.5,34.5,
2025-12-09 09:50:46.500626,BUY_YES,KXHIGHNY-25DEC09-B32.5,36.0,21,0.34,7.8999999999999995,MM,1.0,567.93,2.5,33.5,
2025-12-09 09:50:47.082013,BUY_YES,KXHIGHNY-25DEC09-B32.5,36.0,9,0.15,3.3899999999999997,MM,1.0,564.54,0.5,35.5,
2025-12-09 09:50:48.479838,BUY_YES,KXHIGHNY-25DEC09-B32.5,36.0,4,0.07,1.51,MM,3.0,563.03,1.5,34.5,
2025-12-09 10:07:18.139848,BUY_YES,KXHIGHNY-25DEC09-B38.5,4.0,109,0.3,4.66,MM,1.0,558.37,0.5,3.5,
2025-12-09 10:20:30.505491,BUY_YES,KXHIGHNY-25DEC09-B38.5,4.0,32,0.09,1.37,MM,1.0,557.0,0.5,3.5,
2025-12-09 10:43:49.728252,BUY_YES,KXHIGHNY-25DEC09-B38.5,3.0,75,0.16,2.41,MM,1.0,554.59,0.5,2.5,
2025-12-09 10:43:59.985899,BUY_YES,KXHIGHNY-25DEC09-B32.5,34.0,10,0.16,3.5600000000000005,MM,3.0,551.0300000000001,1.5,32.5,
2025-12-09 10:44:00.227258,BUY_YES,KXHIGHNY-25DEC09-B32.5,34.0,5,0.08,1.7800000000000002,MM,1.0,549.2500000000001,0.5,33.5,
2025-12-09 10:49:08.956758,BUY_YES,KXHIGHNY-25DEC09-B38.5,2.0,145,0.2,3.1,MM,1.0,546.1500000000001,0.5,1.5,
2025-12-09 10:49:09.085275,BUY_YES,KXHIGHNY-25DEC09-B38.5,2.0,83,0.12,1.7800000000000002,MM,2.0,544.3700000000001,1.0,1.0,
2025-12-09 10:49:09.122437,BUY_YES,KXHIGHNY-25DEC09-B38.5,2.0,43,0.06,0.9199999999999999,MM,1.0,543.4500000000002,1.5,0.5,
2025-12-09 10:49:14.188282,BUY_YES,KXHIGHNY-25DEC09-B38.5,1.0,13,0.01,0.14,MM,1.0,543.3100000000002,0.5,0.5,
2025-12-09 10:49:28.330181,BUY_YES,KXHIGHNY-25DEC09-B36.5,8.0,58,0.3,4.9399999999999995,MM,1.0,538.3700000000001,1.5,6.5,
2025-12-09 10:49:37.123621,BUY_YES,KXHIGHNY-25DEC09-B36.5,8.0,19,0.1,1.62,MM,1.0,536.7500000000001,1.5,6.5,
2025-12-09 10:49:43.545972,BUY_YES,KXHIGHNY-25DEC09-B36.5,7.0,87,0.4,6.490000000000001,MM,2.0,530.2600000000001,1.0,6.0,
2025-12-09 10:49:53.202803,BUY_YES,KXHIGHNY-25DEC09-B36.5,7.0,55,0.26,4.11,MM,3.0,526.1500000000001,1.5,5.5,
2025-12-09 10:50:07.903484,BUY_YES,KXHIGHNY-25DEC09-B36.5,7.0,11,0.06,0.8300000000000001,MM,2.0,525.32,2.0,5.0,
2025-12-09 10:50:13.336869,BUY_YES,KXHIGHNY-25DEC09-B36.5,6.0,58,0.23,3.71,MM,1.0,521.61,1.5,4.5,
2025-12-09 10:51:01.314572,BUY_YES,KXHIGHNY-25DEC09-B36.5,5.0,89,0.3,4.75,MM,1.0,516.86,0.5,4.5,
2025-12-09 10:51:01.763852,BUY_YES,KXHIGHNY-25DEC09-B36.5,5.0,60,0.2,3.2,MM,2.0,513.66,1.0,4.0,
2025-12-09 10:51:02.315008,BUY_YES,KXHIGHNY-25DEC09-B36.5,5.0,40,0.14,2.14,MM,1.0,511.52,1.5,3.5,
2025-12-09 10:54:48.944199,BUY_NO,KXHIGHNY-25DEC09-B34.5,40.0,5,0.09,2.09,MM,5.0,509.43,2.5,62.5,
2025-12-09 15:00:08.284538,BUY_YES,KXHIGHNY-25DEC09-B32.5,22.0,93,1.12,21.580000000000002,MM,5.0,487.85,3.5,18.5,
2025-12-09 15:00:19.685023,BUY_YES,KXHIGHNY-25DEC09-B32.5,21.0,70,0.82,15.52,MM,4.0,472.33000000000004,2.0,19.0,
2025-12-09 15:00:19.739982,BUY_YES,KXHIGHNY-25DEC09-B32.5,21.0,57,0.67,12.639999999999999,MM,3.0,459.69000000000005,2.5,18.5,
2025-12-09 15:00:29.898726,BUY_YES,KXHIGHNY-25DEC09-B32.5,23.0,21,0.27,5.1,MM,5.0,454.59000000000003,3.5,19.5,
2025-12-09 15:00:30.985114,BUY_YES,KXHIGHNY-25DEC09-B32.5,22.0,23,0.28,5.34,MM,4.0,449.25000000000006,3.0,19.0,
2025-12-09 15:00:31.518049,BUY_NO,KXHIGHNY-25DEC09-B34.5,33.0,77,1.2,26.61,MM,2.0,422.64000000000004,1.0,68.0,
2025-12-09 15:00:32.709455,BUY_YES,KXHIGHNY-25DEC09-B32.5,21.0,26,0.31,5.77,MM,3.0,416.87000000000006,1.5,19.5,
2025-12-09 15:00:42.494844,BUY_NO,KXHIGHNY-25DEC09-B34.5,33.0,51,0.79,17.62,MM,1.0,399.25000000000006,0.5,67.5,
2025-12-09 15:00:43.828484,BUY_NO,KXHIGHNY-25DEC09-B34.5,33.0,41,0.64,14.170000000000002,MM,2.0,385.08000000000004,1.0,68.0,
2025-12-09 15:00:53.277021,BUY_NO,KXHIGHNY-25DEC09-B34.5,33.0,35,0.55,12.100000000000001,MM,1.0,372.98,1.5,68.5,
2025-12-09 15:01:00.182672,BUY_NO,KXHIGHNY-25DEC09-B34.5,33.0,25,0.39,8.64,MM,1.0,364.34000000000003,1.5,68.5,
2025-12-09 15:01:07.937429,BUY_NO,KXHIGHNY-25DEC09-B34.5,33.0,15,0.24,5.19,MM,1.0,359.15000000000003,0.5,67.5,
2025-12-09 15:01:10.832769,BUY_NO,KXHIGHNY-25DEC09-B34.5,33.0,10,0.16,3.4600000000000004,MM,2.0,355.69000000000005,1.0,68.0,
2025-12-09 15:01:13.714492,BUY_NO,KXHIGHNY-25DEC09-B34.5,33.0,6,0.1,2.08,MM,1.0,353.61000000000007,0.5,67.5,
2025-12-09 15:31:46.302428,BUY_YES,KXHIGHNY-25DEC09-B32.5,18.0,3,0.04,0.5800000000000001,MM,3.0,353.0300000000001,2.5,15.5,
2025-12-09 15:31:49.762406,BUY_YES,KXHIGHNY-25DEC09-B32.5,17.0,11,0.11,1.9800000000000002,MM,4.0,351.05000000000007,2.0,15.0,
2025-12-09 15:31:49.782880,BUY_YES,KXHIGHNY-25DEC09-B32.5,17.0,8,0.08,1.4400000000000002,MM,3.0,349.61000000000007,1.5,15.5,
2025-12-09 15:31:50.100471,BUY_YES,KXHIGHNY-25DEC09-B32.5,17.0,6,0.06,1.08,MM,4.0,348.5300000000001,2.0,15.0,
2025-12-09 15:31:50.126863,BUY_YES,KXHIGHNY-25DEC09-B32.5,17.0,3,0.03,0.54,MM,3.0,347.99000000000007,1.5,15.5,
2025-12-09 15:31:51.984158,BUY_YES,KXHIGHNY-25DEC09-B32.5,17.0,1,0.01,0.18000000000000002,MM,2.0,347.81000000000006,1.0,16.0,
2025-12-09 15:37:52.497411,BUY_YES,KXHIGHNY-25DEC09-B32.5,15.0,19,0.17,3.02,MM,4.0,344.7900000000001,3.0,12.0,
2025-12-09 15:39:30.626950,BUY_YES,KXHIGHNY-25DEC09-B32.5,16.0,1,0.01,0.17,MM,4.0,344.62000000000006,2.0,14.0,
2025-12-09 15:50:26.126332,BUY_YES,KXHIGHNY-25DEC09-B32.5,16.0,24,0.23,4.07,MM,3.0,340.55000000000007,1.5,14.5,
2025-12-09 15:50:26.511557,BUY_YES,KXHIGHNY-25DEC09-B32.5,16.0,20,0.19,3.39,MM,2.0,337.1600000000001,1.0,15.0,
2025-12-09 15:50:26.739126,BUY_YES,KXHIGHNY-25DEC09-B32.5,16.0,17,0.16,2.8800000000000003,MM,3.0,334.2800000000001,1.5,14.5,
2025-12-09 15:50:27.626473,BUY_YES,KXHIGHNY-25DEC09-B32.5,16.0,13,0.13,2.21,MM,2.0,332.0700000000001,2.0,14.0,
2025-12-09 15:50:32.290973,BUY_YES,KXHIGHNY-25DEC09-B32.5,16.0,4,0.04,0.68,MM,2.0,331.3900000000001,2.0,14.0,
2025-12-09 16:02:54.425224,BUY_YES,KXHIGHNY-25DEC09-B36.5,15.0,16,0.15,2.55,MM,2.0,328.8400000000001,1.0,14.0,
2025-12-09 16:02:54.493004,BUY_YES,KXHIGHNY-25DEC09-B36.5,15.0,7,0.07,1.12,MM,1.0,327.7200000000001,1.5,13.5,
2025-12-09 16:42:43.264676,BUY_NO,KXHIGHNY-25DEC09-B34.5,30.0,13,0.2,4.1,MM,11.0,323.62000000000006,5.5,75.5,
2025-12-10 09:18:24.255673,BUY_YES,KXHIGHNY-25DEC10-B44.5,46.0,4,0.07,1.9100000000000001,MM,1.0,321.71000000000004,1.5,44.5,
2025-12-10 09:18:30.644122,BUY_YES,KXHIGHNY-25DEC10-B44.5,45.0,11,0.2,5.15,MM,2.0,316.56000000000006,1.0,44.0,
2025-12-10 09:18:30.644269,BUY_YES,KXHIGHNY-25DEC10-B44.5,45.0,8,0.14,3.74,MM,1.0,312.82000000000005,1.5,43.5,
2025-12-10 09:18:31.932231,BUY_YES,KXHIGHNY-25DEC10-B44.5,44.0,15,0.26,6.859999999999999,MM,4.0,305.96000000000004,2.0,42.0,
2025-12-10 09:18:31.932484,BUY_YES,KXHIGHNY-25DEC10-B44.5,44.0,10,0.18,4.58,MM,3.0,301.38000000000005,2.5,41.5,
2025-12-10 09:18:32.602011,BUY_YES,KXHIGHNY-25DEC10-B44.5,43.0,14,0.25,6.27,MM,2.0,295.11000000000007,2.0,41.0,
2025-12-10 09:18:35.545773,BUY_YES,KXHIGHNY-25DEC10-B44.5,42.0,18,0.31,7.869999999999999,MM,3.0,287.24000000000007,1.5,40.5,
2025-12-10 09:18:35.691167,BUY_YES,KXHIGHNY-25DEC10-B44.5,42.0,13,0.23,5.69,MM,2.0,281.55000000000007,2.0,40.0,
2025-12-10 09:18:36.035553,BUY_YES,KXHIGHNY-25DEC10-B44.5,41.0,17,0.29,7.26,MM,1.0,274.2900000000001,1.5,39.5,
2025-12-10 09:18:51.873369,BUY_YES,KXHIGHNY-25DEC10-B44.5,41.0,1,0.02,0.43,MM,1.0,273.86000000000007,0.5,40.5,
2025-12-10 09:30:20.063912,BUY_NO,KXHIGHNY-25DEC10-B42.5,94.0,3,0.02,2.84,MM,3.0,271.0200000000001,1.5,7.5,
2025-12-10 09:30:32.314593,BUY_YES,KXHIGHNY-25DEC10-B46.5,46.0,2,0.04,0.9600000000000001,MM,3.0,270.0600000000001,1.5,44.5,
2025-12-10 09:49:39.201807,BUY_NO,KXHIGHNY-25DEC10-T47,93.0,3,0.02,2.81,MM,1.0,267.2500000000001,1.5,8.5,
2025-12-10 09:49:43.532675,BUY_NO,KXHIGHNY-25DEC10-T47,92.0,6,0.04,5.5600000000000005,MM,3.0,261.6900000000001,1.5,9.5,
2025-12-10 09:49:44.966004,BUY_NO,KXHIGHNY-25DEC10-T47,92.0,5,0.03,4.630000000000001,MM,4.0,257.0600000000001,2.0,10.0,
2025-12-10 09:51:54.468880,BUY_YES,KXHIGHNY-25DEC10-B44.5,46.0,1,0.02,0.48000000000000004,MM,8.0,256.5800000000001,4.0,42.0,
2025-12-10 09:51:59.238415,BUY_YES,KXHIGHNY-25DEC10-B44.5,45.0,3,0.06,1.4100000000000001,MM,6.0,255.1700000000001,4.0,41.0,
2025-12-10 09:52:00.004717,BUY_NO,KXHIGHNY-25DEC10-T47,92.0,2,0.02,1.86,MM,4.0,253.3100000000001,2.0,10.0,
2025-12-10 09:52:01.072057,BUY_YES,KXHIGHNY-25DEC10-B44.5,44.0,6,0.11,2.75,MM,5.0,250.5600000000001,2.5,41.5,
2025-12-10 09:52:01.551602,BUY_YES,KXHIGHNY-25DEC10-B44.5,44.0,5,0.09,2.29,MM,4.0,248.2700000000001,3.0,41.0,
2025-12-10 09:52:02.412020,BUY_NO,KXHIGHNY-25DEC10-T47,92.0,1,0.01,0.93,MM,3.0,247.3400000000001,1.5,9.5,
2025-12-10 09:52:02.744992,BUY_YES,KXHIGHNY-25DEC10-B44.5,43.0,8,0.14,3.58,MM,4.0,243.76000000000008,2.0,41.0,
2025-12-10 09:52:06.410091,BUY_YES,KXHIGHNY-25DEC10-B44.5,43.0,3,0.06,1.35,MM,4.0,242.41000000000008,2.0,41.0,
2025-12-10 09:52:12.851924,BUY_NO,KXHIGHNY-25DEC10-T47,91.0,3,0.02,2.75,MM,2.0,239.66000000000008,1.0,10.0,
2025-12-10 09:52:13.188754,BUY_NO,KXHIGHNY-25DEC10-T47,91.0,2,0.02,1.84,MM,1.0,237.82000000000008,0.5,9.5,
2025-12-10 09:54:21.518411,BUY_YES,KXHIGHNY-25DEC10-B44.5,35.0,16,0.26,5.859999999999999,MM,3.0,231.9600000000001,2.5,32.5,
2025-12-10 09:54:46.409211,BUY_YES,KXHIGHNY-25DEC10-B44.5,34.0,11,0.18,3.9200000000000004,MM,3.0,228.0400000000001,1.5,32.5,
2025-12-10 09:54:57.960571,BUY_YES,KXHIGHNY-25DEC10-B44.5,34.0,8,0.13,2.85,MM,5.0,225.1900000000001,2.5,31.5,
2025-12-10 09:54:58.183936,BUY_YES,KXHIGHNY-25DEC10-B44.5,34.0,6,0.1,2.14,MM,4.0,223.05000000000013,2.0,32.0,
2025-12-10 09:54:58.296778,BUY_YES,KXHIGHNY-25DEC10-B44.5,34.0,4,0.07,1.4300000000000002,MM,3.0,221.62000000000012,2.5,31.5,
2025-12-10 09:55:16.739864,BUY_YES,KXHIGHNY-25DEC10-B44.5,33.0,5,0.08,1.7300000000000002,MM,6.0,219.89000000000013,3.0,30.0,
2025-12-10 10:00:17.456131,BUY_NO,KXHIGHNY-25DEC10-T47,89.0,1,0.01,0.9,MM,5.0,218.99000000000012,2.5,13.5,
2025-12-10 10:00:20.464057,BUY_NO,KXHIGHNY-25DEC10-T47,87.0,6,0.05,5.27,MM,3.0,213.7200000000001,1.5,14.5,
2025-12-10 10:00:20.939126,BUY_NO,KXHIGHNY-25DEC10-T47,87.0,5,0.04,4.39,MM,1.0,209.33000000000013,1.5,14.5,
2025-12-10 10:00:21.056120,BUY_NO,KXHIGHNY-25DEC10-T47,86.0,7,0.06,6.079999999999999,MM,2.0,203.2500000000001,1.0,15.0,
2025-12-10 10:00:56.020192,BUY_NO,KXHIGHNY-25DEC10-T47,86.0,5,0.05,4.35,MM,3.0,198.90000000000012,1.5,15.5,
2025-12-10 10:23:28.647262,BUY_NO,KXHIGHNY-25DEC10-T47,84.0,1,0.01,0.85,MM,2.0,198.05000000000013,1.0,17.0,
2025-12-10 10:23:30.968945,BUY_NO,KXHIGHNY-25DEC10-T47,84.0,1,0.01,0.85,MM,3.0,197.20000000000013,1.5,17.5,
2025-12-10 10:23:35.764437,BUY_NO,KXHIGHNY-25DEC10-T47,84.0,1,0.01,0.85,MM,2.0,196.35000000000014,1.0,17.0,
2025-12-10 10:26:03.325420,BUY_YES,KXHIGHNY-25DEC10-B46.5,71.0,12,0.18,8.7,MM,1.0,187.65000000000015,5.5,65.5,
2025-12-10 10:26:03.554785,BUY_YES,KXHIGHNY-25DEC10-B46.5,66.0,14,0.22,9.46,MM,5.0,178.19000000000014,2.5,63.5,
2025-12-10 10:26:03.566750,BUY_YES,KXHIGHNY-25DEC10-B46.5,66.0,13,0.21,8.790000000000001,MM,6.0,169.40000000000015,3.0,63.0,
2025-12-10 10:26:07.552203,BUY_YES,KXHIGHNY-25DEC10-B46.5,66.0,12,0.19,8.11,MM,5.0,161.29000000000013,3.5,62.5,
2025-12-10 10:26:09.529387,BUY_YES,KXHIGHNY-25DEC10-B46.5,65.0,11,0.18,7.33,MM,4.0,153.96000000000012,2.0,63.0,
2025-12-10 10:26:11.787949,BUY_YES,KXHIGHNY-25DEC10-B46.5,66.0,9,0.15,6.090000000000001,MM,4.0,147.87000000000012,2.0,64.0,
2025-12-10 10:26:14.792326,BUY_YES,KXHIGHNY-25DEC10-B46.5,66.0,8,0.13,5.41,MM,3.0,142.46000000000012,1.5,64.5,
2025-12-10 10:26:17.734474,BUY_YES,KXHIGHNY-25DEC10-B46.5,66.0,6,0.1,4.06,MM,2.0,138.40000000000012,1.0,65.0,
2025-12-10 10:26:22.013369,BUY_YES,KXHIGHNY-25DEC10-B46.5,66.0,4,0.07,2.71,MM,1.0,135.6900000000001,0.5,65.5,
2025-12-10 10:26:24.455789,BUY_YES,KXHIGHNY-25DEC10-B46.5,66.0,3,0.05,2.03,MM,5.0,133.6600000000001,2.5,63.5,
2025-12-10 10:26:24.766146,BUY_YES,KXHIGHNY-25DEC10-B46.5,66.0,1,0.02,0.68,MM,4.0,132.9800000000001,2.0,64.0,
2025-12-10 10:30:10.376123,BUY_YES,KXHIGHNY-25DEC10-B46.5,73.0,1,0.02,0.75,MM,2.0,132.2300000000001,2.0,71.0,
2025-12-10 10:30:17.334519,BUY_YES,KXHIGHNY-25DEC10-B46.5,72.0,2,0.03,1.47,MM,1.0,130.7600000000001,1.5,70.5,
2025-12-10 10:32:25.598955,BUY_YES,KXHIGHNY-25DEC10-B46.5,71.0,1,0.02,0.73,MM,3.0,130.03000000000011,2.5,68.5,
2025-12-10 10:32:25.691220,BUY_YES,KXHIGHNY-25DEC10-B46.5,70.0,2,0.03,1.43,MM,3.0,128.6000000000001,1.5,68.5,
2025-12-10 10:32:28.794828,BUY_YES,KXHIGHNY-25DEC10-B46.5,70.0,1,0.02,0.72,MM,2.0,127.88000000000011,2.0,68.0,
2025-12-10 10:32:33.251805,BUY_YES,KXHIGHNY-25DEC10-B46.5,69.0,2,0.03,1.41,MM,2.0,126.47000000000011,1.0,68.0,
2025-12-10 10:32:36.902314,BUY_YES,KXHIGHNY-25DEC10-B46.5,69.0,1,0.02,0.71,MM,1.0,125.76000000000012,0.5,68.5,
2025-12-10 10:34:53.485814,BUY_YES,KXHIGHNY-25DEC10-B46.5,69.0,1,0.02,0.71,MM,1.0,125.05000000000013,1.5,67.5,
2025-12-10 10:34:58.453252,BUY_YES,KXHIGHNY-25DEC10-B46.5,68.0,2,0.04,1.4000000000000001,MM,1.0,123.65000000000012,0.5,67.5,
2025-12-10 10:35:01.388901,BUY_YES,KXHIGHNY-25DEC10-B46.5,68.0,1,0.02,0.7000000000000001,MM,1.0,122.95000000000012,0.5,67.5,
2025-12-10 10:40:55.518632,BUY_YES,KXHIGHNY-25DEC10-B44.5,12.0,4,0.03,0.51,MM,1.0,122.44000000000011,1.5,10.5,
2025-12-10 10:44:09.640475,BUY_NO,KXHIGHNY-25DEC10-T47,84.0,1,0.01,0.85,MM,2.0,121.59000000000012,1.0,17.0,
2025-12-10 10:44:12.519156,BUY_NO,KXHIGHNY-25DEC10-T47,84.0,1,0.01,0.85,MM,1.0,120.74000000000012,1.5,17.5,
2025-12-10 10:44:20.519231,BUY_NO,KXHIGHNY-25DEC10-T47,83.0,1,0.01,0.84,MM,1.0,119.90000000000012,0.5,17.5,
2025-12-10 10:44:29.315665,BUY_NO,KXHIGHNY-25DEC10-T47,83.0,1,0.01,0.84,MM,2.0,119.06000000000012,1.0,18.0,
2025-12-10 10:44:32.176916,BUY_NO,KXHIGHNY-25DEC10-T47,83.0,1,0.01,0.84,MM,1.0,118.22000000000011,0.5,17.5,
2025-12-10 10:44:34.408228,BUY_YES,KXHIGHNY-25DEC10-B46.5,73.0,1,0.02,0.75,MM,7.0,117.47000000000011,3.5,69.5,
2025-12-10 10:49:54.419917,BUY_YES,KXHIGHNY-25DEC10-B46.5,69.0,2,0.03,1.41,MM,1.0,116.06000000000012,1.5,67.5,
2025-12-12 09:46:29.899106,BUY_NO,KXHIGHNY-25DEC12-B32.5,95.0,3,0.01,2.8599999999999994,MM,3.0,282.2000000000001,1.5,6.5,
2025-12-12 09:46:33.979777,BUY_NO,KXHIGHNY-25DEC12-B32.5,94.0,6,0.03,5.67,MM,1.0,276.5300000000001,0.5,6.5,
2025-12-12 09:53:23.423322,BUY_NO,KXHIGHNY-25DEC12-B34.5,45.0,35,0.61,16.36,MM,2.0,260.1700000000001,1.0,56.0,
2025-12-12 09:53:23.479492,BUY_NO,KXHIGHNY-25DEC12-B34.5,45.0,28,0.49,13.09,MM,1.0,247.08000000000007,1.5,56.5,
2025-12-12 09:53:29.585480,BUY_NO,KXHIGHNY-25DEC12-B34.5,44.0,24,0.42,10.98,MM,2.0,236.10000000000008,1.0,57.0,
2025-12-12 09:53:29.585998,BUY_NO,KXHIGHNY-25DEC12-B34.5,44.0,20,0.35,9.15,MM,3.0,226.95000000000007,1.5,57.5,
2025-12-12 09:53:29.922717,BUY_NO,KXHIGHNY-25DEC12-B34.5,44.0,18,0.32,8.24,MM,2.0,218.71000000000006,2.0,58.0,
2025-12-12 09:53:30.759899,BUY_NO,KXHIGHNY-25DEC12-B34.5,43.0,17,0.3,7.609999999999999,MM,1.0,211.10000000000008,1.5,58.5,
2025-12-12 09:53:34.597357,BUY_YES,KXHIGHNY-25DEC12-B36.5,40.0,30,0.51,12.51,MM,6.0,198.5900000000001,3.0,37.0,
2025-12-12 09:53:39.197035,BUY_NO,KXHIGHNY-25DEC12-B34.5,42.0,16,0.28,7.0,MM,2.0,191.5900000000001,1.0,59.0,
2025-12-12 09:53:39.197196,BUY_NO,KXHIGHNY-25DEC12-B34.5,42.0,14,0.24,6.12,MM,1.0,185.47000000000008,1.5,59.5,
2025-12-12 09:53:39.591238,BUY_YES,KXHIGHNY-25DEC12-B36.5,41.0,22,0.38,9.4,MM,4.0,176.07000000000008,3.0,38.0,
2025-12-12 09:53:41.048150,BUY_YES,KXHIGHNY-25DEC12-B36.5,40.0,19,0.32,7.920000000000001,MM,5.0,168.1500000000001,2.5,37.5,
2025-12-12 09:53:41.107875,BUY_YES,KXHIGHNY-25DEC12-B36.5,40.0,17,0.29,7.090000000000001,MM,4.0,161.0600000000001,3.0,37.0,
2025-12-12 09:53:41.236528,BUY_YES,KXHIGHNY-25DEC12-B36.5,40.0,15,0.26,6.26,MM,4.0,154.8000000000001,3.0,37.0,
2025-12-12 09:53:41.430426,BUY_YES,KXHIGHNY-25DEC12-B36.5,40.0,9,0.16,3.7600000000000002,MM,4.0,151.0400000000001,3.0,37.0,
2025-12-12 09:53:41.755184,BUY_YES,KXHIGHNY-25DEC12-B36.5,40.0,3,0.06,1.2600000000000002,MM,4.0,149.78000000000011,3.0,37.0,
2025-12-12 09:53:45.775078,BUY_NO,KXHIGHNY-25DEC12-B34.5,41.0,13,0.23,5.5600000000000005,MM,2.0,144.2200000000001,1.0,60.0,
2025-12-12 09:53:46.456280,BUY_NO,KXHIGHNY-25DEC12-B34.5,41.0,10,0.17,4.27,MM,1.0,139.9500000000001,1.5,60.5,
2025-12-12 09:53:52.546148,BUY_NO,KXHIGHNY-25DEC12-B34.5,40.0,10,0.17,4.17,MM,2.0,135.78000000000011,1.0,61.0,
2025-12-12 09:53:52.546293,BUY_NO,KXHIGHNY-25DEC12-B34.5,40.0,9,0.16,3.7600000000000002,MM,1.0,132.02000000000012,1.5,61.5,
2025-12-12 09:53:52.759635,BUY_NO,KXHIGHNY-25DEC12-B34.5,39.0,9,0.15,3.66,MM,2.0,128.36000000000013,1.0,62.0,
2025-12-12 09:53:52.759867,BUY_NO,KXHIGHNY-25DEC12-B34.5,39.0,8,0.14,3.2600000000000002,MM,1.0,125.10000000000012,1.5,62.5,
2025-12-12 09:54:00.690466,BUY_NO,KXHIGHNY-25DEC12-B34.5,38.0,8,0.14,3.18,MM,7.0,121.92000000000012,3.5,65.5,
2025-12-12 09:54:00.856325,BUY_NO,KXHIGHNY-25DEC12-B34.5,38.0,8,0.14,3.18,MM,4.0,118.74000000000011,3.0,65.0,
2025-12-12 09:54:00.985688,BUY_NO,KXHIGHNY-25DEC12-B34.5,37.0,8,0.14,3.1,MM,7.0,115.64000000000011,3.5,66.5,
2025-12-12 09:54:01.173824,BUY_NO,KXHIGHNY-25DEC12-B34.5,37.0,5,0.09,1.9400000000000002,MM,4.0,113.70000000000012,2.0,65.0,
2025-12-12 09:54:01.674894,BUY_NO,KXHIGHNY-25DEC12-B34.5,37.0,3,0.05,1.16,MM,3.0,112.54000000000012,2.5,65.5,
2025-12-12 09:54:01.728216,BUY_NO,KXHIGHNY-25DEC12-B34.5,36.0,2,0.04,0.76,MM,2.0,111.78000000000011,1.0,65.0,
2025-12-12 09:54:01.881234,BUY_NO,KXHIGHNY-25DEC12-B34.5,36.0,1,0.02,0.38,MM,6.0,111.40000000000012,3.0,67.0,
2025-12-12 09:54:02.045172,BUY_NO,KXHIGHNY-25DEC12-B34.5,36.0,1,0.02,0.38,MM,5.0,111.02000000000012,2.5,66.5,
2025-12-12 10:20:12.389347,BUY_YES,KXHIGHNY-25DEC12-B38.5,1.0,90,0.07,0.97,MM,1.0,110.05000000000013,0.5,0.5,
2025-12-12 10:34:14.715723,BUY_NO,KXHIGHNY-25DEC12-B34.5,51.0,1,0.02,0.53,MM,3.0,109.52000000000012,1.5,50.5,
2025-12-12 10:34:14.780340,BUY_NO,KXHIGHNY-25DEC12-B34.5,51.0,1,0.02,0.53,MM,2.0,108.99000000000012,1.0,50.0,
2025-12-12 10:43:20.817086,BUY_YES,KXHIGHNY-25DEC12-B36.5,48.0,1,0.02,0.5,MM,1.0,108.49000000000012,1.5,46.5,
2025-12-12 10:53:38.432808,BUY_NO,KXHIGHNY-25DEC12-B34.5,41.0,4,0.07,1.71,MM,11.0,106.78000000000013,5.5,64.5,
2025-12-12 10:53:58.082064,BUY_YES,KXHIGHNY-25DEC12-B36.5,29.0,6,0.09,1.8299999999999998,MM,2.0,104.95000000000013,1.0,28.0,
2025-12-12 10:53:59.150266,BUY_YES,KXHIGHNY-25DEC12-B36.5,29.0,5,0.08,1.53,MM,1.0,103.42000000000013,1.5,27.5,
2025-12-12 10:54:04.935386,BUY_YES,KXHIGHNY-25DEC12-B36.5,29.0,2,0.03,0.61,MM,1.0,102.81000000000013,1.5,27.5,
2025-12-12 10:54:14.352107,BUY_YES,KXHIGHNY-25DEC12-B36.5,28.0,4,0.06,1.1800000000000002,MM,3.0,101.63000000000012,1.5,26.5,
2025-12-12 10:54:15.472699,BUY_NO,KXHIGHNY-25DEC12-B34.5,25.0,9,0.12,2.37,MM,2.0,99.26000000000012,2.0,77.0,
2025-12-12 10:54:15.599987,BUY_NO,KXHIGHNY-25DEC12-B34.5,24.0,9,0.12,2.2800000000000002,MM,1.0,96.98000000000012,1.5,77.5,
2025-12-12 10:54:15.732172,BUY_YES,KXHIGHNY-25DEC12-B36.5,28.0,3,0.05,0.8900000000000001,MM,2.0,96.09000000000012,2.0,26.0,
2025-12-12 10:54:17.046264,BUY_YES,KXHIGHNY-25DEC12-B36.5,27.0,5,0.07,1.4200000000000002,MM,4.0,94.67000000000012,2.0,25.0,
2025-12-12 10:54:17.153328,BUY_YES,KXHIGHNY-25DEC12-B36.5,27.0,3,0.05,0.8600000000000001,MM,3.0,93.81000000000012,2.5,24.5,
2025-12-12 10:54:17.185103,BUY_YES,KXHIGHNY-25DEC12-B36.5,26.0,5,0.07,1.37,MM,2.0,92.44000000000011,2.0,24.0,
2025-12-12 10:54:20.265072,BUY_YES,KXHIGHNY-25DEC12-B36.5,26.0,2,0.03,0.55,MM,3.0,91.89000000000011,1.5,24.5,
2025-12-12 10:54:32.594274,BUY_NO,KXHIGHNY-25DEC12-B34.5,28.0,7,0.1,2.06,MM,6.0,89.83000000000011,3.0,75.0,
2025-12-12 10:54:46.039903,BUY_NO,KXHIGHNY-25DEC12-B34.5,29.0,1,0.02,0.31,MM,7.0,89.52000000000011,3.5,74.5,
2025-12-12 10:54:47.579190,BUY_NO,KXHIGHNY-25DEC12-B34.5,28.0,1,0.02,0.30000000000000004,MM,4.0,89.22000000000011,2.0,74.0,
2025-12-12 10:54:50.445994,BUY_YES,KXHIGHNY-25DEC12-B36.5,22.0,4,0.05,0.93,MM,3.0,88.2900000000001,1.5,20.5,
2025-12-12 10:54:50.446093,BUY_YES,KXHIGHNY-25DEC12-B36.5,22.0,3,0.04,0.7000000000000001,MM,4.0,87.5900000000001,2.0,20.0,
2025-12-12 10:54:50.446156,BUY_YES,KXHIGHNY-25DEC12-B36.5,22.0,2,0.03,0.47,MM,9.0,87.1200000000001,4.5,17.5,
2025-12-12 10:55:02.275328,BUY_YES,KXHIGHNY-25DEC12-B36.5,20.0,3,0.04,0.6400000000000001,MM,6.0,86.4800000000001,3.0,17.0,
2025-12-12 10:55:08.195370,BUY_YES,KXHIGHNY-25DEC12-B36.5,18.0,2,0.03,0.39,MM,4.0,86.0900000000001,2.0,16.0,
2025-12-12 10:57:36.979894,BUY_NO,KXHIGHNY-25DEC12-B34.5,25.0,7,0.1,1.85,MM,3.0,84.24000000000011,1.5,76.5,
2025-12-12 10:57:36.980216,BUY_NO,KXHIGHNY-25DEC12-B34.5,25.0,6,0.08,1.58,MM,4.0,82.66000000000011,2.0,77.0,
2025-12-12 10:57:39.047375,BUY_NO,KXHIGHNY-25DEC12-B34.5,25.0,5,0.07,1.32,MM,3.0,81.34000000000012,2.5,77.5,
2025-12-12 10:57:39.189517,BUY_NO,KXHIGHNY-25DEC12-B34.5,24.0,6,0.08,1.52,MM,2.0,79.82000000000012,1.0,77.0,
2025-12-12 10:57:47.819177,BUY_NO,KXHIGHNY-25DEC12-B34.5,24.0,5,0.07,1.27,MM,1.0,78.55000000000013,1.5,77.5,
2025-12-12 10:58:23.247394,BUY_NO,KXHIGHNY-25DEC12-B34.5,24.0,3,0.04,0.76,MM,2.0,77.79000000000012,1.0,77.0,
2025-12-12 10:58:25.485344,BUY_NO,KXHIGHNY-25DEC12-B34.5,24.0,2,0.03,0.51,MM,1.0,77.28000000000011,1.5,77.5,
2025-12-12 10:58:25.972384,BUY_NO,KXHIGHNY-25DEC12-B34.5,23.0,3,0.04,0.7300000000000001,MM,2.0,76.55000000000011,1.0,78.0,
2025-12-12 10:58:28.557401,BUY_NO,KXHIGHNY-25DEC12-B34.5,23.0,2,0.03,0.49,MM,1.0,76.06000000000012,0.5,77.5,
2025-12-12 10:58:30.558861,BUY_NO,KXHIGHNY-25DEC12-B34.5,23.0,1,0.02,0.25,MM,2.0,75.81000000000012,1.0,78.0,
2025-12-13 09:04:52.473661,BUY_YES,KXHIGHNY-25DEC13-B38.5,39.0,1,0.02,0.41000000000000003,MM,3.0,84.40000000000012,2.5,36.5,
2025-12-13 09:04:53.804908,BUY_YES,KXHIGHNY-25DEC13-B38.5,38.0,3,0.05,1.1900000000000002,MM,2.0,83.21000000000012,2.0,36.0,
2025-12-13 09:05:57.197027,BUY_NO,KXHIGHNY-25DEC13-B40.5,45.0,1,0.02,0.47000000000000003,MM,3.0,82.74000000000012,1.5,56.5,
2025-12-13 09:05:59.439726,BUY_NO,KXHIGHNY-25DEC13-B40.5,44.0,1,0.02,0.46,MM,2.0,82.28000000000013,2.0,58.0,
2025-12-13 09:05:59.596908,BUY_NO,KXHIGHNY-25DEC13-B40.5,43.0,3,0.06,1.35,MM,1.0,80.93000000000013,0.5,57.5,
2025-12-13 09:06:03.815175,BUY_NO,KXHIGHNY-25DEC13-B40.5,43.0,2,0.04,0.9,MM,2.0,80.03000000000013,1.0,58.0,
2025-12-13 09:06:03.891532,BUY_NO,KXHIGHNY-25DEC13-B40.5,43.0,1,0.02,0.45,MM,1.0,79.58000000000013,0.5,57.5,
2025-12-13 09:14:02.712743,BUY_NO,KXHIGHNY-25DEC13-B40.5,36.0,2,0.04,0.76,MM,5.0,78.82000000000012,2.5,66.5,
2025-12-13 09:14:02.736338,BUY_NO,KXHIGHNY-25DEC13-B40.5,36.0,1,0.02,0.38,MM,4.0,78.44000000000013,2.0,66.0,
2025-12-13 09:14:05.493458,BUY_NO,KXHIGHNY-25DEC13-B40.5,35.0,2,0.04,0.74,MM,2.0,77.70000000000013,1.0,66.0,
2025-12-13 09:14:05.520376,BUY_NO,KXHIGHNY-25DEC13-B40.5,35.0,1,0.02,0.37,MM,1.0,77.33000000000013,0.5,65.5,
2025-12-13 09:22:05.496697,BUY_NO,KXHIGHNY-25DEC13-B42.5,92.0,1,0.01,0.93,MM,3.0,76.40000000000012,1.5,9.5,
2025-12-13 09:22:09.721824,BUY_NO,KXHIGHNY-25DEC13-B42.5,92.0,1,0.01,0.93,MM,5.0,75.47000000000011,2.5,10.5,
2025-12-13 09:23:17.294203,BUY_YES,KXHIGHNY-25DEC13-B38.5,40.0,1,0.02,0.42000000000000004,MM,6.0,75.05000000000011,3.0,37.0,
2025-12-13 09:27:41.158667,BUY_YES,KXHIGHNY-25DEC13-B38.5,33.0,5,0.08,1.7300000000000002,MM,1.0,73.3200000000001,1.5,31.5,
2025-12-13 09:31:30.942079,BUY_NO,KXHIGHNY-25DEC13-B40.5,38.0,4,0.07,1.59,MM,6.0,71.7300000000001,3.0,65.0,
2025-12-13 09:31:31.843651,BUY_NO,KXHIGHNY-25DEC13-B40.5,38.0,2,0.04,0.8,MM,5.0,70.9300000000001,3.5,65.5,
2025-12-13 09:31:32.717337,BUY_NO,KXHIGHNY-25DEC13-B40.5,37.0,4,0.07,1.55,MM,4.0,69.38000000000011,3.0,66.0,
2025-12-13 09:31:39.270032,BUY_NO,KXHIGHNY-25DEC13-B40.5,36.0,5,0.09,1.89,MM,5.0,67.49000000000011,2.5,66.5,
2025-12-13 09:31:39.608410,BUY_NO,KXHIGHNY-25DEC13-B40.5,35.0,5,0.08,1.83,MM,3.0,65.66000000000011,1.5,66.5,
2025-12-13 09:37:35.460596,BUY_NO,KXHIGHNY-25DEC13-B42.5,87.0,2,0.02,1.76,MM,2.0,63.90000000000011,1.0,14.0,
2025-12-13 09:37:35.498744,BUY_NO,KXHIGHNY-25DEC13-B42.5,87.0,1,0.01,0.88,MM,1.0,63.02000000000011,0.5,13.5,
2025-12-13 09:37:35.533826,BUY_NO,KXHIGHNY-25DEC13-B42.5,87.0,1,0.01,0.88,MM,2.0,62.14000000000011,1.0,14.0,
2025-12-13 09:37:35.558336,BUY_NO,KXHIGHNY-25DEC13-B42.5,87.0,1,0.01,0.88,MM,1.0,61.260000000000105,0.5,13.5,
2025-12-13 09:37:36.108637,BUY_NO,KXHIGHNY-25DEC13-B42.5,87.0,1,0.01,0.88,MM,2.0,60.3800000000001,1.0,14.0,
2025-12-13 09:37:36.442684,BUY_NO,KXHIGHNY-25DEC13-B42.5,87.0,1,0.01,0.88,MM,1.0,59.5000000000001,0.5,13.5,
2025-12-13 09:37:36.469703,BUY_NO,KXHIGHNY-25DEC13-B42.5,87.0,1,0.01,0.88,MM,2.0,58.6200000000001,1.0,14.0,
2025-12-13 09:37:36.515699,BUY_NO,KXHIGHNY-25DEC13-B42.5,87.0,1,0.01,0.88,MM,1.0,57.740000000000094,0.5,13.5,
2025-12-13 09:37:36.572936,BUY_NO,KXHIGHNY-25DEC13-B42.5,87.0,1,0.01,0.88,MM,2.0,56.86000000000009,1.0,14.0,
2025-12-13 09:44:11.162001,BUY_NO,KXHIGHNY-25DEC13-B40.5,28.0,3,0.05,0.8900000000000001,MM,1.0,55.97000000000009,1.5,73.5,
2025-12-13 09:44:18.651862,BUY_NO,KXHIGHNY-25DEC13-B40.5,27.0,5,0.07,1.4200000000000002,MM,2.0,54.55000000000009,1.0,74.0,
2025-12-13 09:44:18.652047,BUY_NO,KXHIGHNY-25DEC13-B40.5,27.0,4,0.06,1.1400000000000001,MM,1.0,53.41000000000009,1.5,74.5,
2025-12-13 09:44:25.328238,BUY_NO,KXHIGHNY-25DEC13-B40.5,26.0,6,0.09,1.6500000000000001,MM,6.0,51.76000000000009,3.0,77.0,
2025-12-13 09:44:25.328394,BUY_NO,KXHIGHNY-25DEC13-B40.5,26.0,5,0.07,1.37,MM,5.0,50.39000000000009,3.5,77.5,
2025-12-13 09:44:25.349605,BUY_NO,KXHIGHNY-25DEC13-B40.5,25.0,6,0.08,1.58,MM,4.0,48.810000000000095,2.0,77.0,
2025-12-13 09:44:25.402223,BUY_NO,KXHIGHNY-25DEC13-B40.5,25.0,5,0.07,1.32,MM,5.0,47.490000000000094,2.5,77.5,
2025-12-13 09:44:25.402370,BUY_NO,KXHIGHNY-25DEC13-B40.5,25.0,3,0.04,0.79,MM,3.0,46.700000000000095,1.5,76.5,
2025-12-13 09:44:25.454224,BUY_NO,KXHIGHNY-25DEC13-B40.5,25.0,2,0.03,0.53,MM,2.0,46.170000000000094,2.0,77.0,
2025-12-13 09:44:26.274314,BUY_NO,KXHIGHNY-25DEC13-B40.5,24.0,3,0.04,0.76,MM,1.0,45.410000000000096,1.5,77.5,
2025-12-13 09:44:26.701397,BUY_NO,KXHIGHNY-25DEC13-B40.5,24.0,1,0.02,0.26,MM,3.0,45.1500000000001,1.5,77.5,
2025-12-13 09:44:29.278516,BUY_YES,KXHIGHNY-25DEC13-B38.5,17.0,2,0.02,0.36000000000000004,MM,2.0,44.7900000000001,2.0,15.0,
2025-12-13 09:44:32.041782,BUY_YES,KXHIGHNY-25DEC13-B38.5,16.0,4,0.04,0.68,MM,1.0,44.1100000000001,0.5,15.5,
2025-12-13 09:45:18.385324,BUY_YES,KXHIGHNY-25DEC13-B38.5,14.0,3,0.03,0.45000000000000007,MM,2.0,43.660000000000096,1.0,13.0,
2025-12-13 09:47:38.717831,BUY_YES,KXHIGHNY-25DEC13-B38.5,9.0,15,0.09,1.44,MM,4.0,42.2200000000001,2.0,7.0,
2025-12-13 09:47:42.906634,BUY_YES,KXHIGHNY-25DEC13-B38.5,10.0,3,0.02,0.32000000000000006,MM,6.0,41.9000000000001,3.0,7.0,
2025-12-13 09:47:45.499884,BUY_YES,KXHIGHNY-25DEC13-B38.5,9.0,8,0.05,0.77,MM,6.0,41.130000000000095,3.0,6.0,
2025-12-13 09:48:05.439251,BUY_YES,KXHIGHNY-25DEC13-B38.5,8.0,12,0.07,1.03,MM,4.0,40.100000000000094,3.0,5.0,
2025-12-13 09:48:05.589750,BUY_YES,KXHIGHNY-25DEC13-B38.5,8.0,7,0.04,0.6000000000000001,MM,4.0,39.50000000000009,3.0,5.0,
2025-12-13 09:48:16.097640,BUY_YES,KXHIGHNY-25DEC13-B38.5,8.0,2,0.02,0.18,MM,4.0,39.32000000000009,2.0,6.0,
2025-12-13 09:48:22.962053,BUY_YES,KXHIGHNY-25DEC13-B38.5,7.0,4,0.02,0.30000000000000004,MM,2.0,39.020000000000095,2.0,5.0,
2025-12-13 09:49:08.047873,BUY_YES,KXHIGHNY-25DEC13-B38.5,6.0,3,0.02,0.19999999999999998,MM,1.0,38.82000000000009,1.5,4.5,
2025-12-13 09:49:15.542248,BUY_YES,KXHIGHNY-25DEC13-B38.5,5.0,9,0.03,0.48,MM,1.0,38.340000000000096,0.5,4.5,
2025-12-13 09:56:04.958231,BUY_NO,KXHIGHNY-25DEC13-B42.5,76.0,1,0.02,0.78,MM,8.0,37.560000000000095,4.0,28.0,
2025-12-13 09:56:11.194926,BUY_NO,KXHIGHNY-25DEC13-B42.5,77.0,1,0.02,0.79,MM,11.0,36.770000000000095,5.5,28.5,
2025-12-13 09:56:15.270196,BUY_NO,KXHIGHNY-25DEC13-B42.5,71.0,2,0.03,1.45,MM,3.0,35.32000000000009,1.5,30.5,
2025-12-13 09:56:15.304163,BUY_NO,KXHIGHNY-25DEC13-B42.5,71.0,1,0.02,0.73,MM,2.0,34.590000000000096,1.0,30.0,
2025-12-13 09:56:16.313701,BUY_NO,KXHIGHNY-25DEC13-B42.5,71.0,1,0.02,0.73,MM,1.0,33.8600000000001,0.5,29.5,
2025-12-13 09:56:17.469421,BUY_NO,KXHIGHNY-25DEC13-B42.5,71.0,1,0.02,0.73,MM,5.0,33.1300000000001,2.5,31.5,
2025-12-13 09:56:17.492470,BUY_NO,KXHIGHNY-25DEC13-B42.5,71.0,1,0.02,0.73,MM,4.0,32.400000000000105,2.0,31.0,
2025-12-13 09:56:17.536208,BUY_NO,KXHIGHNY-25DEC13-B42.5,71.0,1,0.02,0.73,MM,5.0,31.670000000000105,2.5,31.5,
2025-12-13 09:56:17.560985,BUY_NO,KXHIGHNY-25DEC13-B42.5,71.0,1,0.02,0.73,MM,4.0,30.940000000000104,2.0,31.0,
2025-12-13 09:56:18.847957,BUY_NO,KXHIGHNY-25DEC13-B42.5,71.0,1,0.02,0.73,MM,5.0,30.210000000000104,2.5,31.5,
2025-12-13 09:56:18.857257,BUY_NO,KXHIGHNY-25DEC13-B42.5,71.0,1,0.02,0.73,MM,3.0,29.480000000000103,1.5,30.5,
2025-12-13 09:56:18.980882,BUY_NO,KXHIGHNY-25DEC13-B42.5,71.0,1,0.02,0.73,MM,2.0,28.750000000000103,1.0,30.0,
2025-12-13 10:53:34.487766,BUY_NO,KXHIGHNY-25DEC13-B40.5,16.0,1,0.01,0.17,MM,1.0,28.5800000000001,1.5,85.5,
2025-12-13 10:53:48.268395,BUY_NO,KXHIGHNY-25DEC13-B40.5,16.0,1,0.01,0.17,MM,2.0,28.4100000000001,1.0,85.0,
2025-12-13 10:55:35.446164,BUY_NO,KXHIGHNY-25DEC13-B40.5,12.0,1,0.01,0.13,MM,1.0,28.2800000000001,0.5,88.5,
2025-12-14 09:40:19.953788,BUY_NO,KXHIGHNY-25DEC14-T34,9.0,9,0.06,0.8699999999999999,MM,1.0,52.4100000000001,0.5,91.5,
2025-12-14 09:40:25.348431,BUY_NO,KXHIGHNY-25DEC14-T34,9.0,7,0.05,0.68,MM,1.0,51.7300000000001,0.5,91.5,
2025-12-14 09:40:28.964032,BUY_NO,KXHIGHNY-25DEC14-T34,9.0,5,0.03,0.48,MM,2.0,51.25000000000011,1.0,92.0,
2025-12-14 09:40:29.004130,BUY_NO,KXHIGHNY-25DEC14-T34,9.0,3,0.02,0.29000000000000004,MM,4.0,50.96000000000011,2.0,93.0,
2025-12-14 09:40:30.914633,BUY_NO,KXHIGHNY-25DEC14-T34,8.0,5,0.03,0.43000000000000005,MM,2.0,50.53000000000011,1.0,93.0,
2025-12-14 09:40:31.070946,BUY_NO,KXHIGHNY-25DEC14-T34,8.0,3,0.02,0.26,MM,1.0,50.27000000000011,1.5,93.5,
2025-12-14 09:40:36.909218,BUY_NO,KXHIGHNY-25DEC14-T34,7.0,10,0.05,0.7500000000000001,MM,1.0,49.52000000000011,0.5,93.5,
2025-12-14 09:40:42.166699,BUY_NO,KXHIGHNY-25DEC14-T34,7.0,6,0.03,0.45000000000000007,MM,2.0,49.07000000000011,1.0,94.0,
2025-12-14 09:40:42.166966,BUY_NO,KXHIGHNY-25DEC14-T34,7.0,4,0.02,0.30000000000000004,MM,1.0,48.77000000000011,1.5,94.5,
2025-12-14 09:40:45.361881,BUY_NO,KXHIGHNY-25DEC14-T34,6.0,10,0.04,0.64,MM,2.0,48.13000000000011,1.0,95.0,
2025-12-14 09:40:45.362027,BUY_NO,KXHIGHNY-25DEC14-T34,6.0,7,0.03,0.44999999999999996,MM,1.0,47.680000000000106,1.5,95.5,
2025-12-14 09:57:42.045729,BUY_NO,KXHIGHNY-25DEC14-B34.5,87.0,1,0.01,0.88,MM,3.0,46.800000000000104,1.5,14.5,
2025-12-14 10:18:54.865562,BUY_NO,KXHIGHNY-25DEC14-T34,6.0,12,0.05,0.77,MM,1.0,46.0300000000001,0.5,94.5,
2025-12-14 10:22:16.621742,BUY_NO,KXHIGHNY-25DEC14-T34,6.0,7,0.03,0.44999999999999996,MM,1.0,45.5800000000001,0.5,94.5,
2025-12-15 09:11:01.360425,BUY_YES,KXHIGHNY-25DEC15-B26.5,7.0,9,0.05,0.6800000000000002,MM,1.0,45.9000000000001,0.5,6.5,
2025-12-15 09:11:05.914340,BUY_YES,KXHIGHNY-25DEC15-B26.5,7.0,8,0.04,0.6000000000000001,MM,2.0,45.3000000000001,1.0,6.0,
2025-12-15 09:13:59.690989,BUY_YES,KXHIGHNY-25DEC15-B26.5,6.0,16,0.07,1.03,MM,2.0,44.270000000000095,1.0,5.0,
2025-12-15 09:14:01.416146,BUY_YES,KXHIGHNY-25DEC15-B26.5,6.0,12,0.05,0.77,MM,2.0,43.50000000000009,1.0,5.0,
2025-12-15 09:14:01.744350,BUY_YES,KXHIGHNY-25DEC15-B26.5,6.0,8,0.04,0.52,MM,1.0,42.98000000000009,0.5,5.5,
2025-12-15 09:14:02.641905,BUY_YES,KXHIGHNY-25DEC15-B26.5,6.0,6,0.03,0.39,MM,2.0,42.59000000000009,1.0,5.0,
2025-12-15 09:14:05.521394,BUY_YES,KXHIGHNY-25DEC15-B26.5,6.0,4,0.02,0.26,MM,1.0,42.33000000000009,0.5,5.5,
2025-12-15 09:14:07.042631,BUY_YES,KXHIGHNY-25DEC15-B26.5,6.0,3,0.02,0.19999999999999998,MM,2.0,42.13000000000009,1.0,5.0,
2025-12-15 09:19:15.199002,BUY_NO,KXHIGHNY-25DEC15-B28.5,25.0,2,0.03,0.53,MM,2.0,41.60000000000009,1.0,76.0,
2025-12-15 09:19:15.199343,BUY_NO,KXHIGHNY-25DEC15-B28.5,25.0,2,0.03,0.53,MM,1.0,41.070000000000086,1.5,76.5,
2025-12-15 09:19:16.596527,BUY_NO,KXHIGHNY-25DEC15-B28.5,24.0,3,0.04,0.76,MM,1.0,40.31000000000009,0.5,76.5,
2025-12-15 09:19:20.369809,BUY_NO,KXHIGHNY-25DEC15-B28.5,24.0,2,0.03,0.51,MM,1.0,39.80000000000009,0.5,76.5,
2025-12-15 09:21:24.931903,BUY_YES,KXHIGHNY-25DEC15-B32.5,2.0,10,0.02,0.22,MM,1.0,39.58000000000009,0.5,1.5,
2025-12-15 09:21:27.186508,BUY_YES,KXHIGHNY-25DEC15-B26.5,4.0,2,0.01,0.09,MM,2.0,39.49000000000009,1.0,3.0,
2025-12-15 09:29:46.579789,BUY_YES,KXHIGHNY-25DEC15-B30.5,21.0,6,0.07,1.33,MM,3.0,38.16000000000009,1.5,19.5,
2025-12-15 09:29:47.635367,BUY_YES,KXHIGHNY-25DEC15-B30.5,21.0,5,0.06,1.11,MM,4.0,37.05000000000009,2.0,19.0,
2025-12-15 09:29:48.506395,BUY_YES,KXHIGHNY-25DEC15-B30.5,21.0,4,0.05,0.89,MM,3.0,36.16000000000009,2.5,18.5,
2025-12-15 09:29:58.732320,BUY_YES,KXHIGHNY-25DEC15-B30.5,20.0,2,0.03,0.43000000000000005,MM,3.0,35.73000000000009,1.5,18.5,
2025-12-15 09:48:56.997813,BUY_YES,KXHIGHNY-25DEC15-B26.5,2.0,13,0.02,0.28,MM,1.0,35.45000000000009,0.5,1.5,
2025-12-15 09:48:57.038466,BUY_YES,KXHIGHNY-25DEC15-B26.5,2.0,9,0.02,0.19999999999999998,MM,2.0,35.250000000000085,1.0,1.0,
2025-12-15 09:48:57.038628,BUY_YES,KXHIGHNY-25DEC15-B26.5,2.0,5,0.01,0.11,MM,1.0,35.140000000000086,1.5,0.5,
2025-12-15 10:07:18.603111,BUY_YES,KXHIGHNY-25DEC15-B30.5,65.0,1,0.02,0.67,MM,3.0,34.470000000000084,2.5,62.5,
2025-12-15 10:07:22.883416,BUY_NO,KXHIGHNY-25DEC15-B28.5,72.0,1,0.02,0.74,MM,7.0,33.73000000000008,3.5,31.5,
2025-12-15 10:07:26.067974,BUY_NO,KXHIGHNY-25DEC15-B28.5,71.0,1,0.02,0.73,MM,7.0,33.000000000000085,3.5,32.5,
2025-12-15 10:07:26.759944,BUY_NO,KXHIGHNY-25DEC15-B28.5,71.0,1,0.02,0.73,MM,5.0,32.27000000000009,2.5,31.5,
2025-12-15 10:07:26.967241,BUY_YES,KXHIGHNY-25DEC15-B30.5,63.0,1,0.02,0.65,MM,1.0,31.62000000000009,1.5,61.5,
2025-12-15 10:07:50.934587,BUY_NO,KXHIGHNY-25DEC15-B28.5,62.0,1,0.02,0.64,MM,7.0,30.98000000000009,3.5,41.5,
2025-12-15 10:07:50.963201,BUY_NO,KXHIGHNY-25DEC15-B28.5,62.0,1,0.02,0.64,MM,6.0,30.34000000000009,3.0,41.0,
2025-12-15 10:07:53.348941,BUY_NO,KXHIGHNY-25DEC15-B28.5,62.0,1,0.02,0.64,MM,5.0,29.700000000000088,3.5,41.5,
2025-12-15 10:07:53.462815,BUY_NO,KXHIGHNY-25DEC15-B28.5,61.0,1,0.02,0.63,MM,4.0,29.07000000000009,2.0,41.0,
2025-12-15 10:07:53.487114,BUY_NO,KXHIGHNY-25DEC15-B28.5,61.0,1,0.02,0.63,MM,3.0,28.44000000000009,1.5,40.5,
2025-12-15 10:07:54.199261,BUY_NO,KXHIGHNY-25DEC15-B28.5,61.0,1,0.02,0.63,MM,2.0,27.81000000000009,2.0,41.0,
2025-12-15 10:07:56.017272,BUY_NO,KXHIGHNY-25DEC15-B28.5,60.0,1,0.02,0.62,MM,1.0,27.19000000000009,0.5,40.5,
2025-12-15 10:07:58.351825,BUY_NO,KXHIGHNY-25DEC15-B28.5,60.0,1,0.02,0.62,MM,2.0,26.57000000000009,1.0,41.0,
2025-12-15 10:07:58.431900,BUY_NO,KXHIGHNY-25DEC15-B28.5,60.0,1,0.02,0.62,MM,1.0,25.950000000000088,0.5,40.5,
2025-12-15 10:07:59.087286,BUY_NO,KXHIGHNY-25DEC15-B28.5,60.0,1,0.02,0.62,MM,2.0,25.330000000000087,1.0,41.0,
2025-12-15 10:07:59.223264,BUY_NO,KXHIGHNY-25DEC15-B28.5,59.0,1,0.02,0.61,MM,1.0,24.720000000000088,0.5,41.5,
2025-12-15 10:07:59.259073,BUY_YES,KXHIGHNY-25DEC15-B30.5,62.0,1,0.02,0.64,MM,1.0,24.080000000000087,1.5,60.5,
2025-12-15 10:08:02.170314,BUY_YES,KXHIGHNY-25DEC15-B30.5,62.0,1,0.02,0.64,MM,1.0,23.440000000000087,1.5,60.5,
2025-12-15 10:08:08.320685,BUY_YES,KXHIGHNY-25DEC15-B30.5,61.0,1,0.02,0.63,MM,2.0,22.810000000000088,1.0,60.0,
2025-12-15 10:08:08.320945,BUY_YES,KXHIGHNY-25DEC15-B30.5,61.0,1,0.02,0.63,MM,1.0,22.18000000000009,1.5,59.5,
2025-12-15 10:08:10.128801,BUY_YES,KXHIGHNY-25DEC15-B30.5,61.0,1,0.02,0.63,MM,1.0,21.55000000000009,1.5,59.5,
2025-12-15 10:08:11.200818,BUY_YES,KXHIGHNY-25DEC15-B30.5,60.0,1,0.02,0.62,MM,9.0,20.93000000000009,4.5,55.5,
2025-12-15 10:08:23.354712,BUY_NO,KXHIGHNY-25DEC15-B28.5,56.0,1,0.02,0.5800000000000001,MM,14.0,20.350000000000087,7.0,51.0,
2025-12-15 10:08:24.743979,BUY_NO,KXHIGHNY-25DEC15-B28.5,56.0,1,0.02,0.5800000000000001,MM,6.0,19.77000000000009,4.0,48.0,
2025-12-15 10:08:26.573497,BUY_NO,KXHIGHNY-25DEC15-B28.5,55.0,1,0.02,0.5700000000000001,MM,16.0,19.200000000000088,8.0,53.0,
2025-12-15 10:08:31.419065,BUY_NO,KXHIGHNY-25DEC15-B28.5,53.0,1,0.02,0.55,MM,8.0,18.650000000000087,4.0,51.0,
2025-12-15 10:08:49.241047,BUY_NO,KXHIGHNY-25DEC15-B28.5,54.0,1,0.02,0.56,MM,8.0,18.09000000000009,4.0,50.0,
2025-12-15 10:09:12.237637,BUY_YES,KXHIGHNY-25DEC15-B30.5,51.0,1,0.02,0.53,MM,5.0,17.560000000000088,3.5,47.5,
2025-12-15 10:09:21.795127,BUY_YES,KXHIGHNY-25DEC15-B30.5,53.0,1,0.02,0.55,MM,6.0,17.010000000000087,3.0,50.0,
2025-12-15 10:09:21.922554,BUY_YES,KXHIGHNY-25DEC15-B30.5,53.0,1,0.02,0.55,MM,8.0,16.460000000000086,4.0,49.0,
2025-12-15 10:09:25.458970,BUY_YES,KXHIGHNY-25DEC15-B30.5,54.0,1,0.02,0.56,MM,9.0,15.900000000000086,4.5,49.5,
2025-12-15 10:09:28.239633,BUY_YES,KXHIGHNY-25DEC15-B30.5,52.0,1,0.02,0.54,MM,8.0,15.360000000000085,4.0,48.0,
2025-12-15 10:16:23.228374,BUY_YES,KXHIGHNY-25DEC15-B30.5,40.0,1,0.02,0.42000000000000004,MM,2.0,14.940000000000085,1.0,39.0,
2025-12-15 10:36:55.497786,BUY_YES,KXHIGHNY-25DEC15-B30.5,52.0,1,0.02,0.54,MM,1.0,14.400000000000084,1.5,50.5,
2025-12-15 10:37:19.506929,BUY_YES,KXHIGHNY-25DEC15-B30.5,48.0,1,0.02,0.5,MM,6.0,13.900000000000084,3.0,45.0,
2025-12-15 10:37:21.593219,BUY_YES,KXHIGHNY-25DEC15-B30.5,49.0,1,0.02,0.51,MM,6.0,13.390000000000084,4.0,45.0,
2025-12-15 10:37:24.957145,BUY_YES,KXHIGHNY-25DEC15-B30.5,48.0,1,0.02,0.5,MM,6.0,12.890000000000084,3.0,45.0,
2025-12-15 10:37:25.634654,BUY_YES,KXHIGHNY-25DEC15-B30.5,48.0,1,0.02,0.5,MM,5.0,12.390000000000084,2.5,45.5,
2025-12-15 10:44:29.208472,BUY_YES,KXHIGHNY-25DEC15-B30.5,44.0,1,0.02,0.46,MM,4.0,11.930000000000083,2.0,42.0,
2025-12-15 10:44:29.508347,BUY_YES,KXHIGHNY-25DEC15-B30.5,44.0,1,0.02,0.46,MM,3.0,11.470000000000082,2.5,41.5,
2025-12-15 10:44:33.169955,BUY_YES,KXHIGHNY-25DEC15-B30.5,43.0,1,0.02,0.45,MM,3.0,11.020000000000083,1.5,41.5,
2025-12-15 10:44:36.126562,BUY_YES,KXHIGHNY-25DEC15-B30.5,43.0,1,0.02,0.45,MM,2.0,10.570000000000084,1.0,42.0,
2025-12-15 10:51:50.619330,BUY_NO,KXHIGHNY-25DEC15-B28.5,54.0,1,0.02,0.56,MM,6.0,10.010000000000083,3.0,49.0,
2025-12-15 10:51:51.451838,BUY_NO,KXHIGHNY-25DEC15-B28.5,54.0,1,0.02,0.56,MM,5.0,9.450000000000083,2.5,48.5,
2025-12-15 15:00:06.775946,BUY_NO,KXHIGHNY-25DEC15-B28.5,7.0,6,0.03,0.45000000000000007,MM,4.0,9.000000000000083,2.0,95.0,
2025-12-15 15:00:44.286237,BUY_NO,KXHIGHNY-25DEC15-B28.5,9.0,4,0.03,0.39,MM,5.0,8.610000000000083,3.5,94.5,
2025-12-15 15:01:02.932536,BUY_NO,KXHIGHNY-25DEC15-B28.5,8.0,5,0.03,0.43000000000000005,MM,5.0,8.180000000000083,2.5,94.5,
2025-12-15 15:10:45.101785,BUY_NO,KXHIGHNY-25DEC15-B28.5,9.0,4,0.03,0.39,MM,5.0,7.7900000000000835,3.5,94.5,
2025-12-15 15:11:03.134094,BUY_NO,KXHIGHNY-25DEC15-B28.5,8.0,4,0.03,0.35,MM,5.0,7.440000000000084,2.5,94.5,
2025-12-15 15:12:25.662660,BUY_NO,KXHIGHNY-25DEC15-B28.5,9.0,3,0.02,0.29000000000000004,MM,5.0,7.150000000000084,3.5,94.5,
2025-12-15 15:14:49.780469,BUY_NO,KXHIGHNY-25DEC15-B28.5,9.0,3,0.02,0.29000000000000004,MM,5.0,6.860000000000084,3.5,94.5,
2025-12-15 15:15:02.234327,BUY_YES,KXHIGHNY-25DEC15-B30.5,8.0,3,0.02,0.26,MM,6.0,6.600000000000084,3.0,5.0,
2025-12-15 15:15:16.776304,BUY_NO,KXHIGHNY-25DEC15-B28.5,8.0,3,0.02,0.26,MM,5.0,6.340000000000084,2.5,94.5,
2025-12-15 15:16:04.117168,BUY_NO,KXHIGHNY-25DEC15-B28.5,8.0,1,0.01,0.09,MM,5.0,6.250000000000084,2.5,94.5,
2025-12-15 15:16:55.738904,BUY_YES,KXHIGHNY-25DEC15-B30.5,8.0,3,0.02,0.26,MM,6.0,5.990000000000085,3.0,5.0,
2025-12-15 15:16:55.829854,BUY_YES,KXHIGHNY-25DEC15-B30.5,8.0,3,0.02,0.26,MM,6.0,5.730000000000085,3.0,5.0,
2025-12-15 15:16:57.326802,BUY_YES,KXHIGHNY-25DEC15-B30.5,8.0,3,0.02,0.26,MM,4.0,5.470000000000085,3.0,5.0,
2025-12-15 15:17:01.338615,BUY_YES,KXHIGHNY-25DEC15-B30.5,7.0,3,0.02,0.23,MM,5.0,5.240000000000085,2.5,4.5,
2025-12-15 15:18:00.455837,BUY_YES,KXHIGHNY-25DEC15-B30.5,7.0,3,0.02,0.23,MM,3.0,5.010000000000084,1.5,5.5,
2025-12-15 15:18:01.063328,BUY_YES,KXHIGHNY-25DEC15-B30.5,9.0,2,0.02,0.19999999999999998,MM,6.0,4.810000000000084,3.0,6.0,
2025-12-15 15:18:01.385579,BUY_YES,KXHIGHNY-25DEC15-B30.5,9.0,2,0.02,0.19999999999999998,MM,6.0,4.610000000000084,3.0,6.0,
2025-12-15 15:18:06.368518,BUY_YES,KXHIGHNY-25DEC15-B30.5,9.0,1,0.01,0.09999999999999999,MM,6.0,4.510000000000084,3.0,6.0,
2025-12-15 15:18:06.576167,BUY_YES,KXHIGHNY-25DEC15-B30.5,9.0,1,0.01,0.09999999999999999,MM,6.0,4.4100000000000845,3.0,6.0,
2025-12-15 15:18:08.708416,BUY_YES,KXHIGHNY-25DEC15-B30.5,9.0,1,0.01,0.09999999999999999,MM,6.0,4.310000000000085,3.0,6.0,
2025-12-15 15:18:12.930870,BUY_YES,KXHIGHNY-25DEC15-B30.5,9.0,1,0.01,0.09999999999999999,MM,6.0,4.210000000000085,3.0,6.0,
2025-12-15 15:53:55.105569,BUY_NO,KXHIGHNY-25DEC15-B28.5,3.0,1,0.01,0.04,MM,1.0,4.170000000000085,1.5,98.5,
2025-12-15 16:09:40.604282,BUY_YES,KXHIGHNY-25DEC15-B30.5,2.0,4,0.01,0.09,MM,1.0,4.080000000000085,1.5,0.5,
2025-12-16 09:52:04.358914,BUY_YES,KXHIGHNY-25DEC16-B30.5,14.0,1,0.01,0.15000000000000002,MM,2.0,3.9300000000000854,2.0,12.0,
2025-12-16 09:52:05.381629,BUY_YES,KXHIGHNY-25DEC16-B30.5,13.0,1,0.01,0.14,MM,1.0,3.7900000000000853,1.5,11.5,
2025-12-16 09:58:09.049405,BUY_YES,KXHIGHNY-25DEC16-B30.5,15.0,1,0.01,0.16,MM,3.0,3.630000000000085,1.5,13.5,
2025-12-16 09:58:09.049624,BUY_YES,KXHIGHNY-25DEC16-B30.5,15.0,1,0.01,0.16,MM,2.0,3.470000000000085,2.0,13.0,
2025-12-16 09:58:09.323626,BUY_YES,KXHIGHNY-25DEC16-B30.5,14.0,1,0.01,0.15000000000000002,MM,1.0,3.320000000000085,0.5,13.5,
2025-12-16 09:58:10.538951,BUY_YES,KXHIGHNY-25DEC16-B30.5,14.0,1,0.01,0.15000000000000002,MM,2.0,3.170000000000085,1.0,13.0,
2025-12-16 09:58:11.428917,BUY_YES,KXHIGHNY-25DEC16-B30.5,14.0,1,0.01,0.15000000000000002,MM,1.0,3.0200000000000853,0.5,13.5,
2025-12-16 09:58:14.948841,BUY_YES,KXHIGHNY-25DEC16-B30.5,14.0,1,0.01,0.15000000000000002,MM,2.0,2.8700000000000854,1.0,13.0,
2025-12-16 09:58:14.949013,BUY_YES,KXHIGHNY-25DEC16-B30.5,14.0,1,0.01,0.15000000000000002,MM,1.0,2.7200000000000855,1.5,12.5,
2025-12-16 09:58:21.431205,BUY_YES,KXHIGHNY-25DEC16-B30.5,13.0,1,0.01,0.14,MM,2.0,2.5800000000000853,1.0,12.0,
2025-12-16 10:55:46.809164,BUY_YES,KXHIGHNY-25DEC16-B34.5,4.0,1,0.01,0.05,MM,2.0,2.5300000000000855,1.0,3.0,
2025-12-16 10:55:50.331404,BUY_YES,KXHIGHNY-25DEC16-B34.5,4.0,1,0.01,0.05,MM,1.0,2.4800000000000857,0.5,3.5,
2025-12-16 10:55:53.483870,BUY_YES,KXHIGHNY-25DEC16-B34.5,4.0,1,0.01,0.05,MM,2.0,2.430000000000086,1.0,3.0,
2025-12-16 10:58:50.583549,BUY_YES,KXHIGHNY-25DEC16-B34.5,3.0,1,0.01,0.04,MM,1.0,2.390000000000086,0.5,2.5,
2025-12-17 09:53:17.078859,BUY_YES,KXHIGHNY-25DEC17-B47.5,11.0,1,0.01,0.12,MM,4.0,2.2700000000000857,2.0,9.0,
2025-12-17 09:58:14.473983,BUY_YES,KXHIGHNY-25DEC17-B47.5,10.0,1,0.01,0.11,MM,2.0,2.160000000000086,1.0,9.0,
2025-12-18 09:49:52.395719,BUY_YES,KXHIGHNY-25DEC18-B52.5,17.0,1,0.01,0.18000000000000002,MM,1.0,3.9800000000000852,0.5,16.5,
2025-12-18 09:49:53.804046,BUY_YES,KXHIGHNY-25DEC18-B52.5,17.0,1,0.01,0.18000000000000002,MM,1.0,3.800000000000085,0.5,16.5,
2025-12-18 09:49:55.053492,BUY_YES,KXHIGHNY-25DEC18-B52.5,17.0,1,0.01,0.18000000000000002,MM,1.0,3.620000000000085,0.5,16.5,
2025-12-18 10:11:44.604214,BUY_YES,KXHIGHNY-25DEC18-T50,17.0,1,0.01,0.18000000000000002,MM,5.0,3.4400000000000848,2.5,14.5,
2025-12-18 10:11:45.495508,BUY_YES,KXHIGHNY-25DEC18-T50,16.0,1,0.01,0.17,MM,4.0,3.270000000000085,2.0,14.0,
2025-12-18 10:34:30.879102,BUY_YES,KXHIGHNY-25DEC18-T50,14.0,1,0.01,0.15000000000000002,MM,1.0,3.120000000000085,0.5,13.5,
2025-12-18 10:42:01.916886,BUY_YES,KXHIGHNY-25DEC18-T50,7.0,1,0.01,0.08,MM,2.0,3.040000000000085,1.0,6.0,
2025-12-18 10:42:02.178654,BUY_YES,KXHIGHNY-25DEC18-T50,7.0,1,0.01,0.08,MM,1.0,2.960000000000085,0.5,6.5,
2025-12-18 10:49:39.079250,BUY_YES,KXHIGHNY-25DEC18-T50,10.0,1,0.01,0.11,MM,2.0,2.850000000000085,1.0,9.0,
2025-12-18 10:49:39.079508,BUY_YES,KXHIGHNY-25DEC18-T50,10.0,1,0.01,0.11,MM,3.0,2.740000000000085,1.5,8.5,
2025-12-18 10:49:39.079628,BUY_YES,KXHIGHNY-25DEC18-T50,10.0,1,0.01,0.11,MM,4.0,2.630000000000085,2.0,8.0,
2025-12-18 10:49:43.340378,BUY_YES,KXHIGHNY-25DEC18-T50,9.0,1,0.01,0.09999999999999999,MM,1.0,2.530000000000085,0.5,8.5,
2025-12-18 10:50:04.440424,BUY_YES,KXHIGHNY-25DEC18-T50,9.0,1,0.01,0.09999999999999999,MM,3.0,2.430000000000085,1.5,7.5,
2025-12-18 15:05:00.314171,BUY_YES,KXHIGHNY-25DEC18-B52.5,9.0,1,0.01,0.09999999999999999,MM,2.0,2.330000000000085,2.0,7.0,
2025-12-18 15:06:22.779034,BUY_YES,KXHIGHNY-25DEC18-B52.5,9.0,1,0.01,0.09999999999999999,MM,2.0,2.230000000000085,2.0,7.0,
2025-12-18 15:08:36.278969,BUY_YES,KXHIGHNY-25DEC18-B52.5,9.0,1,0.01,0.09999999999999999,MM,2.0,2.1300000000000847,2.0,7.0,
2025-12-19 09:53:09.553698,BUY_NO,KXHIGHNY-25DEC19-B58.5,10.0,1,0.01,0.11,MM,4.0,2.020000000000085,2.0,92.0,
2025-12-19 09:53:09.553945,BUY_NO,KXHIGHNY-25DEC19-B58.5,10.0,1,0.01,0.11,MM,3.0,1.9100000000000847,1.5,91.5,
2025-12-19 09:53:10.053555,BUY_NO,KXHIGHNY-25DEC19-B58.5,10.0,1,0.01,0.11,MM,4.0,1.8000000000000846,2.0,92.0,
2025-12-19 09:53:10.053765,BUY_NO,KXHIGHNY-25DEC19-B58.5,10.0,1,0.01,0.11,MM,2.0,1.6900000000000845,1.0,91.0,
2025-12-19 09:53:11.303510,BUY_NO,KXHIGHNY-25DEC19-B58.5,8.0,1,0.01,0.09,MM,2.0,1.6000000000000845,1.0,93.0,
2025-12-19 09:53:11.303747,BUY_NO,KXHIGHNY-25DEC19-B58.5,8.0,1,0.01,0.09,MM,1.0,1.5100000000000844,0.5,92.5,
2025-12-19 09:53:11.803551,BUY_NO,KXHIGHNY-25DEC19-B58.5,8.0,1,0.01,0.09,MM,2.0,1.4200000000000843,1.0,93.0,
2025-12-19 09:53:12.053334,BUY_NO,KXHIGHNY-25DEC19-B58.5,8.0,1,0.01,0.09,MM,1.0,1.3300000000000842,0.5,92.5,
2025-12-19 09:53:16.056805,BUY_NO,KXHIGHNY-25DEC19-B58.5,3.0,1,0.01,0.04,MM,2.0,1.2900000000000842,1.0,98.0,
2025-12-19 09:53:16.057030,BUY_NO,KXHIGHNY-25DEC19-B58.5,3.0,1,0.01,0.04,MM,1.0,1.2500000000000842,1.5,98.5,
2025-12-19 09:53:18.063489,BUY_NO,KXHIGHNY-25DEC19-B58.5,2.0,2,0.01,0.05,MM,2.0,1.200000000000084,1.0,99.0,
2025-12-19 09:53:19.553696,BUY_NO,KXHIGHNY-25DEC19-B58.5,2.0,2,0.01,0.05,MM,1.0,1.150000000000084,0.5,98.5,
2025-12-19 09:53:38.560566,BUY_NO,KXHIGHNY-25DEC19-B58.5,2.0,1,0.01,0.03,MM,1.0,1.120000000000084,1.5,99.5,
2025-12-20 15:42:40.088318,BUY_YES,KXHIGHNY-25DEC20-B40.5,2.0,3,0.01,0.06999999999999999,MM,1.0,1.050000000000084,1.5,0.5,
2025-12-20 15:52:31.297944,BUY_NO,KXHIGHNY-25DEC20-B36.5,5.0,1,0.01,0.060000000000000005,MM,3.0,0.9900000000000839,1.5,96.5,
2025-12-20 15:52:31.298127,BUY_NO,KXHIGHNY-25DEC20-B36.5,5.0,1,0.01,0.060000000000000005,MM,4.0,0.9300000000000839,2.0,97.0,
2025-12-20 15:52:44.774308,BUY_NO,KXHIGHNY-25DEC20-B36.5,2.0,1,0.01,0.03,MM,2.0,0.9000000000000838,1.0,99.0,
2025-12-20 15:52:44.834816,BUY_NO,KXHIGHNY-25DEC20-B36.5,2.0,1,0.01,0.03,MM,1.0,0.8700000000000838,0.5,98.5,
2025-12-20 15:52:44.981737,BUY_NO,KXHIGHNY-25DEC20-B36.5,2.0,1,0.01,0.03,MM,2.0,0.8400000000000838,1.0,99.0,
2025-12-20 15:52:50.185284,BUY_NO,KXHIGHNY-25DEC20-B36.5,2.0,1,0.01,0.03,MM,1.0,0.8100000000000838,0.5,98.5,
2025-12-20 15:53:09.570730,BUY_YES,KXHIGHNY-25DEC20-B38.5,3.0,1,0.01,0.04,MM,1.0,0.7700000000000837,0.5,2.5,
2025-12-20 15:56:29.840626,BUY_NO,KXHIGHNY-25DEC20-B36.5,4.0,1,0.01,0.05,MM,2.0,0.7200000000000837,1.0,97.0,
2025-12-20 15:56:30.017797,BUY_NO,KXHIGHNY-25DEC20-B36.5,4.0,1,0.01,0.05,MM,1.0,0.6700000000000836,1.5,97.5,
2025-12-20 16:38:32.368695,BUY_YES,KXHIGHNY-25DEC20-B40.5,3.0,1,0.01,0.04,MM,2.0,0.6300000000000836,1.0,2.0,
2025-12-21 09:04:36.029071,BUY_YES,KXHIGHNY-25DEC21-B46.5,40.0,1,0.02,0.42000000000000004,MM,4.0,9.210000000000084,2.0,38.0,
2025-12-21 09:16:00.742917,BUY_YES,KXHIGHNY-25DEC21-B44.5,45.0,1,0.02,0.47000000000000003,MM,2.0,8.740000000000084,2.0,43.0,
2025-12-21 09:16:04.168000,BUY_YES,KXHIGHNY-25DEC21-B44.5,44.0,1,0.02,0.46,MM,3.0,8.280000000000083,1.5,42.5,
2025-12-21 09:16:04.168189,BUY_YES,KXHIGHNY-25DEC21-B44.5,44.0,1,0.02,0.46,MM,4.0,7.820000000000083,2.0,42.0,
2025-12-21 09:16:04.168260,BUY_YES,KXHIGHNY-25DEC21-B44.5,44.0,1,0.02,0.46,MM,16.0,7.360000000000083,8.0,36.0,
2025-12-21 09:16:11.276871,BUY_YES,KXHIGHNY-25DEC21-B44.5,41.0,1,0.02,0.43,MM,4.0,6.930000000000083,3.0,38.0,
2025-12-21 09:17:58.347869,BUY_YES,KXHIGHNY-25DEC21-B44.5,35.0,1,0.02,0.37,MM,8.0,6.560000000000083,4.0,31.0,
2025-12-21 09:21:13.547206,BUY_YES,KXHIGHNY-25DEC21-B44.5,34.0,1,0.02,0.36000000000000004,MM,4.0,6.200000000000083,2.0,32.0,
2025-12-21 09:22:18.390888,BUY_YES,KXHIGHNY-25DEC21-B44.5,34.0,1,0.02,0.36000000000000004,MM,3.0,5.8400000000000825,2.5,31.5,
2025-12-21 09:22:27.904360,BUY_YES,KXHIGHNY-25DEC21-B44.5,33.0,1,0.02,0.35000000000000003,MM,2.0,5.490000000000083,1.0,32.0,
2025-12-21 09:55:32.813283,BUY_YES,KXHIGHNY-25DEC21-T47,5.0,1,0.01,0.060000000000000005,MM,2.0,5.430000000000083,2.0,3.0,
2025-12-21 09:55:34.576420,BUY_YES,KXHIGHNY-25DEC21-T47,4.0,3,0.01,0.13,MM,1.0,5.300000000000083,1.5,2.5,
2025-12-21 09:55:35.746463,BUY_YES,KXHIGHNY-25DEC21-T47,4.0,2,0.01,0.09,MM,1.0,5.2100000000000835,1.5,2.5,
2025-12-21 09:55:36.338838,BUY_YES,KXHIGHNY-25DEC21-T47,3.0,5,0.02,0.16999999999999998,MM,2.0,5.0400000000000835,1.0,2.0,
2025-12-21 09:55:37.408113,BUY_YES,KXHIGHNY-25DEC21-T47,4.0,1,0.01,0.05,MM,2.0,4.990000000000084,2.0,2.0,
2025-12-21 09:55:38.127733,BUY_YES,KXHIGHNY-25DEC21-T47,3.0,3,0.01,0.09999999999999999,MM,1.0,4.890000000000084,1.5,1.5,
2025-12-22 09:19:49.939250,BUY_YES,KXHIGHNY-25DEC22-B36.5,14.0,1,0.01,0.15000000000000002,MM,1.0,5.740000000000084,0.5,13.5,
2025-12-22 09:38:41.991927,BUY_YES,KXHIGHNY-25DEC22-B40.5,30.0,1,0.02,0.32,MM,1.0,5.420000000000083,0.5,29.5,
2025-12-22 09:53:37.003271,BUY_YES,KXHIGHNY-25DEC22-B40.5,27.0,1,0.02,0.29000000000000004,MM,2.0,5.130000000000083,1.0,26.0,
2025-12-22 09:53:38.069055,BUY_YES,KXHIGHNY-25DEC22-B40.5,27.0,1,0.02,0.29000000000000004,MM,1.0,4.840000000000083,1.5,25.5,
2025-12-22 09:53:38.248669,BUY_YES,KXHIGHNY-25DEC22-B40.5,26.0,1,0.02,0.28,MM,2.0,4.560000000000083,1.0,25.0,
2025-12-22 09:53:45.973594,BUY_YES,KXHIGHNY-25DEC22-B40.5,26.0,1,0.02,0.28,MM,2.0,4.280000000000083,1.0,25.0,
2025-12-22 09:56:17.361947,BUY_YES,KXHIGHNY-25DEC22-B40.5,23.0,1,0.02,0.25,MM,1.0,4.030000000000083,3.5,19.5,
2025-12-22 09:56:38.903131,BUY_YES,KXHIGHNY-25DEC22-B40.5,20.0,1,0.02,0.22,MM,3.0,3.8100000000000827,2.5,17.5,
2025-12-22 09:56:44.768629,BUY_YES,KXHIGHNY-25DEC22-B40.5,19.0,1,0.02,0.21,MM,4.0,3.6000000000000827,2.0,17.0,
2025-12-22 09:56:44.768843,BUY_YES,KXHIGHNY-25DEC22-B40.5,20.0,1,0.02,0.22,MM,1.0,3.3800000000000825,4.5,15.5,
2025-12-22 09:56:48.304116,BUY_YES,KXHIGHNY-25DEC22-B40.5,16.0,1,0.01,0.17,MM,5.0,3.2100000000000826,2.5,13.5,
2025-12-22 09:56:50.812621,BUY_YES,KXHIGHNY-25DEC22-B40.5,16.0,1,0.01,0.17,MM,4.0,3.0400000000000826,3.0,13.0,
2025-12-22 09:56:52.324925,BUY_YES,KXHIGHNY-25DEC22-B40.5,15.0,1,0.01,0.16,MM,1.0,2.8800000000000825,0.5,14.5,
2025-12-22 09:56:54.640625,BUY_YES,KXHIGHNY-25DEC22-B40.5,15.0,1,0.01,0.16,MM,5.0,2.7200000000000824,2.5,12.5,
2025-12-22 10:29:26.384398,BUY_YES,KXHIGHNY-25DEC22-B40.5,15.0,1,0.01,0.16,MM,7.0,2.560000000000082,3.5,11.5,
2025-12-22 10:29:29.202276,BUY_YES,KXHIGHNY-25DEC22-B40.5,14.0,1,0.01,0.15000000000000002,MM,2.0,2.4100000000000823,1.0,13.0,
2025-12-22 10:29:31.635984,BUY_YES,KXHIGHNY-25DEC22-B40.5,13.0,1,0.01,0.14,MM,4.0,2.270000000000082,2.0,11.0,
2025-12-22 15:24:12.740736,BUY_NO,KXHIGHNY-25DEC22-B38.5,2.0,6,0.01,0.13,MM,1.0,2.1400000000000823,1.5,99.5,
2025-12-22 15:24:14.731918,BUY_NO,KXHIGHNY-25DEC22-B38.5,2.0,5,0.01,0.11,MM,1.0,2.0300000000000824,1.5,99.5,
2025-12-22 15:25:49.983322,BUY_YES,KXHIGHNY-25DEC22-B40.5,3.0,2,0.01,0.06999999999999999,MM,1.0,1.9600000000000823,2.5,0.5,
2025-12-22 15:28:03.228701,BUY_YES,KXHIGHNY-25DEC22-B40.5,4.0,1,0.01,0.05,MM,3.0,1.9100000000000823,2.5,1.5,
2025-12-22 15:36:13.980411,BUY_NO,KXHIGHNY-25DEC22-B38.5,7.0,1,0.01,0.08,MM,6.0,1.8300000000000822,3.0,96.0,
2025-12-22 15:36:38.484374,BUY_NO,KXHIGHNY-25DEC22-B38.5,7.0,1,0.01,0.08,MM,6.0,1.7500000000000822,3.0,96.0,
2025-12-22 15:38:35.230597,BUY_NO,KXHIGHNY-25DEC22-B38.5,7.0,1,0.01,0.08,MM,6.0,1.670000000000082,3.0,96.0,
2025-12-22 15:38:57.978417,BUY_NO,KXHIGHNY-25DEC22-B38.5,5.0,1,0.01,0.060000000000000005,MM,4.0,1.610000000000082,2.0,97.0,
2025-12-22 15:39:19.981210,BUY_NO,KXHIGHNY-25DEC22-B38.5,5.0,1,0.01,0.060000000000000005,MM,4.0,1.550000000000082,2.0,97.0,
2025-12-23 15:04:27.148082,BUY_NO,KXHIGHNY-25DEC23-B40.5,8.0,1,0.01,0.09,MM,2.0,1.460000000000082,1.0,93.0,
2025-12-23 15:04:44.744491,BUY_NO,KXHIGHNY-25DEC23-B40.5,8.0,1,0.01,0.09,MM,2.0,1.3700000000000818,1.0,93.0,
2025-12-23 15:05:37.008398,BUY_YES,KXHIGHNY-25DEC23-B42.5,6.0,1,0.01,0.06999999999999999,MM,1.0,1.3000000000000818,0.5,5.5,
2025-12-24 09:38:33.751694,BUY_YES,KXHIGHNY-25DEC24-T47,4.0,1,0.01,0.05,MM,1.0,1.2500000000000817,1.5,2.5,
2025-12-24 10:53:05.659967,BUY_YES,KXHIGHNY-25DEC24-B44.5,3.0,2,0.01,0.06999999999999999,MM,2.0,1.1800000000000817,1.0,2.0,
2025-12-24 10:53:05.660139,BUY_YES,KXHIGHNY-25DEC24-B44.5,3.0,1,0.01,0.04,MM,3.0,1.1400000000000816,1.5,1.5,
2025-12-24 10:53:05.660213,BUY_YES,KXHIGHNY-25DEC24-B44.5,3.0,1,0.01,0.04,MM,1.0,1.1000000000000816,2.5,0.5,
2025-12-24 10:54:07.356222,BUY_NO,KXHIGHNY-25DEC24-B46.5,6.0,1,0.01,0.06999999999999999,MM,4.0,1.0300000000000815,3.0,97.0,
2025-12-24 10:54:11.353343,BUY_NO,KXHIGHNY-25DEC24-B46.5,5.0,1,0.01,0.060000000000000005,MM,3.0,0.9700000000000815,2.5,97.5,
2025-12-24 10:54:25.211305,BUY_NO,KXHIGHNY-25DEC24-B46.5,5.0,1,0.01,0.060000000000000005,MM,3.0,0.9100000000000814,2.5,97.5,
