date,event_ticker,subtitle,temp_type,temp_low,temp_high,temp_threshold,temp_midpoint,kalshi_price,kalshi_result,market_won,synoptic_temp,synoptic_time,synoptic_count,asos_temp,asos_time,asos_count,best_temp,temp_sources,nws_temp,nws_time,nws_count,prediction_correct,price_pct
2025-08-02,KXHIGHNY-25AUG02,85° or above,above,,,85.0,88.0,2,no,False,80.1,2025-08-02 14:51:00-04:00,25,,,,80.1,2,80.1,2025-08-02 14:51:00-04:00,16.0,True,0.02
2025-08-02,KXHIGHNY-25AUG02,83° to 84°,range,83.0,84.0,,83.5,1,no,False,80.1,2025-08-02 14:51:00-04:00,25,,,,80.1,2,80.1,2025-08-02 14:51:00-04:00,16.0,True,0.01
2025-08-02,KXHIGHNY-25AUG02,81° to 82°,range,81.0,82.0,,81.5,1,no,False,80.1,2025-08-02 14:51:00-04:00,25,,,,80.1,2,80.1,2025-08-02 14:51:00-04:00,16.0,True,0.01
2025-08-02,KXHIGHNY-25AUG02,79° to 80°,range,79.0,80.0,,79.5,99,yes,True,80.1,2025-08-02 14:51:00-04:00,25,,,,80.1,2,80.1,2025-08-02 14:51:00-04:00,16.0,False,0.99
2025-08-02,KXHIGHNY-25AUG02,77° to 78°,range,77.0,78.0,,77.5,1,no,False,80.1,2025-08-02 14:51:00-04:00,25,,,,80.1,2,80.1,2025-08-02 14:51:00-04:00,16.0,True,0.01
2025-08-02,KXHIGHNY-25AUG02,76° or below,below,,,76.0,73.0,1,no,False,80.1,2025-08-02 14:51:00-04:00,25,,,,80.1,2,80.1,2025-08-02 14:51:00-04:00,16.0,True,0.01
2025-08-01,KXHIGHNY-25AUG01,77° or above,above,,,77.0,80.0,1,no,False,73.0,2025-08-01 17:51:00-04:00,34,,,,72.5,2,72.0,2025-08-01 18:51:00-04:00,19.0,True,0.01
2025-08-01,KXHIGHNY-25AUG01,75° to 76°,range,75.0,76.0,,75.5,1,no,False,73.0,2025-08-01 17:51:00-04:00,34,,,,72.5,2,72.0,2025-08-01 18:51:00-04:00,19.0,True,0.01
2025-08-01,KXHIGHNY-25AUG01,73° to 74°,range,73.0,74.0,,73.5,99,yes,True,73.0,2025-08-01 17:51:00-04:00,34,,,,72.5,2,72.0,2025-08-01 18:51:00-04:00,19.0,False,0.99
2025-08-01,KXHIGHNY-25AUG01,71° to 72°,range,71.0,72.0,,71.5,1,no,False,73.0,2025-08-01 17:51:00-04:00,34,,,,72.5,2,72.0,2025-08-01 18:51:00-04:00,19.0,True,0.01
2025-08-01,KXHIGHNY-25AUG01,68° or below,below,,,68.0,65.0,1,no,False,73.0,2025-08-01 17:51:00-04:00,34,,,,72.5,2,72.0,2025-08-01 18:51:00-04:00,19.0,True,0.01
2025-08-01,KXHIGHNY-25AUG01,69° to 70°,range,69.0,70.0,,69.5,1,no,False,73.0,2025-08-01 17:51:00-04:00,34,,,,72.5,2,72.0,2025-08-01 18:51:00-04:00,19.0,True,0.01
2025-07-31,KXHIGHNY-25JUL31,90° or above,above,,,90.0,93.0,1,no,False,89.1,2025-07-31 12:51:00-04:00,32,,,,89.1,2,89.1,2025-07-31 12:51:00-04:00,16.0,True,0.01
2025-07-31,KXHIGHNY-25JUL31,81° or below,below,,,81.0,78.0,1,no,False,89.1,2025-07-31 12:51:00-04:00,32,,,,89.1,2,89.1,2025-07-31 12:51:00-04:00,16.0,True,0.01
2025-07-31,KXHIGHNY-25JUL31,88° to 89°,range,88.0,89.0,,88.5,99,yes,True,89.1,2025-07-31 12:51:00-04:00,32,,,,89.1,2,89.1,2025-07-31 12:51:00-04:00,16.0,False,0.99
2025-07-31,KXHIGHNY-25JUL31,86° to 87°,range,86.0,87.0,,86.5,1,no,False,89.1,2025-07-31 12:51:00-04:00,32,,,,89.1,2,89.1,2025-07-31 12:51:00-04:00,16.0,True,0.01
2025-07-31,KXHIGHNY-25JUL31,84° to 85°,range,84.0,85.0,,84.5,1,no,False,89.1,2025-07-31 12:51:00-04:00,32,,,,89.1,2,89.1,2025-07-31 12:51:00-04:00,16.0,True,0.01
2025-07-31,KXHIGHNY-25JUL31,82° to 83°,range,82.0,83.0,,82.5,1,no,False,89.1,2025-07-31 12:51:00-04:00,32,,,,89.1,2,89.1,2025-07-31 12:51:00-04:00,16.0,True,0.01
2025-07-30,KXHIGHNY-25JUL30,92° or below,below,,,92.0,89.0,1,no,False,95.0,2025-07-30 11:51:00-04:00,32,84.2,2025-07-29 20:00:31-04:00,1.0,91.4,3,95.0,2025-07-30 14:51:00-04:00,20.0,False,0.01
2025-07-30,KXHIGHNY-25JUL30,101° or above,above,,,101.0,104.0,2,no,False,95.0,2025-07-30 11:51:00-04:00,32,84.2,2025-07-29 20:00:31-04:00,1.0,91.4,3,95.0,2025-07-30 14:51:00-04:00,20.0,True,0.02
2025-07-30,KXHIGHNY-25JUL30,99° to 100°,range,99.0,100.0,,99.5,6,no,False,95.0,2025-07-30 11:51:00-04:00,32,84.2,2025-07-29 20:00:31-04:00,1.0,91.4,3,95.0,2025-07-30 14:51:00-04:00,20.0,True,0.06
2025-07-30,KXHIGHNY-25JUL30,97° to 98°,range,97.0,98.0,,97.5,1,no,False,95.0,2025-07-30 11:51:00-04:00,32,84.2,2025-07-29 20:00:31-04:00,1.0,91.4,3,95.0,2025-07-30 14:51:00-04:00,20.0,True,0.01
2025-07-30,KXHIGHNY-25JUL30,95° to 96°,range,95.0,96.0,,95.5,99,yes,True,95.0,2025-07-30 11:51:00-04:00,32,84.2,2025-07-29 20:00:31-04:00,1.0,91.4,3,95.0,2025-07-30 14:51:00-04:00,20.0,False,0.99
2025-07-30,KXHIGHNY-25JUL30,93° to 94°,range,93.0,94.0,,93.5,1,no,False,95.0,2025-07-30 11:51:00-04:00,32,84.2,2025-07-29 20:00:31-04:00,1.0,91.4,3,95.0,2025-07-30 14:51:00-04:00,20.0,True,0.01
2025-07-29,KXHIGHNY-25JUL29,101° or above,above,,,101.0,104.0,1,no,False,97.0,2025-07-29 14:51:00-04:00,25,96.8,2025-07-29 07:05:31-04:00,180.0,96.9,3,97.0,2025-07-29 14:51:00-04:00,20.0,True,0.01
2025-07-29,KXHIGHNY-25JUL29,99° to 100°,range,99.0,100.0,,99.5,1,no,False,97.0,2025-07-29 14:51:00-04:00,25,96.8,2025-07-29 07:05:31-04:00,180.0,96.9,3,97.0,2025-07-29 14:51:00-04:00,20.0,True,0.01
2025-07-29,KXHIGHNY-25JUL29,97° to 98°,range,97.0,98.0,,97.5,99,yes,True,97.0,2025-07-29 14:51:00-04:00,25,96.8,2025-07-29 07:05:31-04:00,180.0,96.9,3,97.0,2025-07-29 14:51:00-04:00,20.0,False,0.99
2025-07-29,KXHIGHNY-25JUL29,92° or below,below,,,92.0,89.0,10,no,False,97.0,2025-07-29 14:51:00-04:00,25,96.8,2025-07-29 07:05:31-04:00,180.0,96.9,3,97.0,2025-07-29 14:51:00-04:00,20.0,True,0.1
2025-07-29,KXHIGHNY-25JUL29,95° to 96°,range,95.0,96.0,,95.5,1,no,False,97.0,2025-07-29 14:51:00-04:00,25,96.8,2025-07-29 07:05:31-04:00,180.0,96.9,3,97.0,2025-07-29 14:51:00-04:00,20.0,True,0.01
2025-07-29,KXHIGHNY-25JUL29,93° to 94°,range,93.0,94.0,,93.5,1,no,False,97.0,2025-07-29 14:51:00-04:00,25,96.8,2025-07-29 07:05:31-04:00,180.0,96.9,3,97.0,2025-07-29 14:51:00-04:00,20.0,True,0.01
2025-07-28,KXHIGHNY-25JUL28,98° or above,above,,,98.0,101.0,1,no,False,93.0,2025-07-28 13:51:00-04:00,25,93.2,2025-07-28 08:05:31-04:00,180.0,92.7,3,91.9,2025-07-28 17:51:00-04:00,18.0,True,0.01
2025-07-28,KXHIGHNY-25JUL28,96° to 97°,range,96.0,97.0,,96.5,1,no,False,93.0,2025-07-28 13:51:00-04:00,25,93.2,2025-07-28 08:05:31-04:00,180.0,92.7,3,91.9,2025-07-28 17:51:00-04:00,18.0,True,0.01
2025-07-28,KXHIGHNY-25JUL28,94° to 95°,range,94.0,95.0,,94.5,99,yes,True,93.0,2025-07-28 13:51:00-04:00,25,93.2,2025-07-28 08:05:31-04:00,180.0,92.7,3,91.9,2025-07-28 17:51:00-04:00,18.0,False,0.99
2025-07-28,KXHIGHNY-25JUL28,92° to 93°,range,92.0,93.0,,92.5,1,no,False,93.0,2025-07-28 13:51:00-04:00,25,93.2,2025-07-28 08:05:31-04:00,180.0,92.7,3,91.9,2025-07-28 17:51:00-04:00,18.0,False,0.01
2025-07-28,KXHIGHNY-25JUL28,90° to 91°,range,90.0,91.0,,90.5,1,no,False,93.0,2025-07-28 13:51:00-04:00,25,93.2,2025-07-28 08:05:31-04:00,180.0,92.7,3,91.9,2025-07-28 17:51:00-04:00,18.0,True,0.01
2025-07-28,KXHIGHNY-25JUL28,89° or below,below,,,89.0,86.0,2,no,False,93.0,2025-07-28 13:51:00-04:00,25,93.2,2025-07-28 08:05:31-04:00,180.0,92.7,3,91.9,2025-07-28 17:51:00-04:00,18.0,True,0.02
2025-07-27,KXHIGHNY-25JUL27,85° or above,above,,,85.0,88.0,1,no,False,82.9,2025-07-27 15:51:00-04:00,27,84.2,2025-07-27 12:45:31-04:00,246.0,82.4,3,80.1,2025-07-28 00:51:00-04:00,1.0,True,0.01
2025-07-27,KXHIGHNY-25JUL27,76° or below,below,,,76.0,73.0,1,no,False,82.9,2025-07-27 15:51:00-04:00,27,84.2,2025-07-27 12:45:31-04:00,246.0,82.4,3,80.1,2025-07-28 00:51:00-04:00,1.0,True,0.01
2025-07-27,KXHIGHNY-25JUL27,83° to 84°,range,83.0,84.0,,83.5,99,yes,True,82.9,2025-07-27 15:51:00-04:00,27,84.2,2025-07-27 12:45:31-04:00,246.0,82.4,3,80.1,2025-07-28 00:51:00-04:00,1.0,False,0.99
2025-07-27,KXHIGHNY-25JUL27,81° to 82°,range,81.0,82.0,,81.5,1,no,False,82.9,2025-07-27 15:51:00-04:00,27,84.2,2025-07-27 12:45:31-04:00,246.0,82.4,3,80.1,2025-07-28 00:51:00-04:00,1.0,True,0.01
2025-07-27,KXHIGHNY-25JUL27,79° to 80°,range,79.0,80.0,,79.5,1,no,False,82.9,2025-07-27 15:51:00-04:00,27,84.2,2025-07-27 12:45:31-04:00,246.0,82.4,3,80.1,2025-07-28 00:51:00-04:00,1.0,True,0.01
2025-07-27,KXHIGHNY-25JUL27,77° to 78°,range,77.0,78.0,,77.5,1,no,False,82.9,2025-07-27 15:51:00-04:00,27,84.2,2025-07-27 12:45:31-04:00,246.0,82.4,3,80.1,2025-07-28 00:51:00-04:00,1.0,True,0.01
2025-07-26,KXHIGHNY-25JUL26,91° or above,above,,,91.0,94.0,4,no,False,84.0,2025-07-26 13:51:00-04:00,25,84.2,2025-07-26 07:20:31-04:00,281.0,84.1,2,,,,True,0.04
2025-07-26,KXHIGHNY-25JUL26,89° to 90°,range,89.0,90.0,,89.5,1,no,False,84.0,2025-07-26 13:51:00-04:00,25,84.2,2025-07-26 07:20:31-04:00,281.0,84.1,2,,,,True,0.01
2025-07-26,KXHIGHNY-25JUL26,87° to 88°,range,87.0,88.0,,87.5,1,no,False,84.0,2025-07-26 13:51:00-04:00,25,84.2,2025-07-26 07:20:31-04:00,281.0,84.1,2,,,,True,0.01
2025-07-26,KXHIGHNY-25JUL26,85° to 86°,range,85.0,86.0,,85.5,99,yes,True,84.0,2025-07-26 13:51:00-04:00,25,84.2,2025-07-26 07:20:31-04:00,281.0,84.1,2,,,,False,0.99
2025-07-26,KXHIGHNY-25JUL26,83° to 84°,range,83.0,84.0,,83.5,1,no,False,84.0,2025-07-26 13:51:00-04:00,25,84.2,2025-07-26 07:20:31-04:00,281.0,84.1,2,,,,True,0.01
2025-07-26,KXHIGHNY-25JUL26,82° or below,below,,,82.0,79.0,1,no,False,84.0,2025-07-26 13:51:00-04:00,25,84.2,2025-07-26 07:20:31-04:00,281.0,84.1,2,,,,True,0.01
2025-07-25,KXHIGHNY-25JUL25,93° or below,below,,,93.0,90.0,1,no,False,93.9,2025-07-25 13:51:00-04:00,26,95.0,2025-07-25 08:50:31-04:00,288.0,94.5,2,,,,True,0.01
2025-07-25,KXHIGHNY-25JUL25,102° or above,above,,,102.0,105.0,4,no,False,93.9,2025-07-25 13:51:00-04:00,26,95.0,2025-07-25 08:50:31-04:00,288.0,94.5,2,,,,True,0.04
2025-07-25,KXHIGHNY-25JUL25,98° to 99°,range,98.0,99.0,,98.5,1,no,False,93.9,2025-07-25 13:51:00-04:00,26,95.0,2025-07-25 08:50:31-04:00,288.0,94.5,2,,,,True,0.01
2025-07-25,KXHIGHNY-25JUL25,96° to 97°,range,96.0,97.0,,96.5,1,no,False,93.9,2025-07-25 13:51:00-04:00,26,95.0,2025-07-25 08:50:31-04:00,288.0,94.5,2,,,,True,0.01
2025-07-25,KXHIGHNY-25JUL25,94° to 95°,range,94.0,95.0,,94.5,99,yes,True,93.9,2025-07-25 13:51:00-04:00,26,95.0,2025-07-25 08:50:31-04:00,288.0,94.5,2,,,,True,0.99
2025-07-25,KXHIGHNY-25JUL25,100° to 101°,range,100.0,101.0,,100.5,2,no,False,93.9,2025-07-25 13:51:00-04:00,26,95.0,2025-07-25 08:50:31-04:00,288.0,94.5,2,,,,True,0.02
2025-07-24,KXHIGHNY-25JUL24,94° or above,above,,,94.0,97.0,5,no,False,86.0,2025-07-24 13:51:00-04:00,25,82.4,2025-07-24 06:20:31-04:00,241.0,84.2,2,,,,True,0.05
2025-07-24,KXHIGHNY-25JUL24,92° to 93°,range,92.0,93.0,,92.5,4,no,False,86.0,2025-07-24 13:51:00-04:00,25,82.4,2025-07-24 06:20:31-04:00,241.0,84.2,2,,,,True,0.04
2025-07-24,KXHIGHNY-25JUL24,90° to 91°,range,90.0,91.0,,90.5,1,no,False,86.0,2025-07-24 13:51:00-04:00,25,82.4,2025-07-24 06:20:31-04:00,241.0,84.2,2,,,,True,0.01
2025-07-24,KXHIGHNY-25JUL24,85° or below,below,,,85.0,82.0,1,no,False,86.0,2025-07-24 13:51:00-04:00,25,82.4,2025-07-24 06:20:31-04:00,241.0,84.2,2,,,,False,0.01
2025-07-24,KXHIGHNY-25JUL24,88° to 89°,range,88.0,89.0,,88.5,1,no,False,86.0,2025-07-24 13:51:00-04:00,25,82.4,2025-07-24 06:20:31-04:00,241.0,84.2,2,,,,True,0.01
2025-07-24,KXHIGHNY-25JUL24,86° to 87°,range,86.0,87.0,,86.5,99,yes,True,86.0,2025-07-24 13:51:00-04:00,25,82.4,2025-07-24 06:20:31-04:00,241.0,84.2,2,,,,False,0.99
2025-07-23,KXHIGHNY-25JUL23,92° or above,above,,,92.0,95.0,0,no,False,79.0,2025-07-23 11:51:00-04:00,29,80.6,2025-07-23 10:00:31-04:00,288.0,79.8,2,,,,True,0.0
2025-07-23,KXHIGHNY-25JUL23,83° or below,below,,,83.0,80.0,99,yes,True,79.0,2025-07-23 11:51:00-04:00,29,80.6,2025-07-23 10:00:31-04:00,288.0,79.8,2,,,,True,0.99
2025-07-23,KXHIGHNY-25JUL23,90° to 91°,range,90.0,91.0,,90.5,1,no,False,79.0,2025-07-23 11:51:00-04:00,29,80.6,2025-07-23 10:00:31-04:00,288.0,79.8,2,,,,True,0.01
2025-07-23,KXHIGHNY-25JUL23,88° to 89°,range,88.0,89.0,,88.5,1,no,False,79.0,2025-07-23 11:51:00-04:00,29,80.6,2025-07-23 10:00:31-04:00,288.0,79.8,2,,,,True,0.01
2025-07-23,KXHIGHNY-25JUL23,86° to 87°,range,86.0,87.0,,86.5,1,no,False,79.0,2025-07-23 11:51:00-04:00,29,80.6,2025-07-23 10:00:31-04:00,288.0,79.8,2,,,,True,0.01
2025-07-23,KXHIGHNY-25JUL23,84° to 85°,range,84.0,85.0,,84.5,1,no,False,79.0,2025-07-23 11:51:00-04:00,29,80.6,2025-07-23 10:00:31-04:00,288.0,79.8,2,,,,True,0.01
2025-07-22,KXHIGHNY-25JUL22,86° or above,above,,,86.0,89.0,1,no,False,79.0,2025-07-21 20:51:00-04:00,25,80.6,2025-07-22 08:20:31-04:00,237.0,79.8,2,,,,True,0.01
2025-07-22,KXHIGHNY-25JUL22,84° to 85°,range,84.0,85.0,,84.5,4,no,False,79.0,2025-07-21 20:51:00-04:00,25,80.6,2025-07-22 08:20:31-04:00,237.0,79.8,2,,,,True,0.04
2025-07-22,KXHIGHNY-25JUL22,82° to 83°,range,82.0,83.0,,82.5,1,no,False,79.0,2025-07-21 20:51:00-04:00,25,80.6,2025-07-22 08:20:31-04:00,237.0,79.8,2,,,,True,0.01
2025-07-22,KXHIGHNY-25JUL22,80° to 81°,range,80.0,81.0,,80.5,99,yes,True,79.0,2025-07-21 20:51:00-04:00,25,80.6,2025-07-22 08:20:31-04:00,237.0,79.8,2,,,,False,0.99
2025-07-22,KXHIGHNY-25JUL22,78° to 79°,range,78.0,79.0,,78.5,1,no,False,79.0,2025-07-21 20:51:00-04:00,25,80.6,2025-07-22 08:20:31-04:00,237.0,79.8,2,,,,True,0.01
2025-07-22,KXHIGHNY-25JUL22,77° or below,below,,,77.0,74.0,1,no,False,79.0,2025-07-21 20:51:00-04:00,25,80.6,2025-07-22 08:20:31-04:00,237.0,79.8,2,,,,True,0.01
2025-07-21,KXHIGHNY-25JUL21,88° or above,above,,,88.0,91.0,1,no,False,84.9,2025-07-21 14:51:00-04:00,25,84.2,2025-07-21 07:00:31-04:00,288.0,84.6,2,,,,True,0.01
2025-07-21,KXHIGHNY-25JUL21,86° to 87°,range,86.0,87.0,,86.5,1,no,False,84.9,2025-07-21 14:51:00-04:00,25,84.2,2025-07-21 07:00:31-04:00,288.0,84.6,2,,,,True,0.01
2025-07-21,KXHIGHNY-25JUL21,84° to 85°,range,84.0,85.0,,84.5,99,yes,True,84.9,2025-07-21 14:51:00-04:00,25,84.2,2025-07-21 07:00:31-04:00,288.0,84.6,2,,,,True,0.99
2025-07-21,KXHIGHNY-25JUL21,82° to 83°,range,82.0,83.0,,82.5,1,no,False,84.9,2025-07-21 14:51:00-04:00,25,84.2,2025-07-21 07:00:31-04:00,288.0,84.6,2,,,,True,0.01
2025-07-21,KXHIGHNY-25JUL21,80° to 81°,range,80.0,81.0,,80.5,1,no,False,84.9,2025-07-21 14:51:00-04:00,25,84.2,2025-07-21 07:00:31-04:00,288.0,84.6,2,,,,True,0.01
2025-07-21,KXHIGHNY-25JUL21,79° or below,below,,,79.0,76.0,1,no,False,84.9,2025-07-21 14:51:00-04:00,25,84.2,2025-07-21 07:00:31-04:00,288.0,84.6,2,,,,True,0.01
2025-07-20,KXHIGHNY-25JUL20,95° or above,above,,,95.0,98.0,2,no,False,87.1,2025-07-20 14:51:00-04:00,30,87.8,2025-07-20 08:05:31-04:00,288.0,87.4,2,,,,True,0.02
2025-07-20,KXHIGHNY-25JUL20,93° to 94°,range,93.0,94.0,,93.5,1,no,False,87.1,2025-07-20 14:51:00-04:00,30,87.8,2025-07-20 08:05:31-04:00,288.0,87.4,2,,,,True,0.01
2025-07-20,KXHIGHNY-25JUL20,91° to 92°,range,91.0,92.0,,91.5,1,no,False,87.1,2025-07-20 14:51:00-04:00,30,87.8,2025-07-20 08:05:31-04:00,288.0,87.4,2,,,,True,0.01
2025-07-20,KXHIGHNY-25JUL20,89° to 90°,range,89.0,90.0,,89.5,1,no,False,87.1,2025-07-20 14:51:00-04:00,30,87.8,2025-07-20 08:05:31-04:00,288.0,87.4,2,,,,True,0.01
2025-07-20,KXHIGHNY-25JUL20,87° to 88°,range,87.0,88.0,,87.5,99,yes,True,87.1,2025-07-20 14:51:00-04:00,30,87.8,2025-07-20 08:05:31-04:00,288.0,87.4,2,,,,True,0.99
2025-07-20,KXHIGHNY-25JUL20,86° or below,below,,,86.0,83.0,1,no,False,87.1,2025-07-20 14:51:00-04:00,30,87.8,2025-07-20 08:05:31-04:00,288.0,87.4,2,,,,True,0.01
2025-07-19,KXHIGHNY-25JUL19,87° or above,above,,,87.0,90.0,1,no,False,80.1,2025-07-19 11:51:00-04:00,26,80.6,2025-07-19 06:50:31-04:00,288.0,80.3,2,,,,True,0.01
2025-07-19,KXHIGHNY-25JUL19,78° or below,below,,,78.0,75.0,1,no,False,80.1,2025-07-19 11:51:00-04:00,26,80.6,2025-07-19 06:50:31-04:00,288.0,80.3,2,,,,True,0.01
2025-07-19,KXHIGHNY-25JUL19,85° to 86°,range,85.0,86.0,,85.5,1,no,False,80.1,2025-07-19 11:51:00-04:00,26,80.6,2025-07-19 06:50:31-04:00,288.0,80.3,2,,,,True,0.01
2025-07-19,KXHIGHNY-25JUL19,83° to 84°,range,83.0,84.0,,83.5,1,no,False,80.1,2025-07-19 11:51:00-04:00,26,80.6,2025-07-19 06:50:31-04:00,288.0,80.3,2,,,,True,0.01
2025-07-19,KXHIGHNY-25JUL19,81° to 82°,range,81.0,82.0,,81.5,99,yes,True,80.1,2025-07-19 11:51:00-04:00,26,80.6,2025-07-19 06:50:31-04:00,288.0,80.3,2,,,,False,0.99
2025-07-19,KXHIGHNY-25JUL19,79° to 80°,range,79.0,80.0,,79.5,1,no,False,80.1,2025-07-19 11:51:00-04:00,26,80.6,2025-07-19 06:50:31-04:00,288.0,80.3,2,,,,True,0.01
2025-07-18,KXHIGHNY-25JUL18,89° or above,above,,,89.0,92.0,1,no,False,87.1,2025-07-17 20:51:00-04:00,25,82.4,2025-07-17 20:00:31-04:00,288.0,84.8,2,,,,True,0.01
2025-07-18,KXHIGHNY-25JUL18,87° to 88°,range,87.0,88.0,,87.5,1,no,False,87.1,2025-07-17 20:51:00-04:00,25,82.4,2025-07-17 20:00:31-04:00,288.0,84.8,2,,,,True,0.01
2025-07-18,KXHIGHNY-25JUL18,85° to 86°,range,85.0,86.0,,85.5,1,no,False,87.1,2025-07-17 20:51:00-04:00,25,82.4,2025-07-17 20:00:31-04:00,288.0,84.8,2,,,,True,0.01
2025-07-18,KXHIGHNY-25JUL18,83° to 84°,range,83.0,84.0,,83.5,1,no,False,87.1,2025-07-17 20:51:00-04:00,25,82.4,2025-07-17 20:00:31-04:00,288.0,84.8,2,,,,True,0.01
2025-07-18,KXHIGHNY-25JUL18,81° to 82°,range,81.0,82.0,,81.5,99,yes,True,87.1,2025-07-17 20:51:00-04:00,25,82.4,2025-07-17 20:00:31-04:00,288.0,84.8,2,,,,False,0.99
2025-07-18,KXHIGHNY-25JUL18,80° or below,below,,,80.0,77.0,1,no,False,87.1,2025-07-17 20:51:00-04:00,25,82.4,2025-07-17 20:00:31-04:00,288.0,84.8,2,,,,True,0.01
2025-07-17,KXHIGHNY-25JUL17,95° or above,above,,,95.0,98.0,1,no,False,89.1,2025-07-17 17:51:00-04:00,27,89.6,2025-07-17 12:10:31-04:00,288.0,89.3,2,,,,True,0.01
2025-07-17,KXHIGHNY-25JUL17,93° to 94°,range,93.0,94.0,,93.5,1,no,False,89.1,2025-07-17 17:51:00-04:00,27,89.6,2025-07-17 12:10:31-04:00,288.0,89.3,2,,,,True,0.01
2025-07-17,KXHIGHNY-25JUL17,91° to 92°,range,91.0,92.0,,91.5,1,no,False,89.1,2025-07-17 17:51:00-04:00,27,89.6,2025-07-17 12:10:31-04:00,288.0,89.3,2,,,,True,0.01
2025-07-17,KXHIGHNY-25JUL17,89° to 90°,range,89.0,90.0,,89.5,99,yes,True,89.1,2025-07-17 17:51:00-04:00,27,89.6,2025-07-17 12:10:31-04:00,288.0,89.3,2,,,,True,0.99
2025-07-17,KXHIGHNY-25JUL17,87° to 88°,range,87.0,88.0,,87.5,1,no,False,89.1,2025-07-17 17:51:00-04:00,27,89.6,2025-07-17 12:10:31-04:00,288.0,89.3,2,,,,True,0.01
2025-07-17,KXHIGHNY-25JUL17,86° or below,below,,,86.0,83.0,1,no,False,89.1,2025-07-17 17:51:00-04:00,27,89.6,2025-07-17 12:10:31-04:00,288.0,89.3,2,,,,True,0.01
2025-07-16,KXHIGHNY-25JUL16,94° or above,above,,,94.0,97.0,1,no,False,86.0,2025-07-16 11:51:00-04:00,25,82.4,2025-07-16 13:45:31-04:00,136.0,84.2,2,,,,True,0.01
2025-07-16,KXHIGHNY-25JUL16,92° to 93°,range,92.0,93.0,,92.5,1,no,False,86.0,2025-07-16 11:51:00-04:00,25,82.4,2025-07-16 13:45:31-04:00,136.0,84.2,2,,,,True,0.01
2025-07-16,KXHIGHNY-25JUL16,90° to 91°,range,90.0,91.0,,90.5,1,no,False,86.0,2025-07-16 11:51:00-04:00,25,82.4,2025-07-16 13:45:31-04:00,136.0,84.2,2,,,,True,0.01
2025-07-16,KXHIGHNY-25JUL16,88° to 89°,range,88.0,89.0,,88.5,1,no,False,86.0,2025-07-16 11:51:00-04:00,25,82.4,2025-07-16 13:45:31-04:00,136.0,84.2,2,,,,True,0.01
2025-07-16,KXHIGHNY-25JUL16,86° to 87°,range,86.0,87.0,,86.5,99,yes,True,86.0,2025-07-16 11:51:00-04:00,25,82.4,2025-07-16 13:45:31-04:00,136.0,84.2,2,,,,False,0.99
2025-07-16,KXHIGHNY-25JUL16,85° or below,below,,,85.0,82.0,1,no,False,86.0,2025-07-16 11:51:00-04:00,25,82.4,2025-07-16 13:45:31-04:00,136.0,84.2,2,,,,False,0.01
2025-07-15,KXHIGHNY-25JUL15,90° or above,above,,,90.0,93.0,1,no,False,86.0,2025-07-15 15:51:00-04:00,48,84.2,2025-07-15 08:50:31-04:00,244.0,85.1,2,,,,True,0.01
2025-07-15,KXHIGHNY-25JUL15,88° to 89°,range,88.0,89.0,,88.5,1,no,False,86.0,2025-07-15 15:51:00-04:00,48,84.2,2025-07-15 08:50:31-04:00,244.0,85.1,2,,,,True,0.01
2025-07-15,KXHIGHNY-25JUL15,86° to 87°,range,86.0,87.0,,86.5,99,yes,True,86.0,2025-07-15 15:51:00-04:00,48,84.2,2025-07-15 08:50:31-04:00,244.0,85.1,2,,,,False,0.99
2025-07-15,KXHIGHNY-25JUL15,84° to 85°,range,84.0,85.0,,84.5,1,no,False,86.0,2025-07-15 15:51:00-04:00,48,84.2,2025-07-15 08:50:31-04:00,244.0,85.1,2,,,,True,0.01
2025-07-15,KXHIGHNY-25JUL15,82° to 83°,range,82.0,83.0,,82.5,1,no,False,86.0,2025-07-15 15:51:00-04:00,48,84.2,2025-07-15 08:50:31-04:00,244.0,85.1,2,,,,True,0.01
2025-07-15,KXHIGHNY-25JUL15,81° or below,below,,,81.0,78.0,1,no,False,86.0,2025-07-15 15:51:00-04:00,48,84.2,2025-07-15 08:50:31-04:00,244.0,85.1,2,,,,True,0.01
2025-07-14,KXHIGHNY-25JUL14,90° or above,above,,,90.0,93.0,1,no,False,84.9,2025-07-14 14:51:00-04:00,53,75.2,2025-07-14 13:50:31-04:00,74.0,80.1,2,,,,True,0.01
2025-07-14,KXHIGHNY-25JUL14,88° to 89°,range,88.0,89.0,,88.5,1,no,False,84.9,2025-07-14 14:51:00-04:00,53,75.2,2025-07-14 13:50:31-04:00,74.0,80.1,2,,,,True,0.01
2025-07-14,KXHIGHNY-25JUL14,86° to 87°,range,86.0,87.0,,86.5,1,no,False,84.9,2025-07-14 14:51:00-04:00,53,75.2,2025-07-14 13:50:31-04:00,74.0,80.1,2,,,,True,0.01
2025-07-14,KXHIGHNY-25JUL14,84° to 85°,range,84.0,85.0,,84.5,99,yes,True,84.9,2025-07-14 14:51:00-04:00,53,75.2,2025-07-14 13:50:31-04:00,74.0,80.1,2,,,,False,0.99
2025-07-14,KXHIGHNY-25JUL14,82° to 83°,range,82.0,83.0,,82.5,1,no,False,84.9,2025-07-14 14:51:00-04:00,53,75.2,2025-07-14 13:50:31-04:00,74.0,80.1,2,,,,True,0.01
2025-07-14,KXHIGHNY-25JUL14,81° or below,below,,,81.0,78.0,1,no,False,84.9,2025-07-14 14:51:00-04:00,53,75.2,2025-07-14 13:50:31-04:00,74.0,80.1,2,,,,False,0.01
2025-07-13,KXHIGHNY-25JUL13,90° or above,above,,,90.0,93.0,1,no,False,81.0,2025-07-13 15:51:00-04:00,35,82.4,2025-07-13 08:10:31-04:00,254.0,81.7,2,,,,True,0.01
2025-07-13,KXHIGHNY-25JUL13,88° to 89°,range,88.0,89.0,,88.5,1,no,False,81.0,2025-07-13 15:51:00-04:00,35,82.4,2025-07-13 08:10:31-04:00,254.0,81.7,2,,,,True,0.01
2025-07-13,KXHIGHNY-25JUL13,86° to 87°,range,86.0,87.0,,86.5,1,no,False,81.0,2025-07-13 15:51:00-04:00,35,82.4,2025-07-13 08:10:31-04:00,254.0,81.7,2,,,,True,0.01
2025-07-13,KXHIGHNY-25JUL13,84° to 85°,range,84.0,85.0,,84.5,1,no,False,81.0,2025-07-13 15:51:00-04:00,35,82.4,2025-07-13 08:10:31-04:00,254.0,81.7,2,,,,True,0.01
2025-07-13,KXHIGHNY-25JUL13,82° to 83°,range,82.0,83.0,,82.5,99,yes,True,81.0,2025-07-13 15:51:00-04:00,35,82.4,2025-07-13 08:10:31-04:00,254.0,81.7,2,,,,False,0.99
2025-07-13,KXHIGHNY-25JUL13,81° or below,below,,,81.0,78.0,1,no,False,81.0,2025-07-13 15:51:00-04:00,35,82.4,2025-07-13 08:10:31-04:00,254.0,81.7,2,,,,True,0.01
2025-07-12,KXHIGHNY-25JUL12,90° or above,above,,,90.0,93.0,2,no,False,82.4,2025-07-12 11:48:00-04:00,42,82.4,2025-07-12 06:35:31-04:00,287.0,82.4,2,,,,True,0.02
2025-07-12,KXHIGHNY-25JUL12,88° to 89°,range,88.0,89.0,,88.5,1,no,False,82.4,2025-07-12 11:48:00-04:00,42,82.4,2025-07-12 06:35:31-04:00,287.0,82.4,2,,,,True,0.01
2025-07-12,KXHIGHNY-25JUL12,86° to 87°,range,86.0,87.0,,86.5,1,no,False,82.4,2025-07-12 11:48:00-04:00,42,82.4,2025-07-12 06:35:31-04:00,287.0,82.4,2,,,,True,0.01
2025-07-12,KXHIGHNY-25JUL12,81° or below,below,,,81.0,78.0,1,no,False,82.4,2025-07-12 11:48:00-04:00,42,82.4,2025-07-12 06:35:31-04:00,287.0,82.4,2,,,,True,0.01
2025-07-12,KXHIGHNY-25JUL12,84° to 85°,range,84.0,85.0,,84.5,1,no,False,82.4,2025-07-12 11:48:00-04:00,42,82.4,2025-07-12 06:35:31-04:00,287.0,82.4,2,,,,True,0.01
2025-07-12,KXHIGHNY-25JUL12,82° to 83°,range,82.0,83.0,,82.5,99,yes,True,82.4,2025-07-12 11:48:00-04:00,42,82.4,2025-07-12 06:35:31-04:00,287.0,82.4,2,,,,True,0.99
2025-07-11,KXHIGHNY-25JUL11,91° or above,above,,,91.0,94.0,1,no,False,84.0,2025-07-11 13:51:00-04:00,34,84.2,2025-07-11 08:20:31-04:00,288.0,84.1,2,,,,True,0.01
2025-07-11,KXHIGHNY-25JUL11,89° to 90°,range,89.0,90.0,,89.5,2,no,False,84.0,2025-07-11 13:51:00-04:00,34,84.2,2025-07-11 08:20:31-04:00,288.0,84.1,2,,,,True,0.02
2025-07-11,KXHIGHNY-25JUL11,87° to 88°,range,87.0,88.0,,87.5,1,no,False,84.0,2025-07-11 13:51:00-04:00,34,84.2,2025-07-11 08:20:31-04:00,288.0,84.1,2,,,,True,0.01
2025-07-11,KXHIGHNY-25JUL11,85° to 86°,range,85.0,86.0,,85.5,1,no,False,84.0,2025-07-11 13:51:00-04:00,34,84.2,2025-07-11 08:20:31-04:00,288.0,84.1,2,,,,True,0.01
2025-07-11,KXHIGHNY-25JUL11,83° to 84°,range,83.0,84.0,,83.5,99,yes,True,84.0,2025-07-11 13:51:00-04:00,34,84.2,2025-07-11 08:20:31-04:00,288.0,84.1,2,,,,False,0.99
2025-07-11,KXHIGHNY-25JUL11,82° or below,below,,,82.0,79.0,1,no,False,84.0,2025-07-11 13:51:00-04:00,34,84.2,2025-07-11 08:20:31-04:00,288.0,84.1,2,,,,True,0.01
2025-07-10,KXHIGHNY-25JUL10,85° or above,above,,,85.0,88.0,1,no,False,84.0,2025-07-09 20:51:00-04:00,29,78.8,2025-07-10 13:45:31-04:00,144.0,81.4,2,,,,True,0.01
2025-07-10,KXHIGHNY-25JUL10,83° to 84°,range,83.0,84.0,,83.5,99,yes,True,84.0,2025-07-09 20:51:00-04:00,29,78.8,2025-07-10 13:45:31-04:00,144.0,81.4,2,,,,False,0.99
2025-07-10,KXHIGHNY-25JUL10,81° to 82°,range,81.0,82.0,,81.5,1,no,False,84.0,2025-07-09 20:51:00-04:00,29,78.8,2025-07-10 13:45:31-04:00,144.0,81.4,2,,,,False,0.01
2025-07-10,KXHIGHNY-25JUL10,79° to 80°,range,79.0,80.0,,79.5,1,no,False,84.0,2025-07-09 20:51:00-04:00,29,78.8,2025-07-10 13:45:31-04:00,144.0,81.4,2,,,,True,0.01
2025-07-10,KXHIGHNY-25JUL10,77° to 78°,range,77.0,78.0,,77.5,1,no,False,84.0,2025-07-09 20:51:00-04:00,29,78.8,2025-07-10 13:45:31-04:00,144.0,81.4,2,,,,True,0.01
2025-07-10,KXHIGHNY-25JUL10,76° or below,below,,,76.0,73.0,1,no,False,84.0,2025-07-09 20:51:00-04:00,29,78.8,2025-07-10 13:45:31-04:00,144.0,81.4,2,,,,True,0.01
2025-07-09,KXHIGHNY-25JUL09,92° or above,above,,,92.0,95.0,1,no,False,90.0,2025-07-09 16:51:00-04:00,28,89.6,2025-07-09 09:15:31-04:00,288.0,89.8,2,,,,True,0.01
2025-07-09,KXHIGHNY-25JUL09,83° or below,below,,,83.0,80.0,1,no,False,90.0,2025-07-09 16:51:00-04:00,28,89.6,2025-07-09 09:15:31-04:00,288.0,89.8,2,,,,True,0.01
2025-07-09,KXHIGHNY-25JUL09,90° to 91°,range,90.0,91.0,,90.5,99,yes,True,90.0,2025-07-09 16:51:00-04:00,28,89.6,2025-07-09 09:15:31-04:00,288.0,89.8,2,,,,False,0.99
2025-07-09,KXHIGHNY-25JUL09,88° to 89°,range,88.0,89.0,,88.5,1,no,False,90.0,2025-07-09 16:51:00-04:00,28,89.6,2025-07-09 09:15:31-04:00,288.0,89.8,2,,,,True,0.01
2025-07-09,KXHIGHNY-25JUL09,86° to 87°,range,86.0,87.0,,86.5,1,no,False,90.0,2025-07-09 16:51:00-04:00,28,89.6,2025-07-09 09:15:31-04:00,288.0,89.8,2,,,,True,0.01
2025-07-09,KXHIGHNY-25JUL09,84° to 85°,range,84.0,85.0,,84.5,1,no,False,90.0,2025-07-09 16:51:00-04:00,28,89.6,2025-07-09 09:15:31-04:00,288.0,89.8,2,,,,True,0.01
2025-07-08,KXHIGHNY-25JUL08,96° or above,above,,,96.0,99.0,1,no,False,93.0,2025-07-08 13:51:00-04:00,32,93.2,2025-07-08 08:15:31-04:00,288.0,93.1,2,,,,True,0.01
2025-07-08,KXHIGHNY-25JUL08,94° to 95°,range,94.0,95.0,,94.5,1,no,False,93.0,2025-07-08 13:51:00-04:00,32,93.2,2025-07-08 08:15:31-04:00,288.0,93.1,2,,,,True,0.01
2025-07-08,KXHIGHNY-25JUL08,92° to 93°,range,92.0,93.0,,92.5,99,yes,True,93.0,2025-07-08 13:51:00-04:00,32,93.2,2025-07-08 08:15:31-04:00,288.0,93.1,2,,,,False,0.99
2025-07-08,KXHIGHNY-25JUL08,90° to 91°,range,90.0,91.0,,90.5,1,no,False,93.0,2025-07-08 13:51:00-04:00,32,93.2,2025-07-08 08:15:31-04:00,288.0,93.1,2,,,,True,0.01
2025-07-08,KXHIGHNY-25JUL08,87° or below,below,,,87.0,84.0,1,no,False,93.0,2025-07-08 13:51:00-04:00,32,93.2,2025-07-08 08:15:31-04:00,288.0,93.1,2,,,,True,0.01
2025-07-08,KXHIGHNY-25JUL08,88° to 89°,range,88.0,89.0,,88.5,1,no,False,93.0,2025-07-08 13:51:00-04:00,32,93.2,2025-07-08 08:15:31-04:00,288.0,93.1,2,,,,True,0.01
2025-07-07,KXHIGHNY-25JUL07,91° or above,above,,,91.0,94.0,1,no,False,86.0,2025-07-07 13:51:00-04:00,32,87.8,2025-07-07 08:45:31-04:00,171.0,86.9,2,,,,True,0.01
2025-07-07,KXHIGHNY-25JUL07,89° to 90°,range,89.0,90.0,,89.5,1,no,False,86.0,2025-07-07 13:51:00-04:00,32,87.8,2025-07-07 08:45:31-04:00,171.0,86.9,2,,,,True,0.01
2025-07-07,KXHIGHNY-25JUL07,87° to 88°,range,87.0,88.0,,87.5,99,yes,True,86.0,2025-07-07 13:51:00-04:00,32,87.8,2025-07-07 08:45:31-04:00,171.0,86.9,2,,,,False,0.99
2025-07-07,KXHIGHNY-25JUL07,85° to 86°,range,85.0,86.0,,85.5,1,no,False,86.0,2025-07-07 13:51:00-04:00,32,87.8,2025-07-07 08:45:31-04:00,171.0,86.9,2,,,,True,0.01
2025-07-07,KXHIGHNY-25JUL07,83° to 84°,range,83.0,84.0,,83.5,1,no,False,86.0,2025-07-07 13:51:00-04:00,32,87.8,2025-07-07 08:45:31-04:00,171.0,86.9,2,,,,True,0.01
2025-07-07,KXHIGHNY-25JUL07,82° or below,below,,,82.0,79.0,1,no,False,86.0,2025-07-07 13:51:00-04:00,32,87.8,2025-07-07 08:45:31-04:00,171.0,86.9,2,,,,True,0.01
2025-07-06,KXHIGHNY-25JUL06,94° or above,above,,,94.0,97.0,2,no,False,86.0,2025-07-06 13:51:00-04:00,25,87.8,2025-07-06 08:00:31-04:00,213.0,86.9,2,,,,True,0.02
2025-07-06,KXHIGHNY-25JUL06,92° to 93°,range,92.0,93.0,,92.5,2,no,False,86.0,2025-07-06 13:51:00-04:00,25,87.8,2025-07-06 08:00:31-04:00,213.0,86.9,2,,,,True,0.02
2025-07-06,KXHIGHNY-25JUL06,85° or below,below,,,85.0,82.0,1,no,False,86.0,2025-07-06 13:51:00-04:00,25,87.8,2025-07-06 08:00:31-04:00,213.0,86.9,2,,,,True,0.01
2025-07-06,KXHIGHNY-25JUL06,90° to 91°,range,90.0,91.0,,90.5,1,no,False,86.0,2025-07-06 13:51:00-04:00,25,87.8,2025-07-06 08:00:31-04:00,213.0,86.9,2,,,,True,0.01
2025-07-06,KXHIGHNY-25JUL06,88° to 89°,range,88.0,89.0,,88.5,1,no,False,86.0,2025-07-06 13:51:00-04:00,25,87.8,2025-07-06 08:00:31-04:00,213.0,86.9,2,,,,True,0.01
2025-07-06,KXHIGHNY-25JUL06,86° to 87°,range,86.0,87.0,,86.5,99,yes,True,86.0,2025-07-06 13:51:00-04:00,25,87.8,2025-07-06 08:00:31-04:00,213.0,86.9,2,,,,True,0.99
2025-07-05,KXHIGHNY-25JUL05,90° or above,above,,,90.0,93.0,2,no,False,82.9,2025-07-05 12:51:00-04:00,25,84.2,2025-07-05 08:00:31-04:00,288.0,83.6,2,,,,True,0.02
2025-07-05,KXHIGHNY-25JUL05,81° or below,below,,,81.0,78.0,1,no,False,82.9,2025-07-05 12:51:00-04:00,25,84.2,2025-07-05 08:00:31-04:00,288.0,83.6,2,,,,True,0.01
2025-07-05,KXHIGHNY-25JUL05,88° to 89°,range,88.0,89.0,,88.5,1,no,False,82.9,2025-07-05 12:51:00-04:00,25,84.2,2025-07-05 08:00:31-04:00,288.0,83.6,2,,,,True,0.01
2025-07-05,KXHIGHNY-25JUL05,86° to 87°,range,86.0,87.0,,86.5,1,no,False,82.9,2025-07-05 12:51:00-04:00,25,84.2,2025-07-05 08:00:31-04:00,288.0,83.6,2,,,,True,0.01
2025-07-05,KXHIGHNY-25JUL05,84° to 85°,range,84.0,85.0,,84.5,99,yes,True,82.9,2025-07-05 12:51:00-04:00,25,84.2,2025-07-05 08:00:31-04:00,288.0,83.6,2,,,,False,0.99
2025-07-05,KXHIGHNY-25JUL05,82° to 83°,range,82.0,83.0,,82.5,1,no,False,82.9,2025-07-05 12:51:00-04:00,25,84.2,2025-07-05 08:00:31-04:00,288.0,83.6,2,,,,True,0.01
2025-07-04,KXHIGHNY-25JUL04,90° or above,above,,,90.0,93.0,1,no,False,82.9,2025-07-04 16:51:00-04:00,25,82.4,2025-07-04 08:55:31-04:00,288.0,82.7,2,,,,True,0.01
2025-07-04,KXHIGHNY-25JUL04,81° or below,below,,,81.0,78.0,1,no,False,82.9,2025-07-04 16:51:00-04:00,25,82.4,2025-07-04 08:55:31-04:00,288.0,82.7,2,,,,True,0.01
2025-07-04,KXHIGHNY-25JUL04,88° to 89°,range,88.0,89.0,,88.5,2,no,False,82.9,2025-07-04 16:51:00-04:00,25,82.4,2025-07-04 08:55:31-04:00,288.0,82.7,2,,,,True,0.02
2025-07-04,KXHIGHNY-25JUL04,86° to 87°,range,86.0,87.0,,86.5,1,no,False,82.9,2025-07-04 16:51:00-04:00,25,82.4,2025-07-04 08:55:31-04:00,288.0,82.7,2,,,,True,0.01
2025-07-04,KXHIGHNY-25JUL04,84° to 85°,range,84.0,85.0,,84.5,1,no,False,82.9,2025-07-04 16:51:00-04:00,25,82.4,2025-07-04 08:55:31-04:00,288.0,82.7,2,,,,True,0.01
2025-07-04,KXHIGHNY-25JUL04,82° to 83°,range,82.0,83.0,,82.5,99,yes,True,82.9,2025-07-04 16:51:00-04:00,25,82.4,2025-07-04 08:55:31-04:00,288.0,82.7,2,,,,True,0.99
2025-07-03,KXHIGHNY-25JUL03,93° or above,above,,,93.0,96.0,2,no,False,87.1,2025-07-03 12:51:00-04:00,26,87.8,2025-07-03 07:20:31-04:00,233.0,87.4,2,,,,True,0.02
2025-07-03,KXHIGHNY-25JUL03,84° or below,below,,,84.0,81.0,1,no,False,87.1,2025-07-03 12:51:00-04:00,26,87.8,2025-07-03 07:20:31-04:00,233.0,87.4,2,,,,True,0.01
2025-07-03,KXHIGHNY-25JUL03,91° to 92°,range,91.0,92.0,,91.5,1,no,False,87.1,2025-07-03 12:51:00-04:00,26,87.8,2025-07-03 07:20:31-04:00,233.0,87.4,2,,,,True,0.01
2025-07-03,KXHIGHNY-25JUL03,89° to 90°,range,89.0,90.0,,89.5,1,no,False,87.1,2025-07-03 12:51:00-04:00,26,87.8,2025-07-03 07:20:31-04:00,233.0,87.4,2,,,,True,0.01
2025-07-03,KXHIGHNY-25JUL03,87° to 88°,range,87.0,88.0,,87.5,99,yes,True,87.1,2025-07-03 12:51:00-04:00,26,87.8,2025-07-03 07:20:31-04:00,233.0,87.4,2,,,,True,0.99
2025-07-03,KXHIGHNY-25JUL03,85° to 86°,range,85.0,86.0,,85.5,1,no,False,87.1,2025-07-03 12:51:00-04:00,26,87.8,2025-07-03 07:20:31-04:00,233.0,87.4,2,,,,True,0.01
2025-07-02,KXHIGHNY-25JUL02,87° or above,above,,,87.0,90.0,1,no,False,82.0,2025-07-02 14:51:00-04:00,38,84.2,2025-07-02 11:05:31-04:00,180.0,83.1,2,,,,True,0.01
2025-07-02,KXHIGHNY-25JUL02,78° or below,below,,,78.0,75.0,2,no,False,82.0,2025-07-02 14:51:00-04:00,38,84.2,2025-07-02 11:05:31-04:00,180.0,83.1,2,,,,True,0.02
2025-07-02,KXHIGHNY-25JUL02,85° to 86°,range,85.0,86.0,,85.5,1,no,False,82.0,2025-07-02 14:51:00-04:00,38,84.2,2025-07-02 11:05:31-04:00,180.0,83.1,2,,,,True,0.01
2025-07-02,KXHIGHNY-25JUL02,83° to 84°,range,83.0,84.0,,83.5,99,yes,True,82.0,2025-07-02 14:51:00-04:00,38,84.2,2025-07-02 11:05:31-04:00,180.0,83.1,2,,,,True,0.99
2025-07-02,KXHIGHNY-25JUL02,81° to 82°,range,81.0,82.0,,81.5,1,no,False,82.0,2025-07-02 14:51:00-04:00,38,84.2,2025-07-02 11:05:31-04:00,180.0,83.1,2,,,,True,0.01
2025-07-02,KXHIGHNY-25JUL02,79° to 80°,range,79.0,80.0,,79.5,1,no,False,82.0,2025-07-02 14:51:00-04:00,38,84.2,2025-07-02 11:05:31-04:00,180.0,83.1,2,,,,True,0.01
2025-07-01,KXHIGHNY-25JUL01,92° or above,above,,,92.0,95.0,1,no,False,87.1,2025-07-01 13:51:00-04:00,40,87.8,2025-07-01 08:00:31-04:00,245.0,87.4,2,,,,True,0.01
2025-07-01,KXHIGHNY-25JUL01,83° or below,below,,,83.0,80.0,1,no,False,87.1,2025-07-01 13:51:00-04:00,40,87.8,2025-07-01 08:00:31-04:00,245.0,87.4,2,,,,True,0.01
2025-07-01,KXHIGHNY-25JUL01,90° to 91°,range,90.0,91.0,,90.5,1,no,False,87.1,2025-07-01 13:51:00-04:00,40,87.8,2025-07-01 08:00:31-04:00,245.0,87.4,2,,,,True,0.01
2025-07-01,KXHIGHNY-25JUL01,88° to 89°,range,88.0,89.0,,88.5,99,yes,True,87.1,2025-07-01 13:51:00-04:00,40,87.8,2025-07-01 08:00:31-04:00,245.0,87.4,2,,,,False,0.99
2025-07-01,KXHIGHNY-25JUL01,86° to 87°,range,86.0,87.0,,86.5,1,no,False,87.1,2025-07-01 13:51:00-04:00,40,87.8,2025-07-01 08:00:31-04:00,245.0,87.4,2,,,,True,0.01
2025-07-01,KXHIGHNY-25JUL01,84° to 85°,range,84.0,85.0,,84.5,1,no,False,87.1,2025-07-01 13:51:00-04:00,40,87.8,2025-07-01 08:00:31-04:00,245.0,87.4,2,,,,True,0.01
2025-06-30,KXHIGHNY-25JUN30,94° or above,above,,,94.0,97.0,3,no,False,89.1,2025-06-30 12:51:00-04:00,25,89.6,2025-06-30 07:05:31-04:00,275.0,89.3,2,,,,True,0.03
2025-06-30,KXHIGHNY-25JUN30,92° to 93°,range,92.0,93.0,,92.5,1,no,False,89.1,2025-06-30 12:51:00-04:00,25,89.6,2025-06-30 07:05:31-04:00,275.0,89.3,2,,,,True,0.01
2025-06-30,KXHIGHNY-25JUN30,90° to 91°,range,90.0,91.0,,90.5,99,yes,True,89.1,2025-06-30 12:51:00-04:00,25,89.6,2025-06-30 07:05:31-04:00,275.0,89.3,2,,,,False,0.99
2025-06-30,KXHIGHNY-25JUN30,88° to 89°,range,88.0,89.0,,88.5,1,no,False,89.1,2025-06-30 12:51:00-04:00,25,89.6,2025-06-30 07:05:31-04:00,275.0,89.3,2,,,,True,0.01
2025-06-30,KXHIGHNY-25JUN30,86° to 87°,range,86.0,87.0,,86.5,1,no,False,89.1,2025-06-30 12:51:00-04:00,25,89.6,2025-06-30 07:05:31-04:00,275.0,89.3,2,,,,True,0.01
2025-06-30,KXHIGHNY-25JUN30,85° or below,below,,,85.0,82.0,1,no,False,89.1,2025-06-30 12:51:00-04:00,25,89.6,2025-06-30 07:05:31-04:00,275.0,89.3,2,,,,True,0.01
2025-06-29,KXHIGHNY-25JUN29,96° or above,above,,,96.0,99.0,1,no,False,88.0,2025-06-29 16:51:00-04:00,25,89.6,2025-06-29 13:10:31-04:00,143.0,88.8,2,,,,True,0.01
2025-06-29,KXHIGHNY-25JUN29,87° or below,below,,,87.0,84.0,1,no,False,88.0,2025-06-29 16:51:00-04:00,25,89.6,2025-06-29 13:10:31-04:00,143.0,88.8,2,,,,True,0.01
2025-06-29,KXHIGHNY-25JUN29,94° to 95°,range,94.0,95.0,,94.5,2,no,False,88.0,2025-06-29 16:51:00-04:00,25,89.6,2025-06-29 13:10:31-04:00,143.0,88.8,2,,,,True,0.02
2025-06-29,KXHIGHNY-25JUN29,92° to 93°,range,92.0,93.0,,92.5,5,no,False,88.0,2025-06-29 16:51:00-04:00,25,89.6,2025-06-29 13:10:31-04:00,143.0,88.8,2,,,,True,0.05
2025-06-29,KXHIGHNY-25JUN29,90° to 91°,range,90.0,91.0,,90.5,1,no,False,88.0,2025-06-29 16:51:00-04:00,25,89.6,2025-06-29 13:10:31-04:00,143.0,88.8,2,,,,True,0.01
2025-06-29,KXHIGHNY-25JUN29,88° to 89°,range,88.0,89.0,,88.5,99,yes,True,88.0,2025-06-29 16:51:00-04:00,25,89.6,2025-06-29 13:10:31-04:00,143.0,88.8,2,,,,True,0.99
2025-06-28,KXHIGHNY-25JUN28,90° or above,above,,,90.0,93.0,1,no,False,82.0,2025-06-28 16:51:00-04:00,41,82.4,2025-06-28 11:05:31-04:00,179.0,82.2,2,,,,True,0.01
2025-06-28,KXHIGHNY-25JUN28,88° to 89°,range,88.0,89.0,,88.5,1,no,False,82.0,2025-06-28 16:51:00-04:00,41,82.4,2025-06-28 11:05:31-04:00,179.0,82.2,2,,,,True,0.01
2025-06-28,KXHIGHNY-25JUN28,86° to 87°,range,86.0,87.0,,86.5,1,no,False,82.0,2025-06-28 16:51:00-04:00,41,82.4,2025-06-28 11:05:31-04:00,179.0,82.2,2,,,,True,0.01
2025-06-28,KXHIGHNY-25JUN28,84° to 85°,range,84.0,85.0,,84.5,1,no,False,82.0,2025-06-28 16:51:00-04:00,41,82.4,2025-06-28 11:05:31-04:00,179.0,82.2,2,,,,True,0.01
2025-06-28,KXHIGHNY-25JUN28,82° to 83°,range,82.0,83.0,,82.5,99,yes,True,82.0,2025-06-28 16:51:00-04:00,41,82.4,2025-06-28 11:05:31-04:00,179.0,82.2,2,,,,True,0.99
2025-06-28,KXHIGHNY-25JUN28,81° or below,below,,,81.0,78.0,1,no,False,82.0,2025-06-28 16:51:00-04:00,41,82.4,2025-06-28 11:05:31-04:00,179.0,82.2,2,,,,True,0.01
2025-06-27,KXHIGHNY-25JUN27,75° or above,above,,,75.0,78.0,1,no,False,71.1,2025-06-27 12:51:00-04:00,37,71.6,2025-06-27 07:30:31-04:00,259.0,71.3,2,,,,True,0.01
2025-06-27,KXHIGHNY-25JUN27,66° or below,below,,,66.0,63.0,2,no,False,71.1,2025-06-27 12:51:00-04:00,37,71.6,2025-06-27 07:30:31-04:00,259.0,71.3,2,,,,True,0.02
2025-06-27,KXHIGHNY-25JUN27,73° to 74°,range,73.0,74.0,,73.5,1,no,False,71.1,2025-06-27 12:51:00-04:00,37,71.6,2025-06-27 07:30:31-04:00,259.0,71.3,2,,,,True,0.01
2025-06-27,KXHIGHNY-25JUN27,71° to 72°,range,71.0,72.0,,71.5,99,yes,True,71.1,2025-06-27 12:51:00-04:00,37,71.6,2025-06-27 07:30:31-04:00,259.0,71.3,2,,,,True,0.99
2025-06-27,KXHIGHNY-25JUN27,69° to 70°,range,69.0,70.0,,69.5,1,no,False,71.1,2025-06-27 12:51:00-04:00,37,71.6,2025-06-27 07:30:31-04:00,259.0,71.3,2,,,,True,0.01
2025-06-27,KXHIGHNY-25JUN27,67° to 68°,range,67.0,68.0,,67.5,1,no,False,71.1,2025-06-27 12:51:00-04:00,37,71.6,2025-06-27 07:30:31-04:00,259.0,71.3,2,,,,True,0.01
2025-06-26,KXHIGHNY-25JUN26,91° or above,above,,,91.0,94.0,1,no,False,87.1,2025-06-25 20:51:00-04:00,35,84.2,2025-06-25 20:00:31-04:00,181.0,85.7,2,,,,True,0.01
2025-06-26,KXHIGHNY-25JUN26,82° or below,below,,,82.0,79.0,1,no,False,87.1,2025-06-25 20:51:00-04:00,35,84.2,2025-06-25 20:00:31-04:00,181.0,85.7,2,,,,True,0.01
2025-06-26,KXHIGHNY-25JUN26,89° to 90°,range,89.0,90.0,,89.5,1,no,False,87.1,2025-06-25 20:51:00-04:00,35,84.2,2025-06-25 20:00:31-04:00,181.0,85.7,2,,,,True,0.01
2025-06-26,KXHIGHNY-25JUN26,87° to 88°,range,87.0,88.0,,87.5,1,no,False,87.1,2025-06-25 20:51:00-04:00,35,84.2,2025-06-25 20:00:31-04:00,181.0,85.7,2,,,,True,0.01
2025-06-26,KXHIGHNY-25JUN26,85° to 86°,range,85.0,86.0,,85.5,99,yes,True,87.1,2025-06-25 20:51:00-04:00,35,84.2,2025-06-25 20:00:31-04:00,181.0,85.7,2,,,,True,0.99
2025-06-26,KXHIGHNY-25JUN26,83° to 84°,range,83.0,84.0,,83.5,1,no,False,87.1,2025-06-25 20:51:00-04:00,35,84.2,2025-06-25 20:00:31-04:00,181.0,85.7,2,,,,True,0.01
2025-06-25,KXHIGHNY-25JUN25,98° or above,above,,,98.0,101.0,1,no,False,95.0,2025-06-25 16:51:00-04:00,25,96.8,2025-06-25 07:40:31-04:00,176.0,95.9,2,,,,True,0.01
2025-06-25,KXHIGHNY-25JUN25,96° to 97°,range,96.0,97.0,,96.5,99,yes,True,95.0,2025-06-25 16:51:00-04:00,25,96.8,2025-06-25 07:40:31-04:00,176.0,95.9,2,,,,False,0.99
2025-06-25,KXHIGHNY-25JUN25,94° to 95°,range,94.0,95.0,,94.5,1,no,False,95.0,2025-06-25 16:51:00-04:00,25,96.8,2025-06-25 07:40:31-04:00,176.0,95.9,2,,,,True,0.01
2025-06-25,KXHIGHNY-25JUN25,92° to 93°,range,92.0,93.0,,92.5,1,no,False,95.0,2025-06-25 16:51:00-04:00,25,96.8,2025-06-25 07:40:31-04:00,176.0,95.9,2,,,,True,0.01
2025-06-25,KXHIGHNY-25JUN25,90° to 91°,range,90.0,91.0,,90.5,1,no,False,95.0,2025-06-25 16:51:00-04:00,25,96.8,2025-06-25 07:40:31-04:00,176.0,95.9,2,,,,True,0.01
2025-06-25,KXHIGHNY-25JUN25,89° or below,below,,,89.0,86.0,1,no,False,95.0,2025-06-25 16:51:00-04:00,25,96.8,2025-06-25 07:40:31-04:00,176.0,95.9,2,,,,True,0.01
2025-06-24,KXHIGHNY-25JUN24,106° or above,above,,,106.0,109.0,2,no,False,98.1,2025-06-24 15:51:00-04:00,25,98.6,2025-06-24 08:20:31-04:00,288.0,98.3,2,,,,True,0.02
2025-06-24,KXHIGHNY-25JUN24,97° or below,below,,,97.0,94.0,1,no,False,98.1,2025-06-24 15:51:00-04:00,25,98.6,2025-06-24 08:20:31-04:00,288.0,98.3,2,,,,True,0.01
2025-06-24,KXHIGHNY-25JUN24,98° to 99°,range,98.0,99.0,,98.5,99,yes,True,98.1,2025-06-24 15:51:00-04:00,25,98.6,2025-06-24 08:20:31-04:00,288.0,98.3,2,,,,True,0.99
2025-06-24,KXHIGHNY-25JUN24,104° to 105°,range,104.0,105.0,,104.5,1,no,False,98.1,2025-06-24 15:51:00-04:00,25,98.6,2025-06-24 08:20:31-04:00,288.0,98.3,2,,,,True,0.01
2025-06-24,KXHIGHNY-25JUN24,102° to 103°,range,102.0,103.0,,102.5,1,no,False,98.1,2025-06-24 15:51:00-04:00,25,98.6,2025-06-24 08:20:31-04:00,288.0,98.3,2,,,,True,0.01
2025-06-24,KXHIGHNY-25JUN24,100° to 101°,range,100.0,101.0,,100.5,1,no,False,98.1,2025-06-24 15:51:00-04:00,25,98.6,2025-06-24 08:20:31-04:00,288.0,98.3,2,,,,True,0.01
2025-06-23,KXHIGHNY-25JUN23,93° or below,below,,,93.0,90.0,1,no,False,95.0,2025-06-23 13:51:00-04:00,25,96.8,2025-06-23 07:40:31-04:00,169.0,95.9,2,,,,True,0.01
2025-06-23,KXHIGHNY-25JUN23,102° or above,above,,,102.0,105.0,1,no,False,95.0,2025-06-23 13:51:00-04:00,25,96.8,2025-06-23 07:40:31-04:00,169.0,95.9,2,,,,True,0.01
2025-06-23,KXHIGHNY-25JUN23,98° to 99°,range,98.0,99.0,,98.5,1,no,False,95.0,2025-06-23 13:51:00-04:00,25,96.8,2025-06-23 07:40:31-04:00,169.0,95.9,2,,,,True,0.01
2025-06-23,KXHIGHNY-25JUN23,96° to 97°,range,96.0,97.0,,96.5,99,yes,True,95.0,2025-06-23 13:51:00-04:00,25,96.8,2025-06-23 07:40:31-04:00,169.0,95.9,2,,,,False,0.99
2025-06-23,KXHIGHNY-25JUN23,94° to 95°,range,94.0,95.0,,94.5,1,no,False,95.0,2025-06-23 13:51:00-04:00,25,96.8,2025-06-23 07:40:31-04:00,169.0,95.9,2,,,,True,0.01
2025-06-23,KXHIGHNY-25JUN23,100° to 101°,range,100.0,101.0,,100.5,1,no,False,95.0,2025-06-23 13:51:00-04:00,25,96.8,2025-06-23 07:40:31-04:00,169.0,95.9,2,,,,True,0.01
2025-06-22,KXHIGHNY-25JUN22,101° or above,above,,,101.0,104.0,1,no,False,87.1,2025-06-22 16:51:00-04:00,27,87.8,2025-06-22 11:45:31-04:00,214.0,87.4,2,,,,True,0.01
2025-06-22,KXHIGHNY-25JUN22,99° to 100°,range,99.0,100.0,,99.5,1,no,False,87.1,2025-06-22 16:51:00-04:00,27,87.8,2025-06-22 11:45:31-04:00,214.0,87.4,2,,,,True,0.01
2025-06-22,KXHIGHNY-25JUN22,97° to 98°,range,97.0,98.0,,97.5,1,no,False,87.1,2025-06-22 16:51:00-04:00,27,87.8,2025-06-22 11:45:31-04:00,214.0,87.4,2,,,,True,0.01
2025-06-22,KXHIGHNY-25JUN22,95° to 96°,range,95.0,96.0,,95.5,1,no,False,87.1,2025-06-22 16:51:00-04:00,27,87.8,2025-06-22 11:45:31-04:00,214.0,87.4,2,,,,True,0.01
2025-06-22,KXHIGHNY-25JUN22,93° to 94°,range,93.0,94.0,,93.5,1,no,False,87.1,2025-06-22 16:51:00-04:00,27,87.8,2025-06-22 11:45:31-04:00,214.0,87.4,2,,,,True,0.01
2025-06-22,KXHIGHNY-25JUN22,92° or below,below,,,92.0,89.0,99,yes,True,87.1,2025-06-22 16:51:00-04:00,27,87.8,2025-06-22 11:45:31-04:00,214.0,87.4,2,,,,True,0.99
2025-06-21,KXHIGHNY-25JUN21,94° or above,above,,,94.0,97.0,5,no,False,86.0,2025-06-21 15:51:00-04:00,25,86.0,2025-06-21 10:50:31-04:00,240.0,86.0,2,,,,True,0.05
2025-06-21,KXHIGHNY-25JUN21,85° or below,below,,,85.0,82.0,1,no,False,86.0,2025-06-21 15:51:00-04:00,25,86.0,2025-06-21 10:50:31-04:00,240.0,86.0,2,,,,True,0.01
2025-06-21,KXHIGHNY-25JUN21,92° to 93°,range,92.0,93.0,,92.5,1,no,False,86.0,2025-06-21 15:51:00-04:00,25,86.0,2025-06-21 10:50:31-04:00,240.0,86.0,2,,,,True,0.01
2025-06-21,KXHIGHNY-25JUN21,90° to 91°,range,90.0,91.0,,90.5,1,no,False,86.0,2025-06-21 15:51:00-04:00,25,86.0,2025-06-21 10:50:31-04:00,240.0,86.0,2,,,,True,0.01
2025-06-21,KXHIGHNY-25JUN21,88° to 89°,range,88.0,89.0,,88.5,1,no,False,86.0,2025-06-21 15:51:00-04:00,25,86.0,2025-06-21 10:50:31-04:00,240.0,86.0,2,,,,True,0.01
2025-06-21,KXHIGHNY-25JUN21,86° to 87°,range,86.0,87.0,,86.5,99,yes,True,86.0,2025-06-21 15:51:00-04:00,25,86.0,2025-06-21 10:50:31-04:00,240.0,86.0,2,,,,True,0.99
2025-06-20,KXHIGHNY-25JUN20,89° or above,above,,,89.0,92.0,1,no,False,81.0,2025-06-20 14:51:00-04:00,26,80.6,2025-06-20 13:45:31-04:00,143.0,80.8,2,,,,True,0.01
2025-06-20,KXHIGHNY-25JUN20,87° to 88°,range,87.0,88.0,,87.5,1,no,False,81.0,2025-06-20 14:51:00-04:00,26,80.6,2025-06-20 13:45:31-04:00,143.0,80.8,2,,,,True,0.01
2025-06-20,KXHIGHNY-25JUN20,85° to 86°,range,85.0,86.0,,85.5,1,no,False,81.0,2025-06-20 14:51:00-04:00,26,80.6,2025-06-20 13:45:31-04:00,143.0,80.8,2,,,,True,0.01
2025-06-20,KXHIGHNY-25JUN20,80° or below,below,,,80.0,77.0,1,no,False,81.0,2025-06-20 14:51:00-04:00,26,80.6,2025-06-20 13:45:31-04:00,143.0,80.8,2,,,,True,0.01
2025-06-20,KXHIGHNY-25JUN20,83° to 84°,range,83.0,84.0,,83.5,1,no,False,81.0,2025-06-20 14:51:00-04:00,26,80.6,2025-06-20 13:45:31-04:00,143.0,80.8,2,,,,True,0.01
2025-06-20,KXHIGHNY-25JUN20,81° to 82°,range,81.0,82.0,,81.5,99,yes,True,81.0,2025-06-20 14:51:00-04:00,26,80.6,2025-06-20 13:45:31-04:00,143.0,80.8,2,,,,False,0.99
2025-06-19,KXHIGHNY-25JUN19,95° or above,above,,,95.0,98.0,2,no,False,87.1,2025-06-19 12:51:00-04:00,42,87.8,2025-06-19 07:05:31-04:00,245.0,87.4,2,,,,True,0.02
2025-06-19,KXHIGHNY-25JUN19,93° to 94°,range,93.0,94.0,,93.5,1,no,False,87.1,2025-06-19 12:51:00-04:00,42,87.8,2025-06-19 07:05:31-04:00,245.0,87.4,2,,,,True,0.01
2025-06-19,KXHIGHNY-25JUN19,86° or below,below,,,86.0,83.0,1,no,False,87.1,2025-06-19 12:51:00-04:00,42,87.8,2025-06-19 07:05:31-04:00,245.0,87.4,2,,,,True,0.01
2025-06-19,KXHIGHNY-25JUN19,91° to 92°,range,91.0,92.0,,91.5,1,no,False,87.1,2025-06-19 12:51:00-04:00,42,87.8,2025-06-19 07:05:31-04:00,245.0,87.4,2,,,,True,0.01
2025-06-19,KXHIGHNY-25JUN19,89° to 90°,range,89.0,90.0,,89.5,1,no,False,87.1,2025-06-19 12:51:00-04:00,42,87.8,2025-06-19 07:05:31-04:00,245.0,87.4,2,,,,True,0.01
2025-06-19,KXHIGHNY-25JUN19,87° to 88°,range,87.0,88.0,,87.5,99,yes,True,87.1,2025-06-19 12:51:00-04:00,42,87.8,2025-06-19 07:05:31-04:00,245.0,87.4,2,,,,True,0.99
2025-06-18,KXHIGHNY-25JUN18,85° or above,above,,,85.0,88.0,1,no,False,82.9,2025-06-18 16:51:00-04:00,57,80.6,2025-06-18 08:50:31-04:00,217.0,81.8,2,,,,True,0.01
2025-06-18,KXHIGHNY-25JUN18,83° to 84°,range,83.0,84.0,,83.5,99,yes,True,82.9,2025-06-18 16:51:00-04:00,57,80.6,2025-06-18 08:50:31-04:00,217.0,81.8,2,,,,False,0.99
2025-06-18,KXHIGHNY-25JUN18,81° to 82°,range,81.0,82.0,,81.5,1,no,False,82.9,2025-06-18 16:51:00-04:00,57,80.6,2025-06-18 08:50:31-04:00,217.0,81.8,2,,,,False,0.01
2025-06-18,KXHIGHNY-25JUN18,79° to 80°,range,79.0,80.0,,79.5,1,no,False,82.9,2025-06-18 16:51:00-04:00,57,80.6,2025-06-18 08:50:31-04:00,217.0,81.8,2,,,,True,0.01
2025-06-18,KXHIGHNY-25JUN18,77° to 78°,range,77.0,78.0,,77.5,1,no,False,82.9,2025-06-18 16:51:00-04:00,57,80.6,2025-06-18 08:50:31-04:00,217.0,81.8,2,,,,True,0.01
2025-06-18,KXHIGHNY-25JUN18,76° or below,below,,,76.0,73.0,1,no,False,82.9,2025-06-18 16:51:00-04:00,57,80.6,2025-06-18 08:50:31-04:00,217.0,81.8,2,,,,True,0.01
