timestamp,ticker,yes_bid,yes_ask,no_bid,no_ask,last_price,open_interest,volume,liquidity
2025-11-24T23:05:38.527224+00:00,KXHIGHNY-25NOV25-T59,5,8,92,95,3,214,227,181972
2025-11-24T23:05:38.527224+00:00,KXHIGHNY-25NOV25-T52,1,3,97,99,1,219,219,130310
2025-11-24T23:05:38.527224+00:00,KXHIGHNY-25NOV25-B58.5,21,22,78,79,18,602,645,320468
2025-11-24T23:05:38.527224+00:00,KXHIGHNY-25NOV25-B56.5,32,33,67,68,33,1653,2103,340730
2025-11-24T23:05:38.527224+00:00,KXHIGHNY-25NOV25-B54.5,37,39,61,63,42,4269,4888,564884
2025-11-24T23:05:38.527224+00:00,KXHIGHNY-25NOV25-B52.5,7,8,92,93,9,1468,1782,234535
2025-11-24T23:05:38.527224+00:00,KXHIGHNY-25NOV24-T56,0,1,99,100,1,6509,6549,43431
2025-11-24T23:05:38.527224+00:00,KXHIGHNY-25NOV24-T49,0,1,99,100,1,4964,6583,2406891
2025-11-24T23:05:38.527224+00:00,KXHIGHNY-25NOV24-B55.5,0,1,99,100,1,11815,16103,32182
2025-11-24T23:05:38.527224+00:00,KXHIGHNY-25NOV24-B53.5,0,1,99,100,1,19572,36626,65907
2025-11-24T23:05:38.527224+00:00,KXHIGHNY-25NOV24-B51.5,99,100,0,1,99,16704,38900,38057
2025-11-24T23:05:38.527224+00:00,KXHIGHNY-25NOV24-B49.5,0,1,99,100,1,7853,17216,2479735
2025-11-24T23:06:38.674866+00:00,KXHIGHNY-25NOV25-T59,5,8,92,95,3,214,227,181972
2025-11-24T23:06:38.674866+00:00,KXHIGHNY-25NOV25-T52,1,3,97,99,1,219,219,128710
2025-11-24T23:06:38.674866+00:00,KXHIGHNY-25NOV25-B58.5,21,22,78,79,18,602,645,301557
2025-11-24T23:06:38.674866+00:00,KXHIGHNY-25NOV25-B56.5,32,33,67,68,33,1653,2103,340735
2025-11-24T23:06:38.674866+00:00,KXHIGHNY-25NOV25-B54.5,37,39,61,63,42,4269,4888,565432
2025-11-24T23:06:38.674866+00:00,KXHIGHNY-25NOV25-B52.5,7,8,92,93,9,1468,1782,233739
2025-11-24T23:06:38.674866+00:00,KXHIGHNY-25NOV24-T56,0,1,99,100,1,6509,6549,43431
2025-11-24T23:06:38.674866+00:00,KXHIGHNY-25NOV24-T49,0,1,99,100,1,4964,6583,2406891
2025-11-24T23:06:38.674866+00:00,KXHIGHNY-25NOV24-B55.5,0,1,99,100,1,11815,16103,32182
2025-11-24T23:06:38.674866+00:00,KXHIGHNY-25NOV24-B53.5,0,1,99,100,1,19572,36626,65907
2025-11-24T23:06:38.674866+00:00,KXHIGHNY-25NOV24-B51.5,99,100,0,1,99,16704,38900,38057
2025-11-24T23:06:38.674866+00:00,KXHIGHNY-25NOV24-B49.5,0,1,99,100,1,7853,17216,2479342
2025-11-24T23:07:38.825412+00:00,KXHIGHNY-25NOV25-T59,5,8,92,95,3,214,227,181607
2025-11-24T23:07:38.825412+00:00,KXHIGHNY-25NOV25-T52,2,3,97,98,1,219,219,123304
2025-11-24T23:07:38.825412+00:00,KXHIGHNY-25NOV25-B58.5,21,22,78,79,18,602,645,298553
2025-11-24T23:07:38.825412+00:00,KXHIGHNY-25NOV25-B56.5,32,33,67,68,33,1653,2103,362839
2025-11-24T23:07:38.825412+00:00,KXHIGHNY-25NOV25-B54.5,37,39,61,63,42,4269,4888,1060406
2025-11-24T23:07:38.825412+00:00,KXHIGHNY-25NOV25-B52.5,7,8,92,93,9,1468,1782,234414
2025-11-24T23:07:38.825412+00:00,KXHIGHNY-25NOV24-T56,0,1,99,100,1,6509,6549,281231
2025-11-24T23:07:38.825412+00:00,KXHIGHNY-25NOV24-T49,0,1,99,100,1,4964,6583,2406891
2025-11-24T23:07:38.825412+00:00,KXHIGHNY-25NOV24-B55.5,0,1,99,100,1,11815,16103,32182
2025-11-24T23:07:38.825412+00:00,KXHIGHNY-25NOV24-B53.5,0,1,99,100,1,19572,36626,302307
2025-11-24T23:07:38.825412+00:00,KXHIGHNY-25NOV24-B51.5,99,100,0,1,99,16704,38900,247667
2025-11-24T23:07:38.825412+00:00,KXHIGHNY-25NOV24-B49.5,0,1,99,100,1,7853,17216,2683342
2025-11-24T23:08:38.891000+00:00,KXHIGHNY-25NOV25-T59,6,7,93,94,3,214,227,439986
2025-11-24T23:08:38.891000+00:00,KXHIGHNY-25NOV25-T52,2,3,97,98,1,219,219,371828
2025-11-24T23:08:38.891000+00:00,KXHIGHNY-25NOV25-B58.5,21,22,78,79,18,602,645,760225
2025-11-24T23:08:38.891000+00:00,KXHIGHNY-25NOV25-B56.5,32,33,67,68,33,1653,2103,802080
2025-11-24T23:08:38.891000+00:00,KXHIGHNY-25NOV25-B54.5,39,44,56,61,38,4272,4914,1051522
2025-11-24T23:08:38.891000+00:00,KXHIGHNY-25NOV25-B52.5,7,10,90,93,10,1599,1939,447811
2025-11-24T23:08:38.891000+00:00,KXHIGHNY-25NOV24-T56,0,1,99,100,1,6509,6549,296231
2025-11-24T23:08:38.891000+00:00,KXHIGHNY-25NOV24-T49,0,1,99,100,1,4964,6583,2610891
2025-11-24T23:08:38.891000+00:00,KXHIGHNY-25NOV24-B55.5,0,1,99,100,1,11815,16103,284982
2025-11-24T23:08:38.891000+00:00,KXHIGHNY-25NOV24-B53.5,0,1,99,100,1,19572,36626,318707
2025-11-24T23:08:38.891000+00:00,KXHIGHNY-25NOV24-B51.5,99,100,0,1,99,16704,38900,247667
2025-11-24T23:08:38.891000+00:00,KXHIGHNY-25NOV24-B49.5,0,1,99,100,1,7853,17216,2683735
2025-11-24T23:09:39.022519+00:00,KXHIGHNY-25NOV25-T59,6,7,93,94,3,214,227,439986
2025-11-24T23:09:39.022519+00:00,KXHIGHNY-25NOV25-T52,2,3,97,98,1,219,219,326612
2025-11-24T23:09:39.022519+00:00,KXHIGHNY-25NOV25-B58.5,21,22,78,79,18,602,645,760389
2025-11-24T23:09:39.022519+00:00,KXHIGHNY-25NOV25-B56.5,32,33,67,68,33,1653,2103,800526
2025-11-24T23:09:39.022519+00:00,KXHIGHNY-25NOV25-B54.5,39,44,56,61,38,4272,4914,1051522
2025-11-24T23:09:39.022519+00:00,KXHIGHNY-25NOV25-B52.5,7,10,90,93,10,1599,1939,461136
2025-11-24T23:09:39.022519+00:00,KXHIGHNY-25NOV24-T56,0,1,99,100,1,6509,6549,296231
2025-11-24T23:09:39.022519+00:00,KXHIGHNY-25NOV24-T49,0,1,99,100,1,4964,6583,2610891
2025-11-24T23:09:39.022519+00:00,KXHIGHNY-25NOV24-B55.5,0,1,99,100,1,11815,16103,284982
2025-11-24T23:09:39.022519+00:00,KXHIGHNY-25NOV24-B53.5,0,1,99,100,1,19572,36626,318707
2025-11-24T23:09:39.022519+00:00,KXHIGHNY-25NOV24-B51.5,99,100,0,1,99,16704,38900,247667
2025-11-24T23:09:39.022519+00:00,KXHIGHNY-25NOV24-B49.5,0,1,99,100,1,7853,17216,2683735
2025-11-24T23:10:39.088745+00:00,KXHIGHNY-25NOV25-T59,6,7,93,94,3,214,227,438986
2025-11-24T23:10:39.088745+00:00,KXHIGHNY-25NOV25-T52,2,3,97,98,1,219,219,371694
2025-11-24T23:10:39.088745+00:00,KXHIGHNY-25NOV25-B58.5,21,22,78,79,18,602,645,760357
2025-11-24T23:10:39.088745+00:00,KXHIGHNY-25NOV25-B56.5,32,33,67,68,33,1653,2103,800391
2025-11-24T23:10:39.088745+00:00,KXHIGHNY-25NOV25-B54.5,39,43,57,61,38,4272,4914,1051370
2025-11-24T23:10:39.088745+00:00,KXHIGHNY-25NOV25-B52.5,9,10,90,91,10,1599,1939,454255
2025-11-24T23:10:39.088745+00:00,KXHIGHNY-25NOV24-T56,0,1,99,100,1,6509,6549,296231
2025-11-24T23:10:39.088745+00:00,KXHIGHNY-25NOV24-T49,0,1,99,100,1,4964,6583,2610891
2025-11-24T23:10:39.088745+00:00,KXHIGHNY-25NOV24-B55.5,0,1,99,100,1,11815,16103,284982
2025-11-24T23:10:39.088745+00:00,KXHIGHNY-25NOV24-B53.5,0,1,99,100,1,19572,36626,318707
2025-11-24T23:10:39.088745+00:00,KXHIGHNY-25NOV24-B51.5,99,100,0,1,99,16704,38900,247667
2025-11-24T23:10:39.088745+00:00,KXHIGHNY-25NOV24-B49.5,0,1,99,100,1,7853,17216,2683735
2025-11-24T23:11:39.300983+00:00,KXHIGHNY-25NOV25-T59,6,7,93,94,3,214,227,438986
2025-11-24T23:11:39.300983+00:00,KXHIGHNY-25NOV25-T52,2,3,97,98,1,219,219,324894
2025-11-24T23:11:39.300983+00:00,KXHIGHNY-25NOV25-B58.5,21,22,78,79,18,602,645,760389
2025-11-24T23:11:39.300983+00:00,KXHIGHNY-25NOV25-B56.5,32,33,67,68,33,1653,2103,800314
2025-11-24T23:11:39.300983+00:00,KXHIGHNY-25NOV25-B54.5,39,43,57,61,38,4272,4914,1051410
2025-11-24T23:11:39.300983+00:00,KXHIGHNY-25NOV25-B52.5,9,10,90,91,10,1599,1939,446580
2025-11-24T23:11:39.300983+00:00,KXHIGHNY-25NOV24-T56,0,1,99,100,1,6509,6549,296231
2025-11-24T23:11:39.300983+00:00,KXHIGHNY-25NOV24-T49,0,1,99,100,1,4964,6583,2610891
2025-11-24T23:11:39.300983+00:00,KXHIGHNY-25NOV24-B55.5,0,1,99,100,1,11815,16103,284982
2025-11-24T23:11:39.300983+00:00,KXHIGHNY-25NOV24-B53.5,0,1,99,100,1,19572,36626,318707
2025-11-24T23:11:39.300983+00:00,KXHIGHNY-25NOV24-B51.5,99,100,0,1,99,16704,38900,247667
2025-11-24T23:11:39.300983+00:00,KXHIGHNY-25NOV24-B49.5,0,1,99,100,1,7853,17216,2683342
2025-11-24T23:12:39.338495+00:00,KXHIGHNY-25NOV25-T59,3,6,94,97,2,231,260,178664
2025-11-24T23:12:39.338495+00:00,KXHIGHNY-25NOV25-T52,2,3,97,98,2,237,237,121011
2025-11-24T23:12:39.338495+00:00,KXHIGHNY-25NOV25-B58.5,13,20,80,87,21,620,663,311792
2025-11-24T23:12:39.338495+00:00,KXHIGHNY-25NOV25-B56.5,32,33,67,68,32,1671,2121,366683
2025-11-24T23:12:39.338495+00:00,KXHIGHNY-25NOV25-B54.5,39,46,54,61,39,4273,4932,574103
2025-11-24T23:12:39.338495+00:00,KXHIGHNY-25NOV25-B52.5,9,10,90,91,9,1601,1957,232222
2025-11-24T23:12:39.338495+00:00,KXHIGHNY-25NOV24-T56,0,1,99,100,1,6509,6549,43431
2025-11-24T23:12:39.338495+00:00,KXHIGHNY-25NOV24-T49,0,1,99,100,1,4964,6583,2406891
2025-11-24T23:12:39.338495+00:00,KXHIGHNY-25NOV24-B55.5,0,1,99,100,1,11815,16103,32182
2025-11-24T23:12:39.338495+00:00,KXHIGHNY-25NOV24-B53.5,0,1,99,100,1,19572,36626,65907
2025-11-24T23:12:39.338495+00:00,KXHIGHNY-25NOV24-B51.5,99,100,0,1,99,16704,38900,38057
2025-11-24T23:12:39.338495+00:00,KXHIGHNY-25NOV24-B49.5,0,1,99,100,1,7853,17216,2479342
2025-11-24T23:13:39.481078+00:00,KXHIGHNY-25NOV25-T59,3,6,94,97,2,231,260,437119
2025-11-24T23:13:39.481078+00:00,KXHIGHNY-25NOV25-T52,2,3,97,98,2,237,237,332131
2025-11-24T23:13:39.481078+00:00,KXHIGHNY-25NOV25-B58.5,21,22,78,79,20,640,683,741162
2025-11-24T23:13:39.481078+00:00,KXHIGHNY-25NOV25-B56.5,31,32,68,69,32,1673,2123,773725
2025-11-24T23:13:39.481078+00:00,KXHIGHNY-25NOV25-B54.5,35,39,61,65,39,4278,5006,1054560
2025-11-24T23:13:39.481078+00:00,KXHIGHNY-25NOV25-B52.5,7,8,92,93,9,1615,1982,486669
2025-11-24T23:13:39.481078+00:00,KXHIGHNY-25NOV24-T56,0,1,99,100,1,6509,6549,296231
2025-11-24T23:13:39.481078+00:00,KXHIGHNY-25NOV24-T49,0,1,99,100,1,4964,6583,2610891
2025-11-24T23:13:39.481078+00:00,KXHIGHNY-25NOV24-B55.5,0,1,99,100,1,11815,16103,284982
2025-11-24T23:13:39.481078+00:00,KXHIGHNY-25NOV24-B53.5,0,1,99,100,1,19572,36626,318707
2025-11-24T23:13:39.481078+00:00,KXHIGHNY-25NOV24-B51.5,99,100,0,1,99,16704,38900,247667
2025-11-24T23:13:39.481078+00:00,KXHIGHNY-25NOV24-B49.5,0,1,99,100,1,7853,17216,2683735
2025-11-24T23:14:39.527431+00:00,KXHIGHNY-25NOV25-T59,3,6,94,97,2,231,260,437119
2025-11-24T23:14:39.527431+00:00,KXHIGHNY-25NOV25-T52,2,3,97,98,2,237,237,377173
2025-11-24T23:14:39.527431+00:00,KXHIGHNY-25NOV25-B58.5,21,22,78,79,20,640,683,741217
2025-11-24T23:14:39.527431+00:00,KXHIGHNY-25NOV25-B56.5,31,32,68,69,32,1673,2123,773820
2025-11-24T23:14:39.527431+00:00,KXHIGHNY-25NOV25-B54.5,35,39,61,65,39,4278,5006,1054528
2025-11-24T23:14:39.527431+00:00,KXHIGHNY-25NOV25-B52.5,7,8,92,93,9,1615,1982,486669
2025-11-24T23:14:39.527431+00:00,KXHIGHNY-25NOV24-T56,0,1,99,100,1,6509,6549,296231
2025-11-24T23:14:39.527431+00:00,KXHIGHNY-25NOV24-T49,0,1,99,100,1,4964,6583,2610891
2025-11-24T23:14:39.527431+00:00,KXHIGHNY-25NOV24-B55.5,0,1,99,100,1,11815,16103,284982
2025-11-24T23:14:39.527431+00:00,KXHIGHNY-25NOV24-B53.5,0,1,99,100,1,19572,36626,318707
2025-11-24T23:14:39.527431+00:00,KXHIGHNY-25NOV24-B51.5,99,100,0,1,99,16704,38900,247667
2025-11-24T23:14:39.527431+00:00,KXHIGHNY-25NOV24-B49.5,0,1,99,100,1,7853,17216,2683735
2025-11-24T23:15:39.719134+00:00,KXHIGHNY-25NOV25-T59,2,6,94,98,2,231,260,436708
2025-11-24T23:15:39.719134+00:00,KXHIGHNY-25NOV25-T52,2,3,97,98,2,237,237,331939
2025-11-24T23:15:39.719134+00:00,KXHIGHNY-25NOV25-B58.5,21,22,78,79,20,640,683,741274
2025-11-24T23:15:39.719134+00:00,KXHIGHNY-25NOV25-B56.5,31,32,68,69,32,1673,2123,774972
2025-11-24T23:15:39.719134+00:00,KXHIGHNY-25NOV25-B54.5,36,39,61,64,39,4278,5006,1043006
2025-11-24T23:15:39.719134+00:00,KXHIGHNY-25NOV25-B52.5,7,8,92,93,9,1615,1982,486018
2025-11-24T23:15:39.719134+00:00,KXHIGHNY-25NOV24-T56,0,1,99,100,1,6509,6549,296231
2025-11-24T23:15:39.719134+00:00,KXHIGHNY-25NOV24-T49,0,1,99,100,1,4964,6583,2610891
2025-11-24T23:15:39.719134+00:00,KXHIGHNY-25NOV24-B55.5,0,1,99,100,1,11815,16103,284982
2025-11-24T23:15:39.719134+00:00,KXHIGHNY-25NOV24-B53.5,0,1,99,100,1,19572,36626,318707
2025-11-24T23:15:39.719134+00:00,KXHIGHNY-25NOV24-B51.5,99,100,0,1,99,16704,38904,247663
2025-11-24T23:15:39.719134+00:00,KXHIGHNY-25NOV24-B49.5,0,1,99,100,1,7853,17216,2683735
2025-11-24T23:16:39.777739+00:00,KXHIGHNY-25NOV25-T59,2,6,94,98,2,231,260,436708
2025-11-24T23:16:39.777739+00:00,KXHIGHNY-25NOV25-T52,2,3,97,98,2,237,237,331973
2025-11-24T23:16:39.777739+00:00,KXHIGHNY-25NOV25-B58.5,21,22,78,79,20,640,683,741274
2025-11-24T23:16:39.777739+00:00,KXHIGHNY-25NOV25-B56.5,31,32,68,69,32,1673,2123,788312
2025-11-24T23:16:39.777739+00:00,KXHIGHNY-25NOV25-B54.5,35,39,61,65,39,4278,5006,1054003
2025-11-24T23:16:39.777739+00:00,KXHIGHNY-25NOV25-B52.5,7,8,92,93,9,1615,1982,485702
2025-11-24T23:16:39.777739+00:00,KXHIGHNY-25NOV24-T56,0,1,99,100,1,6509,6549,296231
2025-11-24T23:16:39.777739+00:00,KXHIGHNY-25NOV24-T49,0,1,99,100,1,4964,6583,2610891
2025-11-24T23:16:39.777739+00:00,KXHIGHNY-25NOV24-B55.5,0,1,99,100,1,11815,16103,284982
2025-11-24T23:16:39.777739+00:00,KXHIGHNY-25NOV24-B53.5,0,1,99,100,1,19572,36626,318707
2025-11-24T23:16:39.777739+00:00,KXHIGHNY-25NOV24-B51.5,99,100,0,1,99,16704,38904,247663
2025-11-24T23:16:39.777739+00:00,KXHIGHNY-25NOV24-B49.5,0,1,99,100,1,7853,17216,2683342
2025-11-24T23:17:39.938860+00:00,KXHIGHNY-25NOV25-T59,2,7,93,98,2,231,260,176188
2025-11-24T23:17:39.938860+00:00,KXHIGHNY-25NOV25-T52,2,3,97,98,2,237,237,128089
2025-11-24T23:17:39.938860+00:00,KXHIGHNY-25NOV25-B58.5,21,22,78,79,20,640,683,321138
2025-11-24T23:17:39.938860+00:00,KXHIGHNY-25NOV25-B56.5,31,32,68,69,32,1673,2123,336333
2025-11-24T23:17:39.938860+00:00,KXHIGHNY-25NOV25-B54.5,35,39,61,65,39,4278,5006,588475
2025-11-24T23:17:39.938860+00:00,KXHIGHNY-25NOV25-B52.5,7,8,92,93,9,1615,1982,229133
2025-11-24T23:17:39.938860+00:00,KXHIGHNY-25NOV24-T56,0,1,99,100,1,6509,6549,43431
2025-11-24T23:17:39.938860+00:00,KXHIGHNY-25NOV24-T49,0,1,99,100,1,4964,6583,2406891
2025-11-24T23:17:39.938860+00:00,KXHIGHNY-25NOV24-B55.5,0,1,99,100,1,11815,16103,32182
2025-11-24T23:17:39.938860+00:00,KXHIGHNY-25NOV24-B53.5,0,1,99,100,1,19572,36626,65907
2025-11-24T23:17:39.938860+00:00,KXHIGHNY-25NOV24-B51.5,99,100,0,1,99,16704,38904,38053
2025-11-24T23:17:39.938860+00:00,KXHIGHNY-25NOV24-B49.5,0,1,99,100,1,7853,17216,2479342
2025-11-24T23:18:39.981372+00:00,KXHIGHNY-25NOV25-T59,2,7,93,98,2,231,260,436728
2025-11-24T23:18:39.981372+00:00,KXHIGHNY-25NOV25-T52,2,3,97,98,2,237,237,377173
2025-11-24T23:18:39.981372+00:00,KXHIGHNY-25NOV25-B58.5,21,22,78,79,20,640,683,740526
2025-11-24T23:18:39.981372+00:00,KXHIGHNY-25NOV25-B56.5,31,32,68,69,32,1673,2123,785470
2025-11-24T23:18:39.981372+00:00,KXHIGHNY-25NOV25-B54.5,35,39,61,65,39,4278,5006,1057212
2025-11-24T23:18:39.981372+00:00,KXHIGHNY-25NOV25-B52.5,7,8,92,93,9,1615,1982,488022
2025-11-24T23:18:39.981372+00:00,KXHIGHNY-25NOV24-T56,0,1,99,100,1,6509,6549,296231
2025-11-24T23:18:39.981372+00:00,KXHIGHNY-25NOV24-T49,0,1,99,100,1,4964,6583,2610891
2025-11-24T23:18:39.981372+00:00,KXHIGHNY-25NOV24-B55.5,0,1,99,100,1,11815,16103,284982
2025-11-24T23:18:39.981372+00:00,KXHIGHNY-25NOV24-B53.5,0,1,99,100,1,19572,36626,318707
2025-11-24T23:18:39.981372+00:00,KXHIGHNY-25NOV24-B51.5,99,100,0,1,99,16704,38904,247663
2025-11-24T23:18:39.981372+00:00,KXHIGHNY-25NOV24-B49.5,0,1,99,100,1,7853,17216,2683735
2025-11-24T23:19:40.125376+00:00,KXHIGHNY-25NOV25-T59,3,7,93,97,2,231,260,438644
2025-11-24T23:19:40.125376+00:00,KXHIGHNY-25NOV25-T52,2,3,97,98,2,237,237,377173
2025-11-24T23:19:40.125376+00:00,KXHIGHNY-25NOV25-B58.5,21,22,78,79,20,640,683,740436
2025-11-24T23:19:40.125376+00:00,KXHIGHNY-25NOV25-B56.5,31,32,68,69,32,1673,2123,785661
2025-11-24T23:19:40.125376+00:00,KXHIGHNY-25NOV25-B54.5,35,39,61,65,39,4278,5006,1056830
2025-11-24T23:19:40.125376+00:00,KXHIGHNY-25NOV25-B52.5,7,8,92,93,9,1615,1982,488697
2025-11-24T23:19:40.125376+00:00,KXHIGHNY-25NOV24-T56,0,1,99,100,1,6509,6549,296231
2025-11-24T23:19:40.125376+00:00,KXHIGHNY-25NOV24-T49,0,1,99,100,1,4964,6583,2610891
2025-11-24T23:19:40.125376+00:00,KXHIGHNY-25NOV24-B55.5,0,1,99,100,1,11815,16103,284982
2025-11-24T23:19:40.125376+00:00,KXHIGHNY-25NOV24-B53.5,0,1,99,100,1,19572,36626,318707
2025-11-24T23:19:40.125376+00:00,KXHIGHNY-25NOV24-B51.5,99,100,0,1,99,16704,38927,247640
2025-11-24T23:19:40.125376+00:00,KXHIGHNY-25NOV24-B49.5,0,1,99,100,1,7853,17216,2683735
2025-11-24T23:20:40.163480+00:00,KXHIGHNY-25NOV25-T59,3,7,93,97,2,231,260,436089
2025-11-24T23:20:40.163480+00:00,KXHIGHNY-25NOV25-T52,2,3,97,98,2,237,237,331973
2025-11-24T23:20:40.163480+00:00,KXHIGHNY-25NOV25-B58.5,21,22,78,79,20,640,683,761801
2025-11-24T23:20:40.163480+00:00,KXHIGHNY-25NOV25-B56.5,31,32,68,69,32,1673,2123,790446
2025-11-24T23:20:40.163480+00:00,KXHIGHNY-25NOV25-B54.5,36,39,61,64,39,4278,5006,1054710
2025-11-24T23:20:40.163480+00:00,KXHIGHNY-25NOV25-B52.5,7,8,92,93,9,1615,1982,482916
2025-11-24T23:20:40.163480+00:00,KXHIGHNY-25NOV24-T56,0,1,99,100,1,6509,6549,296231
2025-11-24T23:20:40.163480+00:00,KXHIGHNY-25NOV24-T49,0,1,99,100,1,4964,6583,2610891
2025-11-24T23:20:40.163480+00:00,KXHIGHNY-25NOV24-B55.5,0,1,99,100,1,11815,16103,284982
2025-11-24T23:20:40.163480+00:00,KXHIGHNY-25NOV24-B53.5,0,1,99,100,1,19572,36626,318707
2025-11-24T23:20:40.163480+00:00,KXHIGHNY-25NOV24-B51.5,99,100,0,1,99,16704,38927,247640
2025-11-24T23:20:40.163480+00:00,KXHIGHNY-25NOV24-B49.5,0,1,99,100,1,7853,17216,2683735
2025-11-24T23:21:40.328632+00:00,KXHIGHNY-25NOV25-T59,3,7,93,97,2,231,260,436089
2025-11-24T23:21:40.328632+00:00,KXHIGHNY-25NOV25-T52,2,3,97,98,2,237,237,377139
2025-11-24T23:21:40.328632+00:00,KXHIGHNY-25NOV25-B58.5,21,22,78,79,20,640,683,761753
2025-11-24T23:21:40.328632+00:00,KXHIGHNY-25NOV25-B56.5,31,32,68,69,32,1673,2123,790391
2025-11-24T23:21:40.328632+00:00,KXHIGHNY-25NOV25-B54.5,37,39,61,63,39,4278,5006,1037364
2025-11-24T23:21:40.328632+00:00,KXHIGHNY-25NOV25-B52.5,7,8,92,93,9,1615,1982,490396
2025-11-24T23:21:40.328632+00:00,KXHIGHNY-25NOV24-T56,0,1,99,100,1,6509,6549,296231
2025-11-24T23:21:40.328632+00:00,KXHIGHNY-25NOV24-T49,0,1,99,100,1,4964,6583,2610891
2025-11-24T23:21:40.328632+00:00,KXHIGHNY-25NOV24-B55.5,0,1,99,100,1,11815,16103,284982
2025-11-24T23:21:40.328632+00:00,KXHIGHNY-25NOV24-B53.5,0,1,99,100,1,19572,36626,318707
2025-11-24T23:21:40.328632+00:00,KXHIGHNY-25NOV24-B51.5,99,100,0,1,99,16704,38927,247640
2025-11-24T23:21:40.328632+00:00,KXHIGHNY-25NOV24-B49.5,0,1,99,100,1,7853,17216,2683342
2025-11-24T23:22:40.425631+00:00,KXHIGHNY-25NOV25-T59,3,7,93,97,2,231,260,429574
2025-11-24T23:22:40.425631+00:00,KXHIGHNY-25NOV25-T52,2,3,97,98,2,237,237,332123
2025-11-24T23:22:40.425631+00:00,KXHIGHNY-25NOV25-B58.5,21,22,78,79,20,640,683,762094
2025-11-24T23:22:40.425631+00:00,KXHIGHNY-25NOV25-B56.5,31,32,68,69,32,1673,2123,784803
2025-11-24T23:22:40.425631+00:00,KXHIGHNY-25NOV25-B54.5,38,39,61,62,39,4278,5006,1050066
2025-11-24T23:22:40.425631+00:00,KXHIGHNY-25NOV25-B52.5,7,8,92,93,9,1615,1982,483459
2025-11-24T23:22:40.425631+00:00,KXHIGHNY-25NOV24-T56,0,1,99,100,1,6509,6549,292431
2025-11-24T23:22:40.425631+00:00,KXHIGHNY-25NOV24-T49,0,1,99,100,1,4964,6583,2610891
2025-11-24T23:22:40.425631+00:00,KXHIGHNY-25NOV24-B55.5,0,1,99,100,1,11815,16103,269982
2025-11-24T23:22:40.425631+00:00,KXHIGHNY-25NOV24-B53.5,0,1,99,100,1,19572,36626,302307
2025-11-24T23:22:40.425631+00:00,KXHIGHNY-25NOV24-B51.5,99,100,0,1,99,16704,38927,247640
2025-11-24T23:22:40.425631+00:00,KXHIGHNY-25NOV24-B49.5,0,1,99,100,1,7853,17216,2692942
2025-11-24T23:23:40.574810+00:00,KXHIGHNY-25NOV25-T59,3,7,93,97,2,231,260,435999
2025-11-24T23:23:40.574810+00:00,KXHIGHNY-25NOV25-T52,2,3,97,98,2,237,237,331939
2025-11-24T23:23:40.574810+00:00,KXHIGHNY-25NOV25-B58.5,21,22,78,79,20,640,683,764071
2025-11-24T23:23:40.574810+00:00,KXHIGHNY-25NOV25-B56.5,31,32,68,69,32,1673,2123,793638
2025-11-24T23:23:40.574810+00:00,KXHIGHNY-25NOV25-B54.5,38,39,61,62,39,4278,5006,1051537
2025-11-24T23:23:40.574810+00:00,KXHIGHNY-25NOV25-B52.5,7,8,92,93,9,1615,1982,488935
2025-11-24T23:23:40.574810+00:00,KXHIGHNY-25NOV24-T56,0,1,99,100,1,6509,6549,296231
2025-11-24T23:23:40.574810+00:00,KXHIGHNY-25NOV24-T49,0,1,99,100,1,4964,6583,2610891
2025-11-24T23:23:40.574810+00:00,KXHIGHNY-25NOV24-B55.5,0,1,99,100,1,11815,16103,284982
2025-11-24T23:23:40.574810+00:00,KXHIGHNY-25NOV24-B53.5,0,1,99,100,1,19572,36626,318707
2025-11-24T23:23:40.574810+00:00,KXHIGHNY-25NOV24-B51.5,99,100,0,1,99,16704,38927,247640
2025-11-24T23:23:40.574810+00:00,KXHIGHNY-25NOV24-B49.5,0,1,99,100,1,7853,17216,2683735
2025-11-24T23:24:40.747868+00:00,KXHIGHNY-25NOV25-T59,3,7,93,97,2,231,260,435999
2025-11-24T23:24:40.747868+00:00,KXHIGHNY-25NOV25-T52,2,3,97,98,2,237,237,380739
2025-11-24T23:24:40.747868+00:00,KXHIGHNY-25NOV25-B58.5,21,22,78,79,20,640,683,765968
2025-11-24T23:24:40.747868+00:00,KXHIGHNY-25NOV25-B56.5,31,32,68,69,32,1673,2123,794261
2025-11-24T23:24:40.747868+00:00,KXHIGHNY-25NOV25-B54.5,38,39,61,62,39,4278,5006,1041474
2025-11-24T23:24:40.747868+00:00,KXHIGHNY-25NOV25-B52.5,7,8,92,93,9,1615,1982,506450
2025-11-24T23:24:40.747868+00:00,KXHIGHNY-25NOV24-T56,0,1,99,100,1,6509,6549,296191
2025-11-24T23:24:40.747868+00:00,KXHIGHNY-25NOV24-T49,0,1,99,100,1,4964,6583,2610851
2025-11-24T23:24:40.747868+00:00,KXHIGHNY-25NOV24-B55.5,0,1,99,100,1,11815,16103,284942
2025-11-24T23:24:40.747868+00:00,KXHIGHNY-25NOV24-B53.5,0,1,99,100,1,19572,36626,318667
2025-11-24T23:24:40.747868+00:00,KXHIGHNY-25NOV24-B51.5,99,100,0,1,99,16704,38927,247600
2025-11-24T23:24:40.747868+00:00,KXHIGHNY-25NOV24-B49.5,0,1,99,100,1,7853,17216,2683695
2025-11-24T23:25:40.863272+00:00,KXHIGHNY-25NOV25-T59,3,7,93,97,2,231,260,400728
2025-11-24T23:25:40.863272+00:00,KXHIGHNY-25NOV25-T52,2,3,97,98,2,237,237,382459
2025-11-24T23:25:40.863272+00:00,KXHIGHNY-25NOV25-B58.5,15,22,78,85,20,640,683,767895
2025-11-24T23:25:40.863272+00:00,KXHIGHNY-25NOV25-B56.5,31,32,68,69,32,1673,2123,783521
2025-11-24T23:25:40.863272+00:00,KXHIGHNY-25NOV25-B54.5,37,39,61,63,39,4278,5006,1047161
2025-11-24T23:25:40.863272+00:00,KXHIGHNY-25NOV25-B52.5,11,14,86,89,11,1968,2513,541304
2025-11-24T23:25:40.863272+00:00,KXHIGHNY-25NOV24-T56,0,1,99,100,1,6509,6549,296231
2025-11-24T23:25:40.863272+00:00,KXHIGHNY-25NOV24-T49,0,1,99,100,1,4964,6583,2610891
2025-11-24T23:25:40.863272+00:00,KXHIGHNY-25NOV24-B55.5,0,1,99,100,1,11815,16103,284982
2025-11-24T23:25:40.863272+00:00,KXHIGHNY-25NOV24-B53.5,0,1,99,100,1,19572,36626,318707
2025-11-24T23:25:40.863272+00:00,KXHIGHNY-25NOV24-B51.5,99,100,0,1,99,16704,38927,247640
2025-11-24T23:25:40.863272+00:00,KXHIGHNY-25NOV24-B49.5,0,1,99,100,1,7853,17216,2683735
2025-11-24T23:26:41.049095+00:00,KXHIGHNY-25NOV25-T59,3,6,94,97,2,231,260,435596
2025-11-24T23:26:41.049095+00:00,KXHIGHNY-25NOV25-T52,2,3,97,98,2,237,237,333854
2025-11-24T23:26:41.049095+00:00,KXHIGHNY-25NOV25-B58.5,20,22,78,80,20,640,683,767700
2025-11-24T23:26:41.049095+00:00,KXHIGHNY-25NOV25-B56.5,31,32,68,69,32,1673,2123,794466
2025-11-24T23:26:41.049095+00:00,KXHIGHNY-25NOV25-B54.5,36,38,62,64,39,4278,5006,1059376
2025-11-24T23:26:41.049095+00:00,KXHIGHNY-25NOV25-B52.5,11,12,88,89,12,1980,2525,568627
2025-11-24T23:26:41.049095+00:00,KXHIGHNY-25NOV24-T56,0,1,99,100,1,6509,6549,296231
2025-11-24T23:26:41.049095+00:00,KXHIGHNY-25NOV24-T49,0,1,99,100,1,4964,6583,2610891
2025-11-24T23:26:41.049095+00:00,KXHIGHNY-25NOV24-B55.5,0,1,99,100,1,11815,16103,284982
2025-11-24T23:26:41.049095+00:00,KXHIGHNY-25NOV24-B53.5,0,1,99,100,1,19572,36626,318707
2025-11-24T23:26:41.049095+00:00,KXHIGHNY-25NOV24-B51.5,99,100,0,1,99,16704,38927,247640
2025-11-24T23:26:41.049095+00:00,KXHIGHNY-25NOV24-B49.5,0,1,99,100,1,7853,17216,2683342
2025-11-24T23:27:41.116258+00:00,KXHIGHNY-25NOV25-T59,3,6,94,97,2,231,260,412281
2025-11-24T23:27:41.116258+00:00,KXHIGHNY-25NOV25-T52,2,3,97,98,2,237,237,333970
2025-11-24T23:27:41.116258+00:00,KXHIGHNY-25NOV25-B58.5,20,22,78,80,20,640,683,769590
2025-11-24T23:27:41.116258+00:00,KXHIGHNY-25NOV25-B56.5,31,32,68,69,32,1673,2123,780960
2025-11-24T23:27:41.116258+00:00,KXHIGHNY-25NOV25-B54.5,36,38,62,64,39,4278,5006,1042523
2025-11-24T23:27:41.116258+00:00,KXHIGHNY-25NOV25-B52.5,11,12,88,89,12,1980,2525,569537
2025-11-24T23:27:41.116258+00:00,KXHIGHNY-25NOV24-T56,0,1,99,100,1,6509,6549,292431
2025-11-24T23:27:41.116258+00:00,KXHIGHNY-25NOV24-T49,0,1,99,100,1,4964,6583,2610891
2025-11-24T23:27:41.116258+00:00,KXHIGHNY-25NOV24-B55.5,0,1,99,100,1,11815,16103,281182
2025-11-24T23:27:41.116258+00:00,KXHIGHNY-25NOV24-B53.5,0,1,99,100,1,19572,36626,302307
2025-11-24T23:27:41.116258+00:00,KXHIGHNY-25NOV24-B51.5,99,100,0,1,99,16704,38927,247640
2025-11-24T23:27:41.116258+00:00,KXHIGHNY-25NOV24-B49.5,0,1,99,100,1,7853,17216,2694470
2025-11-24T23:28:41.271541+00:00,KXHIGHNY-25NOV25-T59,3,6,94,97,2,231,260,403392
2025-11-24T23:28:41.271541+00:00,KXHIGHNY-25NOV25-T52,1,2,98,99,2,242,242,327529
2025-11-24T23:28:41.271541+00:00,KXHIGHNY-25NOV25-B58.5,20,22,78,80,20,640,683,767767
2025-11-24T23:28:41.271541+00:00,KXHIGHNY-25NOV25-B56.5,31,32,68,69,32,1673,2123,788104
2025-11-24T23:28:41.271541+00:00,KXHIGHNY-25NOV25-B54.5,36,38,62,64,39,4278,5006,1056255
2025-11-24T23:28:41.271541+00:00,KXHIGHNY-25NOV25-B52.5,11,12,88,89,11,1988,2533,608387
2025-11-24T23:28:41.271541+00:00,KXHIGHNY-25NOV24-T56,0,1,99,100,1,6509,6549,296231
2025-11-24T23:28:41.271541+00:00,KXHIGHNY-25NOV24-T49,0,1,99,100,1,4964,6583,2610891
2025-11-24T23:28:41.271541+00:00,KXHIGHNY-25NOV24-B55.5,0,1,99,100,1,11815,16103,284982
2025-11-24T23:28:41.271541+00:00,KXHIGHNY-25NOV24-B53.5,0,1,99,100,1,19572,36626,318707
2025-11-24T23:28:41.271541+00:00,KXHIGHNY-25NOV24-B51.5,99,100,0,1,99,16704,38927,247640
2025-11-24T23:28:41.271541+00:00,KXHIGHNY-25NOV24-B49.5,0,1,99,100,1,7853,17216,2691663
2025-11-24T23:29:41.380133+00:00,KXHIGHNY-25NOV25-T59,4,6,94,96,2,231,260,399780
2025-11-24T23:29:41.380133+00:00,KXHIGHNY-25NOV25-T52,1,2,98,99,2,242,242,324556
2025-11-24T23:29:41.380133+00:00,KXHIGHNY-25NOV25-B58.5,20,22,78,80,20,640,683,763677
2025-11-24T23:29:41.380133+00:00,KXHIGHNY-25NOV25-B56.5,31,32,68,69,32,1673,2123,787306
2025-11-24T23:29:41.380133+00:00,KXHIGHNY-25NOV25-B54.5,36,38,62,64,39,4278,5006,1055618
2025-11-24T23:29:41.380133+00:00,KXHIGHNY-25NOV25-B52.5,11,12,88,89,11,1988,2533,567464
2025-11-24T23:29:41.380133+00:00,KXHIGHNY-25NOV24-T56,0,1,99,100,1,6509,6549,296231
2025-11-24T23:29:41.380133+00:00,KXHIGHNY-25NOV24-T49,0,1,99,100,1,4964,6583,2610891
2025-11-24T23:29:41.380133+00:00,KXHIGHNY-25NOV24-B55.5,0,1,99,100,1,11815,16103,284982
2025-11-24T23:29:41.380133+00:00,KXHIGHNY-25NOV24-B53.5,0,1,99,100,1,19572,36626,318707
2025-11-24T23:29:41.380133+00:00,KXHIGHNY-25NOV24-B51.5,99,100,0,1,99,16704,38927,247640
2025-11-24T23:29:41.380133+00:00,KXHIGHNY-25NOV24-B49.5,0,1,99,100,1,7853,17216,2682063
2025-11-24T23:30:41.554197+00:00,KXHIGHNY-25NOV25-T59,4,6,94,96,2,231,260,395345
2025-11-24T23:30:41.554197+00:00,KXHIGHNY-25NOV25-T52,1,2,98,99,2,242,242,323816
2025-11-24T23:30:41.554197+00:00,KXHIGHNY-25NOV25-B58.5,20,22,78,80,20,640,683,763509
2025-11-24T23:30:41.554197+00:00,KXHIGHNY-25NOV25-B56.5,31,32,68,69,32,1673,2123,787378
2025-11-24T23:30:41.554197+00:00,KXHIGHNY-25NOV25-B54.5,36,38,62,64,39,4278,5006,1055333
2025-11-24T23:30:41.554197+00:00,KXHIGHNY-25NOV25-B52.5,12,13,87,88,11,1988,2533,567439
2025-11-24T23:30:41.554197+00:00,KXHIGHNY-25NOV24-T56,0,1,99,100,1,6509,6549,296231
2025-11-24T23:30:41.554197+00:00,KXHIGHNY-25NOV24-T49,0,1,99,100,1,4964,6583,2610891
2025-11-24T23:30:41.554197+00:00,KXHIGHNY-25NOV24-B55.5,0,1,99,100,1,11815,16103,284982
2025-11-24T23:30:41.554197+00:00,KXHIGHNY-25NOV24-B53.5,0,1,99,100,1,19572,36626,318707
2025-11-24T23:30:41.554197+00:00,KXHIGHNY-25NOV24-B51.5,99,100,0,1,99,16704,38927,247640
2025-11-24T23:30:41.554197+00:00,KXHIGHNY-25NOV24-B49.5,0,1,99,100,1,7853,17216,2691663
2025-11-24T23:31:41.638392+00:00,KXHIGHNY-25NOV25-T59,4,6,94,96,2,231,260,395549
2025-11-24T23:31:41.638392+00:00,KXHIGHNY-25NOV25-T52,1,2,98,99,2,242,242,323819
2025-11-24T23:31:41.638392+00:00,KXHIGHNY-25NOV25-B58.5,20,22,78,80,20,640,683,763895
2025-11-24T23:31:41.638392+00:00,KXHIGHNY-25NOV25-B56.5,31,32,68,69,32,1673,2123,786937
2025-11-24T23:31:41.638392+00:00,KXHIGHNY-25NOV25-B54.5,36,38,62,64,39,4278,5006,1056775
2025-11-24T23:31:41.638392+00:00,KXHIGHNY-25NOV25-B52.5,12,13,87,88,12,1989,2534,620804
2025-11-24T23:31:41.638392+00:00,KXHIGHNY-25NOV24-T56,0,1,99,100,1,6509,6549,296231
2025-11-24T23:31:41.638392+00:00,KXHIGHNY-25NOV24-T49,0,1,99,100,1,4964,6583,2610891
2025-11-24T23:31:41.638392+00:00,KXHIGHNY-25NOV24-B55.5,0,1,99,100,1,11815,16103,284982
2025-11-24T23:31:41.638392+00:00,KXHIGHNY-25NOV24-B53.5,0,1,99,100,1,19572,36626,318707
2025-11-24T23:31:41.638392+00:00,KXHIGHNY-25NOV24-B51.5,99,100,0,1,99,16704,38927,247640
2025-11-24T23:31:41.638392+00:00,KXHIGHNY-25NOV24-B49.5,0,1,99,100,1,7853,17216,2694470
2025-11-24T23:32:41.836249+00:00,KXHIGHNY-25NOV25-T59,4,6,94,96,2,231,260,400255
2025-11-24T23:32:41.836249+00:00,KXHIGHNY-25NOV25-T52,1,2,98,99,2,242,242,323969
2025-11-24T23:32:41.836249+00:00,KXHIGHNY-25NOV25-B58.5,20,22,78,80,20,640,683,756008
2025-11-24T23:32:41.836249+00:00,KXHIGHNY-25NOV25-B56.5,31,32,68,69,32,1673,2123,780579
2025-11-24T23:32:41.836249+00:00,KXHIGHNY-25NOV25-B54.5,37,38,62,63,39,4278,5006,1053560
2025-11-24T23:32:41.836249+00:00,KXHIGHNY-25NOV25-B52.5,13,14,86,87,12,1989,2534,620806
2025-11-24T23:32:41.836249+00:00,KXHIGHNY-25NOV24-T56,0,1,99,100,1,6509,6549,292431
2025-11-24T23:32:41.836249+00:00,KXHIGHNY-25NOV24-T49,0,1,99,100,1,4964,6583,2610891
2025-11-24T23:32:41.836249+00:00,KXHIGHNY-25NOV24-B55.5,0,1,99,100,1,11815,16103,269982
2025-11-24T23:32:41.836249+00:00,KXHIGHNY-25NOV24-B53.5,0,1,99,100,1,19572,36626,302307
2025-11-24T23:32:41.836249+00:00,KXHIGHNY-25NOV24-B51.5,99,100,0,1,99,16704,38927,247640
2025-11-24T23:32:41.836249+00:00,KXHIGHNY-25NOV24-B49.5,0,1,99,100,1,7853,17216,2694470
2025-11-24T23:33:41.927585+00:00,KXHIGHNY-25NOV25-T59,4,6,94,96,2,231,260,395159
2025-11-24T23:33:41.927585+00:00,KXHIGHNY-25NOV25-T52,1,2,98,99,2,242,242,323853
2025-11-24T23:33:41.927585+00:00,KXHIGHNY-25NOV25-B58.5,20,21,79,80,20,640,683,766830
2025-11-24T23:33:41.927585+00:00,KXHIGHNY-25NOV25-B56.5,31,32,68,69,32,1673,2123,788514
2025-11-24T23:33:41.927585+00:00,KXHIGHNY-25NOV25-B54.5,37,38,62,63,39,4278,5006,1052395
2025-11-24T23:33:41.927585+00:00,KXHIGHNY-25NOV25-B52.5,13,14,86,87,12,1989,2534,627180
2025-11-24T23:33:41.927585+00:00,KXHIGHNY-25NOV24-T56,0,1,99,100,1,6509,6549,296231
2025-11-24T23:33:41.927585+00:00,KXHIGHNY-25NOV24-T49,0,1,99,100,1,4964,6583,2610891
2025-11-24T23:33:41.927585+00:00,KXHIGHNY-25NOV24-B55.5,0,1,99,100,1,11815,16103,284982
2025-11-24T23:33:41.927585+00:00,KXHIGHNY-25NOV24-B53.5,0,1,99,100,1,19572,36626,318707
2025-11-24T23:33:41.927585+00:00,KXHIGHNY-25NOV24-B51.5,99,100,0,1,99,16704,38927,247640
2025-11-24T23:33:41.927585+00:00,KXHIGHNY-25NOV24-B49.5,0,1,99,100,1,7853,17216,2682063
2025-11-24T23:34:42.085123+00:00,KXHIGHNY-25NOV25-T59,4,6,94,96,2,231,260,430769
2025-11-24T23:34:42.085123+00:00,KXHIGHNY-25NOV25-T52,1,2,98,99,2,242,242,323853
2025-11-24T23:34:42.085123+00:00,KXHIGHNY-25NOV25-B58.5,20,21,79,80,20,640,683,750738
2025-11-24T23:34:42.085123+00:00,KXHIGHNY-25NOV25-B56.5,31,32,68,69,32,1673,2123,787901
2025-11-24T23:34:42.085123+00:00,KXHIGHNY-25NOV25-B54.5,37,38,62,63,39,4278,5006,1051673
2025-11-24T23:34:42.085123+00:00,KXHIGHNY-25NOV25-B52.5,13,14,86,87,14,1993,2538,825046
2025-11-24T23:34:42.085123+00:00,KXHIGHNY-25NOV24-T56,0,1,99,100,1,6509,6549,296231
2025-11-24T23:34:42.085123+00:00,KXHIGHNY-25NOV24-T49,0,1,99,100,1,4964,6583,2610891
2025-11-24T23:34:42.085123+00:00,KXHIGHNY-25NOV24-B55.5,0,1,99,100,1,11815,16103,284982
2025-11-24T23:34:42.085123+00:00,KXHIGHNY-25NOV24-B53.5,0,1,99,100,1,19572,36626,318707
2025-11-24T23:34:42.085123+00:00,KXHIGHNY-25NOV24-B51.5,99,100,0,1,99,16704,38927,247640
2025-11-24T23:34:42.085123+00:00,KXHIGHNY-25NOV24-B49.5,0,1,99,100,1,7853,17216,2691663
2025-11-24T23:35:42.237607+00:00,KXHIGHNY-25NOV25-T59,4,6,94,96,2,231,260,395169
2025-11-24T23:35:42.237607+00:00,KXHIGHNY-25NOV25-T52,1,2,98,99,2,242,242,323819
2025-11-24T23:35:42.237607+00:00,KXHIGHNY-25NOV25-B58.5,20,21,79,80,20,640,683,757611
2025-11-24T23:35:42.237607+00:00,KXHIGHNY-25NOV25-B56.5,31,32,68,69,32,1673,2123,788399
2025-11-24T23:35:42.237607+00:00,KXHIGHNY-25NOV25-B54.5,37,38,62,63,39,4278,5006,1052309
2025-11-24T23:35:42.237607+00:00,KXHIGHNY-25NOV25-B52.5,13,14,86,87,14,1993,2538,824223
2025-11-24T23:35:42.237607+00:00,KXHIGHNY-25NOV24-T56,0,1,99,100,1,6509,6549,296231
2025-11-24T23:35:42.237607+00:00,KXHIGHNY-25NOV24-T49,0,1,99,100,1,4964,6583,2610891
2025-11-24T23:35:42.237607+00:00,KXHIGHNY-25NOV24-B55.5,0,1,99,100,1,11815,16103,284982
2025-11-24T23:35:42.237607+00:00,KXHIGHNY-25NOV24-B53.5,0,1,99,100,1,19572,36626,318707
2025-11-24T23:35:42.237607+00:00,KXHIGHNY-25NOV24-B51.5,99,100,0,1,99,16704,38927,247640
2025-11-24T23:35:42.237607+00:00,KXHIGHNY-25NOV24-B49.5,0,1,99,100,1,7853,17216,2682063
2025-11-24T23:36:42.410726+00:00,KXHIGHNY-25NOV25-T59,4,6,94,96,2,231,260,396024
2025-11-24T23:36:42.410726+00:00,KXHIGHNY-25NOV25-T52,1,2,98,99,2,242,242,323819
2025-11-24T23:36:42.410726+00:00,KXHIGHNY-25NOV25-B58.5,20,21,79,80,20,640,683,757684
2025-11-24T23:36:42.410726+00:00,KXHIGHNY-25NOV25-B56.5,31,32,68,69,32,1673,2123,788178
2025-11-24T23:36:42.410726+00:00,KXHIGHNY-25NOV25-B54.5,37,38,62,63,39,4278,5006,1053693
2025-11-24T23:36:42.410726+00:00,KXHIGHNY-25NOV25-B52.5,13,14,86,87,14,1995,2540,824040
2025-11-24T23:36:42.410726+00:00,KXHIGHNY-25NOV24-T56,0,1,99,100,1,6509,6549,296231
2025-11-24T23:36:42.410726+00:00,KXHIGHNY-25NOV24-T49,0,1,99,100,1,4964,6583,2610891
2025-11-24T23:36:42.410726+00:00,KXHIGHNY-25NOV24-B55.5,0,1,99,100,1,11815,16103,284936
2025-11-24T23:36:42.410726+00:00,KXHIGHNY-25NOV24-B53.5,0,1,99,100,1,19572,36626,318707
2025-11-24T23:36:42.410726+00:00,KXHIGHNY-25NOV24-B51.5,99,100,0,1,99,16704,38927,247640
2025-11-24T23:36:42.410726+00:00,KXHIGHNY-25NOV24-B49.5,0,1,99,100,1,7853,17216,2694470
2025-11-24T23:37:42.531310+00:00,KXHIGHNY-25NOV25-T59,4,6,94,96,2,231,260,188591
2025-11-24T23:37:42.531310+00:00,KXHIGHNY-25NOV25-T52,1,2,98,99,2,242,242,120003
2025-11-24T23:37:42.531310+00:00,KXHIGHNY-25NOV25-B58.5,20,21,79,80,20,640,683,725920
2025-11-24T23:37:42.531310+00:00,KXHIGHNY-25NOV25-B56.5,31,32,68,69,32,1673,2123,354642
2025-11-24T23:37:42.531310+00:00,KXHIGHNY-25NOV25-B54.5,37,38,62,63,39,4278,5006,1052143
2025-11-24T23:37:42.531310+00:00,KXHIGHNY-25NOV25-B52.5,13,14,86,87,14,1995,2540,354784
2025-11-24T23:37:42.531310+00:00,KXHIGHNY-25NOV24-T56,0,1,99,100,1,6509,6549,43431
2025-11-24T23:37:42.531310+00:00,KXHIGHNY-25NOV24-T49,0,1,99,100,1,4964,6583,2610891
2025-11-24T23:37:42.531310+00:00,KXHIGHNY-25NOV24-B55.5,0,1,99,100,1,11815,16103,281136
2025-11-24T23:37:42.531310+00:00,KXHIGHNY-25NOV24-B53.5,0,1,99,100,1,19572,36626,65907
2025-11-24T23:37:42.531310+00:00,KXHIGHNY-25NOV24-B51.5,99,100,0,1,99,16704,38927,247640
2025-11-24T23:37:42.531310+00:00,KXHIGHNY-25NOV24-B49.5,0,1,99,100,1,7853,17216,2490470
2025-11-24T23:38:42.629349+00:00,KXHIGHNY-25NOV25-T59,3,6,94,97,3,237,269,406869
2025-11-24T23:38:42.629349+00:00,KXHIGHNY-25NOV25-T52,1,2,98,99,1,248,248,323256
2025-11-24T23:38:42.629349+00:00,KXHIGHNY-25NOV25-B58.5,20,22,78,80,20,646,689,742699
2025-11-24T23:38:42.629349+00:00,KXHIGHNY-25NOV25-B56.5,31,32,68,69,31,1679,2129,783404
2025-11-24T23:38:42.629349+00:00,KXHIGHNY-25NOV25-B54.5,37,38,62,63,37,4278,5012,1051196
2025-11-24T23:38:42.629349+00:00,KXHIGHNY-25NOV25-B52.5,13,14,86,87,13,2001,2546,826512
2025-11-24T23:38:42.629349+00:00,KXHIGHNY-25NOV24-T56,0,1,99,100,1,6509,6549,296231
2025-11-24T23:38:42.629349+00:00,KXHIGHNY-25NOV24-T49,0,1,99,100,1,4964,6583,2610891
2025-11-24T23:38:42.629349+00:00,KXHIGHNY-25NOV24-B55.5,0,1,99,100,1,11815,16103,284936
2025-11-24T23:38:42.629349+00:00,KXHIGHNY-25NOV24-B53.5,0,1,99,100,1,19572,36626,318707
2025-11-24T23:38:42.629349+00:00,KXHIGHNY-25NOV24-B51.5,99,100,0,1,99,16704,38927,247640
2025-11-24T23:38:42.629349+00:00,KXHIGHNY-25NOV24-B49.5,0,1,99,100,1,7853,17216,2682063
2025-11-24T23:39:42.784449+00:00,KXHIGHNY-25NOV25-T59,3,6,94,97,3,237,269,396296
2025-11-24T23:39:42.784449+00:00,KXHIGHNY-25NOV25-T52,1,2,98,99,1,248,248,322611
2025-11-24T23:39:42.784449+00:00,KXHIGHNY-25NOV25-B58.5,20,21,79,80,20,651,694,739519
2025-11-24T23:39:42.784449+00:00,KXHIGHNY-25NOV25-B56.5,32,33,67,68,32,1729,2179,791197
2025-11-24T23:39:42.784449+00:00,KXHIGHNY-25NOV25-B54.5,36,38,62,64,37,4278,5012,1052087
2025-11-24T23:39:42.784449+00:00,KXHIGHNY-25NOV25-B52.5,13,14,86,87,13,2007,2552,819034
2025-11-24T23:39:42.784449+00:00,KXHIGHNY-25NOV24-T56,0,1,99,100,1,6509,6549,296231
2025-11-24T23:39:42.784449+00:00,KXHIGHNY-25NOV24-T49,0,1,99,100,1,4964,6583,2610891
2025-11-24T23:39:42.784449+00:00,KXHIGHNY-25NOV24-B55.5,0,1,99,100,1,11815,16103,284936
2025-11-24T23:39:42.784449+00:00,KXHIGHNY-25NOV24-B53.5,0,1,99,100,1,19572,36626,318707
2025-11-24T23:39:42.784449+00:00,KXHIGHNY-25NOV24-B51.5,99,100,0,1,99,16704,38927,247640
2025-11-24T23:39:42.784449+00:00,KXHIGHNY-25NOV24-B49.5,0,1,99,100,1,7853,17216,2691663
2025-11-24T23:40:42.829115+00:00,KXHIGHNY-25NOV25-T59,3,6,94,97,3,237,269,392578
2025-11-24T23:40:42.829115+00:00,KXHIGHNY-25NOV25-T52,1,2,98,99,1,248,248,322610
2025-11-24T23:40:42.829115+00:00,KXHIGHNY-25NOV25-B58.5,20,21,79,80,20,651,694,753174
2025-11-24T23:40:42.829115+00:00,KXHIGHNY-25NOV25-B56.5,32,33,67,68,32,1731,2181,789864
2025-11-24T23:40:42.829115+00:00,KXHIGHNY-25NOV25-B54.5,36,38,62,64,37,4278,5012,1051718
2025-11-24T23:40:42.829115+00:00,KXHIGHNY-25NOV25-B52.5,12,14,86,88,13,2012,2557,786897
2025-11-24T23:40:42.829115+00:00,KXHIGHNY-25NOV24-T56,0,1,99,100,1,6509,6549,296231
2025-11-24T23:40:42.829115+00:00,KXHIGHNY-25NOV24-T49,0,1,99,100,1,4964,6583,2610891
2025-11-24T23:40:42.829115+00:00,KXHIGHNY-25NOV24-B55.5,0,1,99,100,1,11815,16103,284936
2025-11-24T23:40:42.829115+00:00,KXHIGHNY-25NOV24-B53.5,0,1,99,100,1,19572,36626,318707
2025-11-24T23:40:42.829115+00:00,KXHIGHNY-25NOV24-B51.5,99,100,0,1,99,16704,38927,247640
2025-11-24T23:40:42.829115+00:00,KXHIGHNY-25NOV24-B49.5,0,1,99,100,1,7853,17216,2691663
2025-11-24T23:41:42.958156+00:00,KXHIGHNY-25NOV25-T59,3,6,94,97,3,237,269,393539
2025-11-24T23:41:42.958156+00:00,KXHIGHNY-25NOV25-T52,1,2,98,99,1,248,248,371040
2025-11-24T23:41:42.958156+00:00,KXHIGHNY-25NOV25-B58.5,20,21,79,80,20,651,694,753220
2025-11-24T23:41:42.958156+00:00,KXHIGHNY-25NOV25-B56.5,32,33,67,68,32,1731,2181,789697
2025-11-24T23:41:42.958156+00:00,KXHIGHNY-25NOV25-B54.5,36,38,62,64,37,4278,5012,1051946
2025-11-24T23:41:42.958156+00:00,KXHIGHNY-25NOV25-B52.5,12,14,86,88,13,2012,2557,824932
2025-11-24T23:41:42.958156+00:00,KXHIGHNY-25NOV24-T56,0,1,99,100,1,6509,6549,296231
2025-11-24T23:41:42.958156+00:00,KXHIGHNY-25NOV24-T49,0,1,99,100,1,4964,6583,2610891
2025-11-24T23:41:42.958156+00:00,KXHIGHNY-25NOV24-B55.5,0,1,99,100,1,11815,16103,284936
2025-11-24T23:41:42.958156+00:00,KXHIGHNY-25NOV24-B53.5,0,1,99,100,1,19572,36626,318707
2025-11-24T23:41:42.958156+00:00,KXHIGHNY-25NOV24-B51.5,99,100,0,1,99,16704,38927,247640
2025-11-24T23:41:42.958156+00:00,KXHIGHNY-25NOV24-B49.5,0,1,99,100,1,7853,17216,2694470
2025-11-24T23:42:43.019793+00:00,KXHIGHNY-25NOV25-T59,3,5,95,97,3,237,269,172161
2025-11-24T23:42:43.019793+00:00,KXHIGHNY-25NOV25-T52,1,2,98,99,1,248,248,118384
2025-11-24T23:42:43.019793+00:00,KXHIGHNY-25NOV25-B58.5,20,21,79,80,20,651,694,285073
2025-11-24T23:42:43.019793+00:00,KXHIGHNY-25NOV25-B56.5,32,33,67,68,32,1731,2181,352916
2025-11-24T23:42:43.019793+00:00,KXHIGHNY-25NOV25-B54.5,37,38,62,63,37,4278,5012,579301
2025-11-24T23:42:43.019793+00:00,KXHIGHNY-25NOV25-B52.5,12,14,86,88,13,2012,2557,345698
2025-11-24T23:42:43.019793+00:00,KXHIGHNY-25NOV24-T56,0,1,99,100,1,6509,6549,43431
2025-11-24T23:42:43.019793+00:00,KXHIGHNY-25NOV24-T49,0,1,99,100,1,4964,6583,2406891
2025-11-24T23:42:43.019793+00:00,KXHIGHNY-25NOV24-B55.5,0,1,99,100,1,11815,16103,32136
2025-11-24T23:42:43.019793+00:00,KXHIGHNY-25NOV24-B53.5,0,1,99,100,1,19572,36626,65907
2025-11-24T23:42:43.019793+00:00,KXHIGHNY-25NOV24-B51.5,99,100,0,1,99,16704,38927,38030
2025-11-24T23:42:43.019793+00:00,KXHIGHNY-25NOV24-B49.5,0,1,99,100,1,7853,17216,2490470
2025-11-24T23:43:43.167407+00:00,KXHIGHNY-25NOV25-T59,3,5,95,97,3,237,269,425818
2025-11-24T23:43:43.167407+00:00,KXHIGHNY-25NOV25-T52,1,2,98,99,1,248,248,371074
2025-11-24T23:43:43.167407+00:00,KXHIGHNY-25NOV25-B58.5,20,21,79,80,20,651,694,765542
2025-11-24T23:43:43.167407+00:00,KXHIGHNY-25NOV25-B56.5,32,35,65,68,33,1734,2186,785525
2025-11-24T23:43:43.167407+00:00,KXHIGHNY-25NOV25-B54.5,35,37,63,65,37,4278,5012,1053809
2025-11-24T23:43:43.167407+00:00,KXHIGHNY-25NOV25-B52.5,11,12,88,89,12,2022,2567,576209
2025-11-24T23:43:43.167407+00:00,KXHIGHNY-25NOV24-T56,0,1,99,100,1,6509,6549,296231
2025-11-24T23:43:43.167407+00:00,KXHIGHNY-25NOV24-T49,0,1,99,100,1,4964,6583,2610891
2025-11-24T23:43:43.167407+00:00,KXHIGHNY-25NOV24-B55.5,0,1,99,100,1,11815,16103,284936
2025-11-24T23:43:43.167407+00:00,KXHIGHNY-25NOV24-B53.5,0,1,99,100,1,19572,36626,318707
2025-11-24T23:43:43.167407+00:00,KXHIGHNY-25NOV24-B51.5,99,100,0,1,99,16704,38927,247640
2025-11-24T23:43:43.167407+00:00,KXHIGHNY-25NOV24-B49.5,0,1,99,100,1,7853,17216,2682063
2025-11-24T23:44:43.213335+00:00,KXHIGHNY-25NOV25-T59,3,5,95,97,3,237,269,414158
2025-11-24T23:44:43.213335+00:00,KXHIGHNY-25NOV25-T52,1,2,98,99,1,248,248,367776
2025-11-24T23:44:43.213335+00:00,KXHIGHNY-25NOV25-B58.5,20,24,76,80,20,651,694,704657
2025-11-24T23:44:43.213335+00:00,KXHIGHNY-25NOV25-B56.5,33,34,66,67,33,1734,2186,790626
2025-11-24T23:44:43.213335+00:00,KXHIGHNY-25NOV25-B54.5,35,37,63,65,37,4278,5012,1053175
2025-11-24T23:44:43.213335+00:00,KXHIGHNY-25NOV25-B52.5,11,12,88,89,12,2022,2567,539455
2025-11-24T23:44:43.213335+00:00,KXHIGHNY-25NOV24-T56,0,1,99,100,1,6509,6549,292431
2025-11-24T23:44:43.213335+00:00,KXHIGHNY-25NOV24-T49,0,1,99,100,1,4964,6583,2610891
2025-11-24T23:44:43.213335+00:00,KXHIGHNY-25NOV24-B55.5,0,1,99,100,1,11815,16103,284936
2025-11-24T23:44:43.213335+00:00,KXHIGHNY-25NOV24-B53.5,0,1,99,100,1,19572,36626,318707
2025-11-24T23:44:43.213335+00:00,KXHIGHNY-25NOV24-B51.5,99,100,0,1,99,16704,38927,220840
2025-11-24T23:44:43.213335+00:00,KXHIGHNY-25NOV24-B49.5,0,1,99,100,1,7853,17216,2682063
2025-11-24T23:45:43.377720+00:00,KXHIGHNY-25NOV25-T59,3,5,95,97,3,237,269,414121
2025-11-24T23:45:43.377720+00:00,KXHIGHNY-25NOV25-T52,1,2,98,99,1,248,248,349560
2025-11-24T23:45:43.377720+00:00,KXHIGHNY-25NOV25-B58.5,20,24,76,80,20,651,694,703546
2025-11-24T23:45:43.377720+00:00,KXHIGHNY-25NOV25-B56.5,33,34,66,67,33,1734,2186,790515
2025-11-24T23:45:43.377720+00:00,KXHIGHNY-25NOV25-B54.5,35,37,63,65,37,4278,5012,1053801
2025-11-24T23:45:43.377720+00:00,KXHIGHNY-25NOV25-B52.5,11,12,88,89,12,2022,2567,581623
2025-11-24T23:45:43.377720+00:00,KXHIGHNY-25NOV24-T56,0,1,99,100,1,6509,6549,292431
2025-11-24T23:45:43.377720+00:00,KXHIGHNY-25NOV24-T49,0,1,99,100,1,4964,6583,2610891
2025-11-24T23:45:43.377720+00:00,KXHIGHNY-25NOV24-B55.5,0,1,99,100,1,11815,16103,284936
2025-11-24T23:45:43.377720+00:00,KXHIGHNY-25NOV24-B53.5,0,1,99,100,1,19572,36626,318707
2025-11-24T23:45:43.377720+00:00,KXHIGHNY-25NOV24-B51.5,99,100,0,1,99,16704,38927,220840
2025-11-24T23:45:43.377720+00:00,KXHIGHNY-25NOV24-B49.5,0,1,99,100,1,7853,17216,2684993
2025-11-24T23:46:43.462669+00:00,KXHIGHNY-25NOV25-T59,3,5,95,97,3,237,269,413899
2025-11-24T23:46:43.462669+00:00,KXHIGHNY-25NOV25-T52,1,2,98,99,1,248,248,371184
2025-11-24T23:46:43.462669+00:00,KXHIGHNY-25NOV25-B58.5,20,24,76,80,20,651,694,732200
2025-11-24T23:46:43.462669+00:00,KXHIGHNY-25NOV25-B56.5,32,37,63,68,32,1736,2188,790654
2025-11-24T23:46:43.462669+00:00,KXHIGHNY-25NOV25-B54.5,35,37,63,65,37,4278,5012,1052872
2025-11-24T23:46:43.462669+00:00,KXHIGHNY-25NOV25-B52.5,11,12,88,89,12,2022,2567,581246
2025-11-24T23:46:43.462669+00:00,KXHIGHNY-25NOV24-T56,0,1,99,100,1,6509,6549,292431
2025-11-24T23:46:43.462669+00:00,KXHIGHNY-25NOV24-T49,0,1,99,100,1,4964,6583,2610891
2025-11-24T23:46:43.462669+00:00,KXHIGHNY-25NOV24-B55.5,0,1,99,100,1,11815,16103,284936
2025-11-24T23:46:43.462669+00:00,KXHIGHNY-25NOV24-B53.5,0,1,99,100,1,19572,36626,318707
2025-11-24T23:46:43.462669+00:00,KXHIGHNY-25NOV24-B51.5,99,100,0,1,99,16704,38927,220840
2025-11-24T23:46:43.462669+00:00,KXHIGHNY-25NOV24-B49.5,0,1,99,100,1,7853,17216,2694200
2025-11-24T23:47:43.640790+00:00,KXHIGHNY-25NOV25-T59,3,6,94,97,3,237,269,411772
2025-11-24T23:47:43.640790+00:00,KXHIGHNY-25NOV25-T52,1,2,98,99,1,248,248,367808
2025-11-24T23:47:43.640790+00:00,KXHIGHNY-25NOV25-B58.5,20,23,77,80,20,651,694,699970
2025-11-24T23:47:43.640790+00:00,KXHIGHNY-25NOV25-B56.5,32,35,65,68,32,1736,2188,778899
2025-11-24T23:47:43.640790+00:00,KXHIGHNY-25NOV25-B54.5,36,37,63,64,37,4278,5012,1049343
2025-11-24T23:47:43.640790+00:00,KXHIGHNY-25NOV25-B52.5,11,12,88,89,12,2022,2567,582530
2025-11-24T23:47:43.640790+00:00,KXHIGHNY-25NOV24-T56,0,1,99,100,1,6509,6549,288631
2025-11-24T23:47:43.640790+00:00,KXHIGHNY-25NOV24-T49,0,1,99,100,1,4964,6583,2610891
2025-11-24T23:47:43.640790+00:00,KXHIGHNY-25NOV24-B55.5,0,1,99,100,1,11815,16103,236136
2025-11-24T23:47:43.640790+00:00,KXHIGHNY-25NOV24-B53.5,0,1,99,100,1,19572,36626,269907
2025-11-24T23:47:43.640790+00:00,KXHIGHNY-25NOV24-B51.5,99,100,0,1,99,16704,38927,220840
2025-11-24T23:47:43.640790+00:00,KXHIGHNY-25NOV24-B49.5,0,1,99,100,1,7853,17216,2694200
2025-11-24T23:48:43.787746+00:00,KXHIGHNY-25NOV25-T59,3,6,94,97,3,237,269,413939
2025-11-24T23:48:43.787746+00:00,KXHIGHNY-25NOV25-T52,1,2,98,99,1,248,248,371184
2025-11-24T23:48:43.787746+00:00,KXHIGHNY-25NOV25-B58.5,20,22,78,80,20,651,694,725638
2025-11-24T23:48:43.787746+00:00,KXHIGHNY-25NOV25-B56.5,33,35,65,67,32,1736,2188,787931
2025-11-24T23:48:43.787746+00:00,KXHIGHNY-25NOV25-B54.5,35,38,62,65,37,4278,5012,1052716
2025-11-24T23:48:43.787746+00:00,KXHIGHNY-25NOV25-B52.5,11,12,88,89,12,2022,2567,588503
2025-11-24T23:48:43.787746+00:00,KXHIGHNY-25NOV24-T56,0,1,99,100,1,6509,6549,292431
2025-11-24T23:48:43.787746+00:00,KXHIGHNY-25NOV24-T49,0,1,99,100,1,4964,6583,2610891
2025-11-24T23:48:43.787746+00:00,KXHIGHNY-25NOV24-B55.5,0,1,99,100,1,11815,16103,284936
2025-11-24T23:48:43.787746+00:00,KXHIGHNY-25NOV24-B53.5,0,1,99,100,1,19572,36626,318707
2025-11-24T23:48:43.787746+00:00,KXHIGHNY-25NOV24-B51.5,99,100,0,1,99,16704,38927,220840
2025-11-24T23:48:43.787746+00:00,KXHIGHNY-25NOV24-B49.5,0,1,99,100,1,7853,17216,2694593
2025-11-24T23:49:43.851131+00:00,KXHIGHNY-25NOV25-T59,3,6,94,97,3,237,269,413939
2025-11-24T23:49:43.851131+00:00,KXHIGHNY-25NOV25-T52,1,2,98,99,1,248,248,342431
2025-11-24T23:49:43.851131+00:00,KXHIGHNY-25NOV25-B58.5,20,21,79,80,20,651,694,723974
2025-11-24T23:49:43.851131+00:00,KXHIGHNY-25NOV25-B56.5,34,37,63,66,33,1736,2189,786222
2025-11-24T23:49:43.851131+00:00,KXHIGHNY-25NOV25-B54.5,35,37,63,65,37,4278,5012,1049322
2025-11-24T23:49:43.851131+00:00,KXHIGHNY-25NOV25-B52.5,11,12,88,89,12,2022,2567,589368
2025-11-24T23:49:43.851131+00:00,KXHIGHNY-25NOV24-T56,0,1,99,100,1,6509,6549,292391
2025-11-24T23:49:43.851131+00:00,KXHIGHNY-25NOV24-T49,0,1,99,100,1,4964,6583,2610891
2025-11-24T23:49:43.851131+00:00,KXHIGHNY-25NOV24-B55.5,0,1,99,100,1,11815,16103,284936
2025-11-24T23:49:43.851131+00:00,KXHIGHNY-25NOV24-B53.5,0,1,99,100,1,19572,36626,318707
2025-11-24T23:49:43.851131+00:00,KXHIGHNY-25NOV24-B51.5,99,100,0,1,99,16704,40257,219510
2025-11-24T23:49:43.851131+00:00,KXHIGHNY-25NOV24-B49.5,0,1,99,100,1,7853,17216,2694593
2025-11-24T23:50:43.999568+00:00,KXHIGHNY-25NOV25-T59,3,5,95,97,3,237,269,410545
2025-11-24T23:50:43.999568+00:00,KXHIGHNY-25NOV25-T52,1,2,98,99,1,248,248,368034
2025-11-24T23:50:43.999568+00:00,KXHIGHNY-25NOV25-B58.5,20,21,79,80,20,651,694,725172
2025-11-24T23:50:43.999568+00:00,KXHIGHNY-25NOV25-B56.5,35,36,64,65,33,1736,2189,786845
2025-11-24T23:50:43.999568+00:00,KXHIGHNY-25NOV25-B54.5,35,37,63,65,37,4278,5012,1055961
2025-11-24T23:50:43.999568+00:00,KXHIGHNY-25NOV25-B52.5,11,12,88,89,12,2022,2567,589222
2025-11-24T23:50:43.999568+00:00,KXHIGHNY-25NOV24-T56,0,1,99,100,1,6509,6549,292431
2025-11-24T23:50:43.999568+00:00,KXHIGHNY-25NOV24-T49,0,1,99,100,1,4964,6583,2610891
2025-11-24T23:50:43.999568+00:00,KXHIGHNY-25NOV24-B55.5,0,1,99,100,1,11815,16103,284936
2025-11-24T23:50:43.999568+00:00,KXHIGHNY-25NOV24-B53.5,0,1,99,100,1,19572,36626,318707
2025-11-24T23:50:43.999568+00:00,KXHIGHNY-25NOV24-B51.5,99,100,0,1,99,16704,40257,219510
2025-11-24T23:50:43.999568+00:00,KXHIGHNY-25NOV24-B49.5,0,1,99,100,1,7853,17216,2694593
2025-11-24T23:51:44.044913+00:00,KXHIGHNY-25NOV25-T59,3,5,95,97,3,237,269,410510
2025-11-24T23:51:44.044913+00:00,KXHIGHNY-25NOV25-T52,1,2,98,99,1,248,248,367665
2025-11-24T23:51:44.044913+00:00,KXHIGHNY-25NOV25-B58.5,20,21,79,80,20,651,694,725155
2025-11-24T23:51:44.044913+00:00,KXHIGHNY-25NOV25-B56.5,35,36,64,65,33,1736,2189,788162
2025-11-24T23:51:44.044913+00:00,KXHIGHNY-25NOV25-B54.5,36,37,63,64,37,4278,5012,1040283
2025-11-24T23:51:44.044913+00:00,KXHIGHNY-25NOV25-B52.5,11,12,88,89,12,2022,2567,589357
2025-11-24T23:51:44.044913+00:00,KXHIGHNY-25NOV24-T56,0,1,99,100,1,6509,6549,292391
2025-11-24T23:51:44.044913+00:00,KXHIGHNY-25NOV24-T49,0,1,99,100,1,4964,6583,2610891
2025-11-24T23:51:44.044913+00:00,KXHIGHNY-25NOV24-B55.5,0,1,99,100,1,11815,16103,284896
2025-11-24T23:51:44.044913+00:00,KXHIGHNY-25NOV24-B53.5,0,1,99,100,1,19572,36652,309073
2025-11-24T23:51:44.044913+00:00,KXHIGHNY-25NOV24-B51.5,99,100,0,1,99,16704,40257,219510
2025-11-24T23:51:44.044913+00:00,KXHIGHNY-25NOV24-B49.5,0,1,99,100,1,7853,17216,2694200
2025-11-24T23:52:44.175363+00:00,KXHIGHNY-25NOV25-T59,3,5,95,97,3,237,269,155067
2025-11-24T23:52:44.175363+00:00,KXHIGHNY-25NOV25-T52,1,2,98,99,1,248,248,124877
2025-11-24T23:52:44.175363+00:00,KXHIGHNY-25NOV25-B58.5,20,21,79,80,20,651,694,227149
2025-11-24T23:52:44.175363+00:00,KXHIGHNY-25NOV25-B56.5,35,36,64,65,33,1736,2189,325604
2025-11-24T23:52:44.175363+00:00,KXHIGHNY-25NOV25-B54.5,36,37,63,64,37,4298,5032,530897
2025-11-24T23:52:44.175363+00:00,KXHIGHNY-25NOV25-B52.5,11,12,88,89,12,2022,2567,318012
2025-11-24T23:52:44.175363+00:00,KXHIGHNY-25NOV24-T56,0,1,99,100,1,6509,6549,35831
2025-11-24T23:52:44.175363+00:00,KXHIGHNY-25NOV24-T49,0,1,99,100,1,4964,6583,2390891
2025-11-24T23:52:44.175363+00:00,KXHIGHNY-25NOV24-B55.5,0,1,99,100,1,11815,16103,28336
2025-11-24T23:52:44.175363+00:00,KXHIGHNY-25NOV24-B53.5,0,1,99,100,1,19572,36652,51113
2025-11-24T23:52:44.175363+00:00,KXHIGHNY-25NOV24-B51.5,99,100,0,1,99,16704,40257,21300
2025-11-24T23:52:44.175363+00:00,KXHIGHNY-25NOV24-B49.5,0,1,99,100,1,7853,17216,2474200
2025-11-24T23:53:44.225974+00:00,KXHIGHNY-25NOV25-T59,3,5,95,97,3,237,269,158095
2025-11-24T23:53:44.225974+00:00,KXHIGHNY-25NOV25-T52,1,2,98,99,1,248,248,130641
2025-11-24T23:53:44.225974+00:00,KXHIGHNY-25NOV25-B58.5,20,21,79,80,20,651,694,257925
2025-11-24T23:53:44.225974+00:00,KXHIGHNY-25NOV25-B56.5,34,36,64,66,33,1736,2189,344706
2025-11-24T23:53:44.225974+00:00,KXHIGHNY-25NOV25-B54.5,36,37,63,64,37,4298,5032,587911
2025-11-24T23:53:44.225974+00:00,KXHIGHNY-25NOV25-B52.5,11,12,88,89,12,2022,2567,318171
2025-11-24T23:53:44.225974+00:00,KXHIGHNY-25NOV24-T56,0,1,99,100,1,6509,6549,39631
2025-11-24T23:53:44.225974+00:00,KXHIGHNY-25NOV24-T49,0,1,99,100,1,4964,6583,2406891
2025-11-24T23:53:44.225974+00:00,KXHIGHNY-25NOV24-B55.5,0,1,99,100,1,11815,16103,32136
2025-11-24T23:53:44.225974+00:00,KXHIGHNY-25NOV24-B53.5,0,1,99,100,1,19572,36652,56313
2025-11-24T23:53:44.225974+00:00,KXHIGHNY-25NOV24-B51.5,99,100,0,1,99,16704,40298,21259
2025-11-24T23:53:44.225974+00:00,KXHIGHNY-25NOV24-B49.5,0,1,99,100,1,7853,17216,2490200
2025-11-24T23:54:44.374738+00:00,KXHIGHNY-25NOV25-T59,3,5,95,97,3,237,269,158221
2025-11-24T23:54:44.374738+00:00,KXHIGHNY-25NOV25-T52,1,2,98,99,1,248,248,130757
2025-11-24T23:54:44.374738+00:00,KXHIGHNY-25NOV25-B58.5,20,22,78,80,20,651,694,257766
2025-11-24T23:54:44.374738+00:00,KXHIGHNY-25NOV25-B56.5,34,36,64,66,33,1736,2189,351787
2025-11-24T23:54:44.374738+00:00,KXHIGHNY-25NOV25-B54.5,36,37,63,64,37,4298,5032,583224
2025-11-24T23:54:44.374738+00:00,KXHIGHNY-25NOV25-B52.5,11,12,88,89,12,2022,2567,320686
2025-11-24T23:54:44.374738+00:00,KXHIGHNY-25NOV24-T56,0,1,99,100,1,6509,6549,39631
2025-11-24T23:54:44.374738+00:00,KXHIGHNY-25NOV24-T49,0,1,99,100,1,4964,6583,2406891
2025-11-24T23:54:44.374738+00:00,KXHIGHNY-25NOV24-B55.5,0,1,99,100,1,11815,16103,32136
2025-11-24T23:54:44.374738+00:00,KXHIGHNY-25NOV24-B53.5,0,1,99,100,1,19572,36652,56313
2025-11-24T23:54:44.374738+00:00,KXHIGHNY-25NOV24-B51.5,99,100,0,1,99,16704,40298,21259
2025-11-24T23:54:44.374738+00:00,KXHIGHNY-25NOV24-B49.5,0,1,99,100,1,7853,17216,2490200
2025-11-24T23:55:44.422383+00:00,KXHIGHNY-25NOV25-T59,3,5,95,97,3,237,269,158291
2025-11-24T23:55:44.422383+00:00,KXHIGHNY-25NOV25-T52,1,2,98,99,1,248,248,130907
2025-11-24T23:55:44.422383+00:00,KXHIGHNY-25NOV25-B58.5,20,22,78,80,20,651,694,257103
2025-11-24T23:55:44.422383+00:00,KXHIGHNY-25NOV25-B56.5,33,36,64,67,33,1736,2189,351265
2025-11-24T23:55:44.422383+00:00,KXHIGHNY-25NOV25-B54.5,36,38,62,64,37,4298,5032,582973
2025-11-24T23:55:44.422383+00:00,KXHIGHNY-25NOV25-B52.5,11,12,88,89,12,2022,2567,320064
2025-11-24T23:55:44.422383+00:00,KXHIGHNY-25NOV24-T56,0,1,99,100,1,6509,6549,39591
2025-11-24T23:55:44.422383+00:00,KXHIGHNY-25NOV24-T49,0,1,99,100,1,4964,6583,2406891
2025-11-24T23:55:44.422383+00:00,KXHIGHNY-25NOV24-B55.5,0,1,99,100,1,11815,16103,32096
2025-11-24T23:55:44.422383+00:00,KXHIGHNY-25NOV24-B53.5,0,1,99,100,1,19572,36652,56273
2025-11-24T23:55:44.422383+00:00,KXHIGHNY-25NOV24-B51.5,99,100,0,1,99,16704,40298,21259
2025-11-24T23:55:44.422383+00:00,KXHIGHNY-25NOV24-B49.5,0,1,99,100,1,7853,17216,2490200
2025-11-24T23:56:44.598744+00:00,KXHIGHNY-25NOV25-T59,3,5,95,97,3,237,269,159136
2025-11-24T23:56:44.598744+00:00,KXHIGHNY-25NOV25-T52,1,2,98,99,1,248,248,131091
2025-11-24T23:56:44.598744+00:00,KXHIGHNY-25NOV25-B58.5,20,22,78,80,20,651,694,257237
2025-11-24T23:56:44.598744+00:00,KXHIGHNY-25NOV25-B56.5,33,36,64,67,33,1736,2189,353670
2025-11-24T23:56:44.598744+00:00,KXHIGHNY-25NOV25-B54.5,36,38,62,64,37,4298,5032,582817
2025-11-24T23:56:44.598744+00:00,KXHIGHNY-25NOV25-B52.5,11,12,88,89,12,2022,2567,320064
2025-11-24T23:56:44.598744+00:00,KXHIGHNY-25NOV24-T56,0,1,99,100,1,6509,6549,39631
2025-11-24T23:56:44.598744+00:00,KXHIGHNY-25NOV24-T49,0,1,99,100,1,4964,6583,2406891
2025-11-24T23:56:44.598744+00:00,KXHIGHNY-25NOV24-B55.5,0,1,99,100,1,11815,16103,32136
2025-11-24T23:56:44.598744+00:00,KXHIGHNY-25NOV24-B53.5,0,1,99,100,1,19572,36652,56313
2025-11-24T23:56:44.598744+00:00,KXHIGHNY-25NOV24-B51.5,99,100,0,1,99,16704,40352,21205
2025-11-24T23:56:44.598744+00:00,KXHIGHNY-25NOV24-B49.5,0,1,99,100,1,7853,17216,2490200
2025-11-24T23:57:44.665621+00:00,KXHIGHNY-25NOV25-T59,3,5,95,97,3,237,269,159136
2025-11-24T23:57:44.665621+00:00,KXHIGHNY-25NOV25-T52,1,2,98,99,1,248,248,131091
2025-11-24T23:57:44.665621+00:00,KXHIGHNY-25NOV25-B58.5,20,22,78,80,20,651,694,299287
2025-11-24T23:57:44.665621+00:00,KXHIGHNY-25NOV25-B56.5,33,36,64,67,33,1736,2189,353773
2025-11-24T23:57:44.665621+00:00,KXHIGHNY-25NOV25-B54.5,36,38,62,64,37,4298,5032,582817
2025-11-24T23:57:44.665621+00:00,KXHIGHNY-25NOV25-B52.5,11,12,88,89,12,2022,2567,320003
2025-11-24T23:57:44.665621+00:00,KXHIGHNY-25NOV24-T56,0,1,99,100,1,6509,6549,39631
2025-11-24T23:57:44.665621+00:00,KXHIGHNY-25NOV24-T49,0,1,99,100,1,4964,6583,2406891
2025-11-24T23:57:44.665621+00:00,KXHIGHNY-25NOV24-B55.5,0,1,99,100,1,11815,16103,32136
2025-11-24T23:57:44.665621+00:00,KXHIGHNY-25NOV24-B53.5,0,1,99,100,1,19572,36652,56313
2025-11-24T23:57:44.665621+00:00,KXHIGHNY-25NOV24-B51.5,99,100,0,1,99,16704,40352,21205
2025-11-24T23:57:44.665621+00:00,KXHIGHNY-25NOV24-B49.5,0,1,99,100,1,7853,17216,2490200
2025-11-24T23:58:44.800618+00:00,KXHIGHNY-25NOV25-T59,3,6,94,97,3,237,269,158895
2025-11-24T23:58:44.800618+00:00,KXHIGHNY-25NOV25-T52,1,2,98,99,1,248,248,131057
2025-11-24T23:58:44.800618+00:00,KXHIGHNY-25NOV25-B58.5,20,22,78,80,20,651,694,299793
2025-11-24T23:58:44.800618+00:00,KXHIGHNY-25NOV25-B56.5,33,36,64,67,33,1736,2189,352927
2025-11-24T23:58:44.800618+00:00,KXHIGHNY-25NOV25-B54.5,36,38,62,64,37,4298,5032,582817
2025-11-24T23:58:44.800618+00:00,KXHIGHNY-25NOV25-B52.5,11,12,88,89,12,2022,2567,319603
2025-11-24T23:58:44.800618+00:00,KXHIGHNY-25NOV24-T56,0,1,99,100,1,6509,6549,39631
2025-11-24T23:58:44.800618+00:00,KXHIGHNY-25NOV24-T49,0,1,99,100,1,4964,6583,2406891
2025-11-24T23:58:44.800618+00:00,KXHIGHNY-25NOV24-B55.5,0,1,99,100,1,11815,16103,32136
2025-11-24T23:58:44.800618+00:00,KXHIGHNY-25NOV24-B53.5,0,1,99,100,1,19572,36652,56313
2025-11-24T23:58:44.800618+00:00,KXHIGHNY-25NOV24-B51.5,99,100,0,1,99,16704,40352,21205
2025-11-24T23:58:44.800618+00:00,KXHIGHNY-25NOV24-B49.5,0,1,99,100,1,7853,17216,2490200
2025-11-24T23:59:44.862518+00:00,KXHIGHNY-25NOV25-T59,3,6,94,97,3,237,269,158895
2025-11-24T23:59:44.862518+00:00,KXHIGHNY-25NOV25-T52,1,2,98,99,1,248,248,131057
2025-11-24T23:59:44.862518+00:00,KXHIGHNY-25NOV25-B58.5,20,22,78,80,20,651,694,299946
2025-11-24T23:59:44.862518+00:00,KXHIGHNY-25NOV25-B56.5,33,36,64,67,33,1736,2189,352913
2025-11-24T23:59:44.862518+00:00,KXHIGHNY-25NOV25-B54.5,36,38,62,64,37,4298,5032,582727
2025-11-24T23:59:44.862518+00:00,KXHIGHNY-25NOV25-B52.5,11,12,88,89,12,2022,2567,320292
2025-11-24T23:59:44.862518+00:00,KXHIGHNY-25NOV24-T56,0,1,99,100,1,6509,6549,39631
2025-11-24T23:59:44.862518+00:00,KXHIGHNY-25NOV24-T49,0,1,99,100,1,4964,6583,2406891
2025-11-24T23:59:44.862518+00:00,KXHIGHNY-25NOV24-B55.5,0,1,99,100,1,11815,16103,32136
2025-11-24T23:59:44.862518+00:00,KXHIGHNY-25NOV24-B53.5,0,1,99,100,1,19572,36652,56313
2025-11-24T23:59:44.862518+00:00,KXHIGHNY-25NOV24-B51.5,99,100,0,1,99,16704,40514,21043
2025-11-24T23:59:44.862518+00:00,KXHIGHNY-25NOV24-B49.5,0,1,99,100,1,7853,17216,2490200
2025-11-25T00:00:45.009729+00:00,KXHIGHNY-25NOV25-T59,3,6,94,97,3,237,269,158895
2025-11-25T00:00:45.009729+00:00,KXHIGHNY-25NOV25-T52,1,2,98,99,1,248,248,131057
2025-11-25T00:00:45.009729+00:00,KXHIGHNY-25NOV25-B58.5,20,21,79,80,20,651,694,299827
2025-11-25T00:00:45.009729+00:00,KXHIGHNY-25NOV25-B56.5,33,36,64,67,33,1736,2189,352810
2025-11-25T00:00:45.009729+00:00,KXHIGHNY-25NOV25-B54.5,36,38,62,64,37,4298,5032,582847
2025-11-25T00:00:45.009729+00:00,KXHIGHNY-25NOV25-B52.5,11,12,88,89,12,2022,2567,319606
2025-11-25T00:00:45.009729+00:00,KXHIGHNY-25NOV24-T56,0,1,99,100,1,6509,6549,39631
2025-11-25T00:00:45.009729+00:00,KXHIGHNY-25NOV24-T49,0,1,99,100,1,4964,6583,2406891
2025-11-25T00:00:45.009729+00:00,KXHIGHNY-25NOV24-B55.5,0,1,99,100,1,11815,16103,32136
2025-11-25T00:00:45.009729+00:00,KXHIGHNY-25NOV24-B53.5,0,1,99,100,1,19572,36652,56313
2025-11-25T00:00:45.009729+00:00,KXHIGHNY-25NOV24-B51.5,99,100,0,1,99,16704,40514,21043
2025-11-25T00:00:45.009729+00:00,KXHIGHNY-25NOV24-B49.5,0,1,99,100,1,7853,17216,2490200
2025-11-25T00:01:45.143800+00:00,KXHIGHNY-25NOV25-T59,3,6,94,97,3,237,269,158895
2025-11-25T00:01:45.143800+00:00,KXHIGHNY-25NOV25-T52,1,2,98,99,1,248,248,131057
2025-11-25T00:01:45.143800+00:00,KXHIGHNY-25NOV25-B58.5,20,21,79,80,20,651,694,298911
2025-11-25T00:01:45.143800+00:00,KXHIGHNY-25NOV25-B56.5,33,36,64,67,33,1736,2189,353449
2025-11-25T00:01:45.143800+00:00,KXHIGHNY-25NOV25-B54.5,36,38,62,64,37,4298,5032,582797
2025-11-25T00:01:45.143800+00:00,KXHIGHNY-25NOV25-B52.5,11,12,88,89,12,2022,2567,320335
2025-11-25T00:01:45.143800+00:00,KXHIGHNY-25NOV24-T56,0,1,99,100,1,6509,6549,39631
2025-11-25T00:01:45.143800+00:00,KXHIGHNY-25NOV24-T49,0,1,99,100,1,4964,6583,2406891
2025-11-25T00:01:45.143800+00:00,KXHIGHNY-25NOV24-B55.5,0,1,99,100,1,11815,16103,32136
2025-11-25T00:01:45.143800+00:00,KXHIGHNY-25NOV24-B53.5,0,1,99,100,1,19572,36652,56313
2025-11-25T00:01:45.143800+00:00,KXHIGHNY-25NOV24-B51.5,99,100,0,1,99,16704,40514,21043
2025-11-25T00:01:45.143800+00:00,KXHIGHNY-25NOV24-B49.5,0,1,99,100,1,7853,17216,2490200
2025-11-25T00:02:45.308088+00:00,KXHIGHNY-25NOV25-T59,3,6,94,97,3,237,269,154315
2025-11-25T00:02:45.308088+00:00,KXHIGHNY-25NOV25-T52,1,2,98,99,1,248,248,131091
2025-11-25T00:02:45.308088+00:00,KXHIGHNY-25NOV25-B58.5,20,21,79,80,20,651,694,298997
2025-11-25T00:02:45.308088+00:00,KXHIGHNY-25NOV25-B56.5,33,36,64,67,33,1736,2189,353413
2025-11-25T00:02:45.308088+00:00,KXHIGHNY-25NOV25-B54.5,36,38,62,64,37,4298,5032,582777
2025-11-25T00:02:45.308088+00:00,KXHIGHNY-25NOV25-B52.5,11,12,88,89,12,2022,2567,319673
2025-11-25T00:02:45.308088+00:00,KXHIGHNY-25NOV24-T56,0,1,99,100,1,6509,6549,39631
2025-11-25T00:02:45.308088+00:00,KXHIGHNY-25NOV24-T49,0,1,99,100,1,4964,6583,2406891
2025-11-25T00:02:45.308088+00:00,KXHIGHNY-25NOV24-B55.5,0,1,99,100,1,11815,16103,32136
2025-11-25T00:02:45.308088+00:00,KXHIGHNY-25NOV24-B53.5,0,1,99,100,1,19572,36652,56313
2025-11-25T00:02:45.308088+00:00,KXHIGHNY-25NOV24-B51.5,99,100,0,1,99,16704,40514,21043
2025-11-25T00:02:45.308088+00:00,KXHIGHNY-25NOV24-B49.5,0,1,99,100,1,7853,17216,2490200
2025-11-25T00:03:45.450630+00:00,KXHIGHNY-25NOV25-T59,3,6,94,97,3,237,269,158895
2025-11-25T00:03:45.450630+00:00,KXHIGHNY-25NOV25-T52,1,2,98,99,1,248,248,131091
2025-11-25T00:03:45.450630+00:00,KXHIGHNY-25NOV25-B58.5,20,21,79,80,20,651,694,325134
2025-11-25T00:03:45.450630+00:00,KXHIGHNY-25NOV25-B56.5,33,36,64,67,33,1736,2189,352846
2025-11-25T00:03:45.450630+00:00,KXHIGHNY-25NOV25-B54.5,36,38,62,64,37,4298,5032,582375
2025-11-25T00:03:45.450630+00:00,KXHIGHNY-25NOV25-B52.5,11,12,88,89,12,2022,2567,319673
2025-11-25T00:03:45.450630+00:00,KXHIGHNY-25NOV24-T56,0,1,99,100,1,6509,6549,39631
2025-11-25T00:03:45.450630+00:00,KXHIGHNY-25NOV24-T49,0,1,99,100,1,4964,6583,2406891
2025-11-25T00:03:45.450630+00:00,KXHIGHNY-25NOV24-B55.5,0,1,99,100,1,11815,16103,32136
2025-11-25T00:03:45.450630+00:00,KXHIGHNY-25NOV24-B53.5,0,1,99,100,1,19572,36652,56313
2025-11-25T00:03:45.450630+00:00,KXHIGHNY-25NOV24-B51.5,99,100,0,1,99,16704,40514,21043
2025-11-25T00:03:45.450630+00:00,KXHIGHNY-25NOV24-B49.5,0,1,99,100,1,7853,17216,2490593
2025-11-25T00:04:45.487918+00:00,KXHIGHNY-25NOV25-T59,3,6,94,97,3,237,269,158895
2025-11-25T00:04:45.487918+00:00,KXHIGHNY-25NOV25-T52,1,2,98,99,1,248,248,131057
2025-11-25T00:04:45.487918+00:00,KXHIGHNY-25NOV25-B58.5,20,21,79,80,20,651,694,325134
2025-11-25T00:04:45.487918+00:00,KXHIGHNY-25NOV25-B56.5,33,36,64,67,33,1736,2189,354583
2025-11-25T00:04:45.487918+00:00,KXHIGHNY-25NOV25-B54.5,36,38,62,64,37,4298,5032,582395
2025-11-25T00:04:45.487918+00:00,KXHIGHNY-25NOV25-B52.5,11,12,88,89,12,2022,2567,320758
2025-11-25T00:04:45.487918+00:00,KXHIGHNY-25NOV24-T56,0,1,99,100,1,6509,6549,39631
2025-11-25T00:04:45.487918+00:00,KXHIGHNY-25NOV24-T49,0,1,99,100,1,4964,6583,2406891
2025-11-25T00:04:45.487918+00:00,KXHIGHNY-25NOV24-B55.5,0,1,99,100,1,11815,16103,32136
2025-11-25T00:04:45.487918+00:00,KXHIGHNY-25NOV24-B53.5,0,1,99,100,1,19572,36652,56313
2025-11-25T00:04:45.487918+00:00,KXHIGHNY-25NOV24-B51.5,99,100,0,1,99,16704,40514,21043
2025-11-25T00:04:45.487918+00:00,KXHIGHNY-25NOV24-B49.5,0,1,99,100,1,7853,17216,2490593
2025-11-25T00:05:45.654150+00:00,KXHIGHNY-25NOV25-T59,3,6,94,97,3,237,269,158895
2025-11-25T00:05:45.654150+00:00,KXHIGHNY-25NOV25-T52,1,2,98,99,1,248,248,131057
2025-11-25T00:05:45.654150+00:00,KXHIGHNY-25NOV25-B58.5,20,21,79,80,20,651,694,325166
2025-11-25T00:05:45.654150+00:00,KXHIGHNY-25NOV25-B56.5,33,36,64,67,33,1736,2189,354686
2025-11-25T00:05:45.654150+00:00,KXHIGHNY-25NOV25-B54.5,36,38,62,64,37,4298,5032,582321
2025-11-25T00:05:45.654150+00:00,KXHIGHNY-25NOV25-B52.5,11,12,88,89,11,2043,2588,327996
2025-11-25T00:05:45.654150+00:00,KXHIGHNY-25NOV24-T56,0,1,99,100,1,6509,6549,39631
2025-11-25T00:05:45.654150+00:00,KXHIGHNY-25NOV24-T49,0,1,99,100,1,4964,6583,2406891
2025-11-25T00:05:45.654150+00:00,KXHIGHNY-25NOV24-B55.5,0,1,99,100,1,11815,16103,32136
2025-11-25T00:05:45.654150+00:00,KXHIGHNY-25NOV24-B53.5,0,1,99,100,1,19572,36652,56313
2025-11-25T00:05:45.654150+00:00,KXHIGHNY-25NOV24-B51.5,99,100,0,1,99,16704,40514,21043
2025-11-25T00:05:45.654150+00:00,KXHIGHNY-25NOV24-B49.5,0,1,99,100,1,7853,17216,2490593
2025-11-25T00:06:45.724974+00:00,KXHIGHNY-25NOV25-T59,3,6,94,97,3,237,269,158895
2025-11-25T00:06:45.724974+00:00,KXHIGHNY-25NOV25-T52,1,2,98,99,1,248,248,131057
2025-11-25T00:06:45.724974+00:00,KXHIGHNY-25NOV25-B58.5,20,24,76,80,20,651,694,324069
2025-11-25T00:06:45.724974+00:00,KXHIGHNY-25NOV25-B56.5,33,36,64,67,33,1736,2189,354583
2025-11-25T00:06:45.724974+00:00,KXHIGHNY-25NOV25-B54.5,36,38,62,64,37,4298,5032,582211
2025-11-25T00:06:45.724974+00:00,KXHIGHNY-25NOV25-B52.5,11,12,88,89,11,2043,2588,328637
2025-11-25T00:06:45.724974+00:00,KXHIGHNY-25NOV24-T56,0,1,99,100,1,6509,6549,39631
2025-11-25T00:06:45.724974+00:00,KXHIGHNY-25NOV24-T49,0,1,99,100,1,4964,6583,2406891
2025-11-25T00:06:45.724974+00:00,KXHIGHNY-25NOV24-B55.5,0,1,99,100,1,11815,16103,32136
2025-11-25T00:06:45.724974+00:00,KXHIGHNY-25NOV24-B53.5,0,1,99,100,1,19572,36652,56313
2025-11-25T00:06:45.724974+00:00,KXHIGHNY-25NOV24-B51.5,99,100,0,1,99,16704,40514,21043
2025-11-25T00:06:45.724974+00:00,KXHIGHNY-25NOV24-B49.5,0,1,99,100,1,7853,17216,2490200
2025-11-25T00:07:45.867490+00:00,KXHIGHNY-25NOV25-T59,3,6,94,97,3,237,269,439865
2025-11-25T00:07:45.867490+00:00,KXHIGHNY-25NOV25-T52,1,2,98,99,1,248,248,335057
2025-11-25T00:07:45.867490+00:00,KXHIGHNY-25NOV25-B58.5,20,24,76,80,20,651,694,745472
2025-11-25T00:07:45.867490+00:00,KXHIGHNY-25NOV25-B56.5,33,35,65,67,33,1736,2189,779344
2025-11-25T00:07:45.867490+00:00,KXHIGHNY-25NOV25-B54.5,36,38,62,64,37,4298,5032,1052198
2025-11-25T00:07:45.867490+00:00,KXHIGHNY-25NOV25-B52.5,11,12,88,89,11,2043,2588,620966
2025-11-25T00:07:45.867490+00:00,KXHIGHNY-25NOV24-T56,0,1,99,100,1,6509,6549,277431
2025-11-25T00:07:45.867490+00:00,KXHIGHNY-25NOV24-T49,0,1,99,100,1,4964,6583,2610891
2025-11-25T00:07:45.867490+00:00,KXHIGHNY-25NOV24-B55.5,0,1,99,100,1,11815,16103,284936
2025-11-25T00:07:45.867490+00:00,KXHIGHNY-25NOV24-B53.5,0,1,99,100,1,19572,36652,303913
2025-11-25T00:07:45.867490+00:00,KXHIGHNY-25NOV24-B51.5,99,100,0,1,99,16704,40514,219253
2025-11-25T00:07:45.867490+00:00,KXHIGHNY-25NOV24-B49.5,0,1,99,100,1,7853,17216,2694200
2025-11-25T00:08:45.940078+00:00,KXHIGHNY-25NOV25-T59,3,6,94,97,3,237,269,427715
2025-11-25T00:08:45.940078+00:00,KXHIGHNY-25NOV25-T52,1,2,98,99,1,248,248,334307
2025-11-25T00:08:45.940078+00:00,KXHIGHNY-25NOV25-B58.5,20,24,76,80,20,651,694,747203
2025-11-25T00:08:45.940078+00:00,KXHIGHNY-25NOV25-B56.5,33,34,66,67,33,1736,2189,792321
2025-11-25T00:08:45.940078+00:00,KXHIGHNY-25NOV25-B54.5,36,38,62,64,37,4298,5032,1054425
2025-11-25T00:08:45.940078+00:00,KXHIGHNY-25NOV25-B52.5,11,12,88,89,11,2043,2588,614038
2025-11-25T00:08:45.940078+00:00,KXHIGHNY-25NOV24-T56,0,1,99,100,1,6509,6549,292431
2025-11-25T00:08:45.940078+00:00,KXHIGHNY-25NOV24-T49,0,1,99,100,1,4964,6583,2610891
2025-11-25T00:08:45.940078+00:00,KXHIGHNY-25NOV24-B55.5,0,1,99,100,1,11815,16103,284936
2025-11-25T00:08:45.940078+00:00,KXHIGHNY-25NOV24-B53.5,0,1,99,100,1,19572,36652,309113
2025-11-25T00:08:45.940078+00:00,KXHIGHNY-25NOV24-B51.5,99,100,0,1,99,16704,40514,219253
2025-11-25T00:08:45.940078+00:00,KXHIGHNY-25NOV24-B49.5,0,1,99,100,1,7853,17216,2694593
2025-11-25T00:09:46.089679+00:00,KXHIGHNY-25NOV25-T59,3,6,94,97,3,237,269,427715
2025-11-25T00:09:46.089679+00:00,KXHIGHNY-25NOV25-T52,1,2,98,99,1,248,248,334307
2025-11-25T00:09:46.089679+00:00,KXHIGHNY-25NOV25-B58.5,20,24,76,80,20,651,694,744796
2025-11-25T00:09:46.089679+00:00,KXHIGHNY-25NOV25-B56.5,33,34,66,67,33,1736,2189,792291
2025-11-25T00:09:46.089679+00:00,KXHIGHNY-25NOV25-B54.5,36,38,62,64,37,4298,5032,1054355
2025-11-25T00:09:46.089679+00:00,KXHIGHNY-25NOV25-B52.5,11,12,88,89,11,2043,2588,614078
2025-11-25T00:09:46.089679+00:00,KXHIGHNY-25NOV24-T56,0,1,99,100,1,6509,6549,292431
2025-11-25T00:09:46.089679+00:00,KXHIGHNY-25NOV24-T49,0,1,99,100,1,4964,6583,2610891
2025-11-25T00:09:46.089679+00:00,KXHIGHNY-25NOV24-B55.5,0,1,99,100,1,11815,16103,284936
2025-11-25T00:09:46.089679+00:00,KXHIGHNY-25NOV24-B53.5,0,1,99,100,1,19572,36652,309113
2025-11-25T00:09:46.089679+00:00,KXHIGHNY-25NOV24-B51.5,99,100,0,1,99,16704,40514,219253
2025-11-25T00:09:46.089679+00:00,KXHIGHNY-25NOV24-B49.5,0,1,99,100,1,7853,17216,2694593
2025-11-25T00:10:46.136499+00:00,KXHIGHNY-25NOV25-T59,3,6,94,97,3,237,269,427715
2025-11-25T00:10:46.136499+00:00,KXHIGHNY-25NOV25-T52,1,2,98,99,1,248,248,351207
2025-11-25T00:10:46.136499+00:00,KXHIGHNY-25NOV25-B58.5,20,24,76,80,20,651,694,774583
2025-11-25T00:10:46.136499+00:00,KXHIGHNY-25NOV25-B56.5,33,34,66,67,33,1736,2189,780192
2025-11-25T00:10:46.136499+00:00,KXHIGHNY-25NOV25-B54.5,35,37,63,65,37,4298,5032,1054124
2025-11-25T00:10:46.136499+00:00,KXHIGHNY-25NOV25-B52.5,11,12,88,89,11,2043,2588,613373
2025-11-25T00:10:46.136499+00:00,KXHIGHNY-25NOV24-T56,0,1,99,100,1,6509,6549,292431
2025-11-25T00:10:46.136499+00:00,KXHIGHNY-25NOV24-T49,0,1,99,100,1,4964,6583,2610891
2025-11-25T00:10:46.136499+00:00,KXHIGHNY-25NOV24-B55.5,0,1,99,100,1,11815,16103,284936
2025-11-25T00:10:46.136499+00:00,KXHIGHNY-25NOV24-B53.5,0,1,99,100,1,19572,36652,309113
2025-11-25T00:10:46.136499+00:00,KXHIGHNY-25NOV24-B51.5,99,100,0,1,99,16704,40514,219253
2025-11-25T00:10:46.136499+00:00,KXHIGHNY-25NOV24-B49.5,0,1,99,100,1,7853,17216,2694593
2025-11-25T00:11:46.288224+00:00,KXHIGHNY-25NOV25-T59,3,6,94,97,3,237,269,192745
2025-11-25T00:11:46.288224+00:00,KXHIGHNY-25NOV25-T52,1,2,98,99,1,248,248,140407
2025-11-25T00:11:46.288224+00:00,KXHIGHNY-25NOV25-B58.5,20,24,76,80,20,651,694,322569
2025-11-25T00:11:46.288224+00:00,KXHIGHNY-25NOV25-B56.5,33,34,66,67,33,1736,2189,345240
2025-11-25T00:11:46.288224+00:00,KXHIGHNY-25NOV25-B54.5,36,38,62,64,37,4298,5032,556000
2025-11-25T00:11:46.288224+00:00,KXHIGHNY-25NOV25-B52.5,11,12,88,89,11,2043,2588,327881
2025-11-25T00:11:46.288224+00:00,KXHIGHNY-25NOV24-T56,0,1,99,100,1,6509,6549,287431
2025-11-25T00:11:46.288224+00:00,KXHIGHNY-25NOV24-T49,0,1,99,100,1,4964,6583,2405091
2025-11-25T00:11:46.288224+00:00,KXHIGHNY-25NOV24-B55.5,0,1,99,100,1,11815,16103,280059
2025-11-25T00:11:46.288224+00:00,KXHIGHNY-25NOV24-B53.5,0,1,99,100,1,19572,36652,304113
2025-11-25T00:11:46.288224+00:00,KXHIGHNY-25NOV24-B51.5,99,100,0,1,99,16704,40555,214212
2025-11-25T00:11:46.288224+00:00,KXHIGHNY-25NOV24-B49.5,0,1,99,100,1,7853,17216,2682200
