time,action,ticker,price,qty,fee,cost,source,spread,capital_after,slippage,mid_at_fill,strategy
2025-12-04 13:43:40.216516,BUY_NO,KXHIGHNY-25DEC05-B34.5,70,22,0.33,15.729999999999999,MM,1,984.27,0.5,30.5,RegimeSwitcher
2025-12-04 13:43:40.228468,BUY_YES,KXHIGHNY-25DEC05-B30.5,16,292,2.75,49.47,MM,2,934.8,1.0,15.0,RegimeSwitcher
2025-12-04 13:43:44.319356,BUY_NO,KXHIGHNY-25DEC05-B34.5,70,15,0.23,10.73,MM,2,924.0699999999999,1.0,31.0,RegimeSwitcher
2025-12-04 13:43:46.953937,BUY_NO,KXHIGHNY-25DEC05-B34.5,69,25,0.38,17.63,MM,1,906.4399999999999,0.5,31.5,RegimeSwitcher
2025-12-04 13:45:57.785951,BUY_NO,KXHIGHNY-25DEC05-B36.5,93,10,0.05,9.350000000000001,MM,2,897.0899999999999,1.0,8.0,RegimeSwitcher
2025-12-04 13:46:06.078015,BUY_NO,KXHIGHNY-25DEC05-B34.5,69,17,0.26,11.989999999999998,MM,1,885.0999999999999,0.5,31.5,RegimeSwitcher
2025-12-04 13:46:06.078377,BUY_NO,KXHIGHNY-25DEC05-B36.5,93,8,0.04,7.48,MM,2,877.6199999999999,1.0,8.0,RegimeSwitcher
2025-12-04 13:46:10.952627,BUY_YES,KXHIGHNY-25DEC05-B30.5,15,150,1.34,23.84,MM,2,853.7799999999999,1.0,14.0,RegimeSwitcher
2025-12-04 13:47:58.398592,BUY_NO,KXHIGHNY-25DEC05-B36.5,93,5,0.03,4.680000000000001,MM,4,849.0999999999999,2.0,9.0,RegimeSwitcher
2025-12-04 13:49:42.616342,BUY_NO,KXHIGHNY-25DEC05-B36.5,93,2,0.01,1.87,MM,2,847.2299999999999,1.0,8.0,RegimeSwitcher
2025-12-04 13:51:53.243505,BUY_YES,KXHIGHNY-25DEC05-B30.5,15,58,0.52,9.219999999999999,MM,2,838.0099999999999,1.0,14.0,RegimeSwitcher
2025-12-04 13:51:55.613858,BUY_NO,KXHIGHNY-25DEC05-B34.5,69,10,0.15,7.05,MM,1,830.9599999999999,0.5,31.5,RegimeSwitcher
2025-12-04 13:52:24.730089,BUY_NO,KXHIGHNY-25DEC05-B34.5,69,4,0.06,2.82,MM,1,828.1399999999999,0.5,31.5,RegimeSwitcher
2025-12-04 14:03:45.101058,BUY_YES,KXHIGHNY-25DEC05-B32.5,44,8,0.14,3.66,MM,1,824.4799999999999,0.5,43.5,RegimeSwitcher
2025-12-04 14:06:58.619731,BUY_YES,KXHIGHNY-25DEC05-B32.5,42,61,1.05,26.669999999999998,MM,1,797.81,0.5,41.5,RegimeSwitcher
2025-12-04 14:07:05.854377,BUY_NO,KXHIGHNY-25DEC05-B36.5,91,18,0.11,16.49,MM,1,781.3199999999999,0.5,9.5,RegimeSwitcher
2025-12-04 14:07:09.172730,BUY_NO,KXHIGHNY-25DEC05-B36.5,91,13,0.08,11.91,MM,1,769.41,0.5,9.5,RegimeSwitcher
2025-12-04 14:08:07.036298,BUY_YES,KXHIGHNY-25DEC05-B32.5,43,13,0.23,5.82,MM,2,763.5899999999999,1.0,42.0,RegimeSwitcher
2025-12-04 14:08:10.729337,BUY_YES,KXHIGHNY-25DEC05-B32.5,43,4,0.07,1.79,MM,1,761.8,0.5,42.5,RegimeSwitcher
2025-12-04 14:08:26.064997,BUY_NO,KXHIGHNY-25DEC05-B34.5,68,7,0.11,4.870000000000001,MM,2,756.93,1.0,33.0,RegimeSwitcher
2025-12-04 14:08:29.796937,BUY_NO,KXHIGHNY-25DEC05-B36.5,91,9,0.06,8.25,MM,1,748.68,0.5,9.5,RegimeSwitcher
2025-12-04 14:13:40.137546,BUY_NO,KXHIGHNY-25DEC05-B36.5,91,6,0.04,5.5,MM,1,743.18,0.5,9.5,RegimeSwitcher
2025-12-04 14:16:30.346198,BUY_NO,KXHIGHNY-25DEC05-B36.5,91,4,0.03,3.67,MM,1,739.51,0.5,9.5,RegimeSwitcher
2025-12-04 17:53:19.920077,BUY_NO,KXHIGHNY-25DEC05-B34.5,75,6,0.08,4.58,MM,1,734.93,0.5,25.5,RegimeSwitcher
2025-12-04 17:56:26.138732,BUY_NO,KXHIGHNY-25DEC05-B34.5,75,3,0.04,2.29,MM,2,732.64,1.0,26.0,RegimeSwitcher
2025-12-04 17:56:33.090585,BUY_NO,KXHIGHNY-25DEC05-B34.5,74,13,0.18,9.799999999999999,MM,1,722.84,0.5,26.5,RegimeSwitcher
2025-12-04 17:57:18.886897,BUY_NO,KXHIGHNY-25DEC05-B34.5,74,10,0.14,7.54,MM,1,715.3000000000001,0.5,26.5,RegimeSwitcher
2025-12-04 17:58:16.026398,BUY_NO,KXHIGHNY-25DEC05-B34.5,74,6,0.09,4.529999999999999,MM,2,710.7700000000001,1.0,27.0,RegimeSwitcher
2025-12-04 17:58:46.959294,BUY_NO,KXHIGHNY-25DEC05-B34.5,73,14,0.2,10.419999999999998,MM,1,700.3500000000001,0.5,27.5,RegimeSwitcher
2025-12-04 21:02:36.421159,BUY_YES,KXHIGHNY-25DEC05-B32.5,44,44,0.76,20.12,MM,2,680.2300000000001,1.0,43.0,RegimeSwitcher
2025-12-04 21:04:32.645312,BUY_YES,KXHIGHNY-25DEC05-B32.5,44,32,0.56,14.64,MM,2,665.5900000000001,1.0,43.0,RegimeSwitcher
2025-12-04 21:04:51.730701,BUY_YES,KXHIGHNY-25DEC05-B32.5,44,24,0.42,10.98,MM,2,654.6100000000001,1.0,43.0,RegimeSwitcher
2025-12-04 21:05:01.249837,BUY_YES,KXHIGHNY-25DEC05-B32.5,44,17,0.3,7.78,MM,2,646.8300000000002,1.0,43.0,RegimeSwitcher
2025-12-04 21:05:18.760771,BUY_NO,KXHIGHNY-25DEC05-T30,89,59,0.41,52.919999999999995,MM,2,593.9100000000002,1.0,12.0,RegimeSwitcher
2025-12-04 21:05:29.742191,BUY_NO,KXHIGHNY-25DEC05-T30,92,5,0.03,4.630000000000001,MM,1,589.2800000000002,0.5,8.5,RegimeSwitcher
2025-12-04 21:05:38.331117,BUY_YES,KXHIGHNY-25DEC05-B32.5,44,12,0.21,5.49,MM,1,583.7900000000002,0.5,43.5,RegimeSwitcher
2025-12-04 21:26:42.086127,BUY_NO,KXHIGHNY-25DEC05-B36.5,96,4,0.02,3.86,MM,1,579.9300000000002,0.5,4.5,RegimeSwitcher
2025-12-04 23:06:27.979222,BUY_NO,KXHIGHNY-25DEC05-T30,91,8,0.05,7.33,MM,3,572.6000000000001,1.5,10.5,RegimeSwitcher
2025-12-04 23:07:14.441682,BUY_NO,KXHIGHNY-25DEC05-T30,91,5,0.03,4.58,MM,1,568.0200000000001,0.5,9.5,RegimeSwitcher
2025-12-04 23:10:49.464312,BUY_NO,KXHIGHNY-25DEC05-B34.5,85,10,0.09,8.59,MM,1,559.4300000000001,0.5,15.5,RegimeSwitcher
2025-12-04 23:13:58.002188,BUY_NO,KXHIGHNY-25DEC05-B34.5,85,8,0.08,6.88,MM,1,552.5500000000001,0.5,15.5,RegimeSwitcher
2025-12-04 23:19:17.749758,BUY_NO,KXHIGHNY-25DEC05-B34.5,85,6,0.06,5.159999999999999,MM,1,547.3900000000001,0.5,15.5,RegimeSwitcher
2025-12-04 23:19:39.954017,BUY_NO,KXHIGHNY-25DEC05-B34.5,85,4,0.04,3.44,MM,1,543.95,0.5,15.5,RegimeSwitcher
2025-12-04 23:30:07.852557,BUY_NO,KXHIGHNY-25DEC05-B34.5,85,1,0.01,0.86,MM,1,543.09,0.5,15.5,RegimeSwitcher
2025-12-04 23:41:21.837902,BUY_NO,KXHIGHNY-25DEC05-B34.5,83,1,0.01,0.84,MM,2,542.25,1.0,18.0,RegimeSwitcher
2025-12-04 23:49:10.421869,BUY_NO,KXHIGHNY-25DEC05-B34.5,82,3,0.04,2.5,MM,1,539.75,0.5,18.5,RegimeSwitcher
2025-12-04 23:56:19.050675,BUY_YES,KXHIGHNY-25DEC05-B32.5,48,8,0.14,3.98,MM,2,535.77,1.0,47.0,RegimeSwitcher
2025-12-04 23:56:24.202068,BUY_YES,KXHIGHNY-25DEC05-B32.5,47,20,0.35,9.749999999999998,MM,3,526.02,1.5,45.5,RegimeSwitcher
2025-12-04 23:59:24.427166,BUY_NO,KXHIGHNY-25DEC05-B34.5,80,4,0.05,3.25,MM,1,522.77,0.5,20.5,RegimeSwitcher
2025-12-04 23:59:53.433019,BUY_NO,KXHIGHNY-25DEC05-B34.5,78,18,0.22,14.260000000000002,MM,1,508.51,0.5,22.5,RegimeSwitcher
2025-12-05 05:47:54.902198,BUY_YES,KXHIGHNY-25DEC05-T37,1,500,0.35,5.35,MM,1,503.15999999999997,0.5,0.5,RegimeSwitcher
2025-12-05 06:29:17.797201,BUY_NO,KXHIGHNY-25DEC05-T30,96,3,0.01,2.8899999999999997,MM,3,500.27,1.5,5.5,RegimeSwitcher
2025-12-05 06:29:28.475217,BUY_NO,KXHIGHNY-25DEC05-T30,96,3,0.01,2.8899999999999997,MM,2,497.38,1.0,5.0,RegimeSwitcher
2025-12-05 06:34:48.991244,BUY_NO,KXHIGHNY-25DEC05-T30,94,7,0.03,6.61,MM,1,490.77,0.5,6.5,RegimeSwitcher
2025-12-05 08:23:12.627589,BUY_YES,KXHIGHNY-25DEC06-T39,8,108,0.56,9.200000000000001,MM,2,481.57,1.0,7.0,RegimeSwitcher
2025-12-05 08:23:20.786053,BUY_YES,KXHIGHNY-25DEC06-T39,7,111,0.51,8.280000000000001,MM,1,473.28999999999996,0.5,6.5,RegimeSwitcher
2025-12-05 08:23:26.561179,BUY_YES,KXHIGHNY-25DEC06-B43.5,15,31,0.28,4.93,MM,7,468.35999999999996,3.5,11.5,RegimeSwitcher
2025-12-05 15:15:08.449976,BUY_YES,KXHIGHNY-25DEC06-T46,2,1,0.01,0.03,MM,1,468.33,0.5,1.5,RegimeSwitcher
2025-12-06 05:01:05.550801,BUY_YES,KXHIGHNY-25DEC06-B43.5,12,57,0.43,7.27,MM,1,1080.06,0.5,11.5,RegimeSwitcher
2025-12-06 05:01:22.551177,BUY_NO,KXHIGHNY-25DEC06-B39.5,59,12,0.21,7.29,MM,2,1072.77,1.0,42.0,RegimeSwitcher
2025-12-06 05:02:08.106726,BUY_NO,KXHIGHNY-25DEC06-B39.5,59,8,0.14,4.859999999999999,MM,1,1067.91,0.5,41.5,RegimeSwitcher
2025-12-06 05:04:05.190127,BUY_YES,KXHIGHNY-25DEC06-B43.5,11,139,0.96,16.25,MM,1,1051.66,0.5,10.5,RegimeSwitcher
2025-12-06 05:05:03.681628,BUY_YES,KXHIGHNY-25DEC06-B43.5,12,15,0.12,1.92,MM,2,1049.74,1.0,11.0,RegimeSwitcher
2025-12-06 05:07:29.757734,BUY_YES,KXHIGHNY-25DEC06-B43.5,10,150,0.95,15.95,MM,2,1033.79,1.0,9.0,RegimeSwitcher
2025-12-06 05:09:43.593894,BUY_YES,KXHIGHNY-25DEC06-B41.5,47,49,0.86,23.889999999999997,MM,2,1009.9,1.0,46.0,RegimeSwitcher
2025-12-06 05:10:19.434745,BUY_YES,KXHIGHNY-25DEC06-B41.5,48,7,0.13,3.4899999999999998,MM,2,1006.41,1.0,47.0,RegimeSwitcher
2025-12-06 05:10:26.241676,BUY_YES,KXHIGHNY-25DEC06-B41.5,47,27,0.48,13.17,MM,1,993.24,0.5,46.5,RegimeSwitcher
2025-12-06 05:11:13.912267,BUY_YES,KXHIGHNY-25DEC06-B43.5,11,46,0.32,5.38,MM,1,987.86,0.5,10.5,RegimeSwitcher
2025-12-06 05:12:15.925849,BUY_YES,KXHIGHNY-25DEC06-B43.5,11,34,0.24,3.9800000000000004,MM,2,983.88,1.0,10.0,RegimeSwitcher
2025-12-06 05:13:24.388975,BUY_YES,KXHIGHNY-25DEC06-B43.5,11,26,0.18,3.04,MM,2,980.84,1.0,10.0,RegimeSwitcher
2025-12-06 05:13:30.401329,BUY_YES,KXHIGHNY-25DEC06-B43.5,10,2,0.02,0.22,MM,2,980.62,1.0,9.0,RegimeSwitcher
2025-12-06 05:13:30.401412,BUY_YES,KXHIGHNY-25DEC06-B41.5,47,20,0.35,9.749999999999998,MM,1,970.87,0.5,46.5,RegimeSwitcher
2025-12-06 05:13:34.354998,BUY_YES,KXHIGHNY-25DEC06-T46,1,499,0.35,5.34,MM,1,965.53,0.5,0.5,RegimeSwitcher
2025-12-06 05:13:40.826857,BUY_YES,KXHIGHNY-25DEC06-B45.5,1,239,0.17,2.56,MM,1,962.97,0.5,0.5,RegimeSwitcher
2025-12-06 05:14:31.615720,BUY_YES,KXHIGHNY-25DEC06-B41.5,46,35,0.61,16.71,MM,1,946.26,0.5,45.5,RegimeSwitcher
2025-12-06 05:15:02.781800,BUY_NO,KXHIGHNY-25DEC06-B39.5,58,21,0.36,12.54,MM,1,933.72,0.5,42.5,RegimeSwitcher
2025-12-06 05:15:48.115188,BUY_NO,KXHIGHNY-25DEC06-B39.5,58,15,0.26,8.959999999999999,MM,1,924.76,0.5,42.5,RegimeSwitcher
2025-12-06 05:15:48.144001,BUY_YES,KXHIGHNY-25DEC06-B41.5,47,7,0.13,3.42,MM,1,921.34,0.5,46.5,RegimeSwitcher
2025-12-06 05:18:00.077070,BUY_NO,KXHIGHNY-25DEC06-B39.5,58,10,0.18,5.9799999999999995,MM,1,915.36,0.5,42.5,RegimeSwitcher
2025-12-06 05:31:07.934939,BUY_NO,KXHIGHNY-25DEC06-B39.5,58,6,0.11,3.5899999999999994,MM,1,911.77,0.5,42.5,RegimeSwitcher
2025-12-06 05:36:50.226715,BUY_NO,KXHIGHNY-25DEC06-B39.5,57,21,0.37,12.339999999999998,MM,1,899.43,0.5,43.5,RegimeSwitcher
2025-12-06 05:42:14.157912,BUY_NO,KXHIGHNY-25DEC06-B39.5,57,14,0.25,8.23,MM,1,891.1999999999999,0.5,43.5,RegimeSwitcher
2025-12-06 05:43:27.892822,BUY_NO,KXHIGHNY-25DEC06-B39.5,57,8,0.14,4.699999999999999,MM,1,886.4999999999999,0.5,43.5,RegimeSwitcher
2025-12-06 05:44:31.104459,BUY_YES,KXHIGHNY-25DEC06-B41.5,46,15,0.27,7.17,MM,1,879.3299999999999,0.5,45.5,RegimeSwitcher
2025-12-06 05:44:35.679722,BUY_NO,KXHIGHNY-25DEC06-B39.5,56,20,0.35,11.55,MM,1,867.78,0.5,44.5,RegimeSwitcher
2025-12-06 05:44:35.710620,BUY_YES,KXHIGHNY-25DEC06-B41.5,46,10,0.18,4.78,MM,1,863.0,0.5,45.5,RegimeSwitcher
2025-12-06 06:20:04.896442,BUY_YES,KXHIGHNY-25DEC06-T39,6,68,0.27,4.35,MM,1,858.65,0.5,5.5,RegimeSwitcher
2025-12-06 06:25:53.955349,BUY_YES,KXHIGHNY-25DEC06-B41.5,47,22,0.39,10.73,MM,2,847.92,1.0,46.0,RegimeSwitcher
2025-12-06 06:25:54.095051,BUY_NO,KXHIGHNY-25DEC06-B39.5,56,6,0.11,3.47,MM,2,844.4499999999999,1.0,45.0,RegimeSwitcher
2025-12-06 06:31:04.042953,BUY_YES,KXHIGHNY-25DEC06-B41.5,47,17,0.3,8.29,MM,2,836.16,1.0,46.0,RegimeSwitcher
2025-12-06 06:32:00.773699,BUY_YES,KXHIGHNY-25DEC06-B41.5,47,13,0.23,6.34,MM,2,829.8199999999999,1.0,46.0,RegimeSwitcher
2025-12-06 06:32:24.606182,BUY_YES,KXHIGHNY-25DEC06-B41.5,47,9,0.16,4.39,MM,2,825.43,1.0,46.0,RegimeSwitcher
2025-12-06 06:35:23.415283,BUY_YES,KXHIGHNY-25DEC06-T39,5,98,0.33,5.23,MM,2,820.1999999999999,1.0,4.0,RegimeSwitcher
2025-12-06 06:39:09.631101,BUY_YES,KXHIGHNY-25DEC06-T39,5,56,0.19,2.99,MM,2,817.2099999999999,1.0,4.0,RegimeSwitcher
2025-12-06 06:39:56.711068,BUY_YES,KXHIGHNY-25DEC06-T39,5,32,0.11,1.7100000000000002,MM,1,815.4999999999999,0.5,4.5,RegimeSwitcher
2025-12-06 07:30:47.156116,BUY_YES,KXHIGHNY-25DEC07-B39.5,26,122,1.65,33.370000000000005,MM,4,782.1299999999999,2.0,24.0,RegimeSwitcher
2025-12-06 07:34:19.045753,BUY_YES,KXHIGHNY-25DEC07-B39.5,25,87,1.15,22.9,MM,3,759.2299999999999,1.5,23.5,RegimeSwitcher
2025-12-06 07:48:42.342648,BUY_YES,KXHIGHNY-25DEC07-B43.5,17,373,3.69,67.10000000000001,MM,7,692.1299999999999,3.5,13.5,RegimeSwitcher
2025-12-06 07:54:31.214116,BUY_YES,KXHIGHNY-25DEC06-T39,4,27,0.08,1.1600000000000001,MM,2,690.9699999999999,1.0,3.0,RegimeSwitcher
2025-12-06 08:01:50.500581,BUY_YES,KXHIGHNY-25DEC07-B43.5,17,127,1.26,22.85,MM,6,668.1199999999999,3.0,14.0,RegimeSwitcher
2025-12-06 08:04:18.840639,BUY_YES,KXHIGHNY-25DEC07-T37,4,500,1.35,21.35,MM,2,646.7699999999999,1.0,3.0,RegimeSwitcher
2025-12-06 08:32:25.287663,BUY_YES,KXHIGHNY-25DEC07-B41.5,40,21,0.36,8.76,MM,1,638.0099999999999,0.5,39.5,RegimeSwitcher
2025-12-06 08:41:05.076112,BUY_NO,KXHIGHNY-25DEC06-B39.5,77,6,0.08,4.7,MM,4,633.3099999999998,2.0,25.0,RegimeSwitcher
2025-12-06 08:41:09.497190,BUY_NO,KXHIGHNY-25DEC06-B39.5,76,22,0.29,17.009999999999998,MM,2,616.2999999999998,1.0,25.0,RegimeSwitcher
2025-12-06 08:41:56.834140,BUY_NO,KXHIGHNY-25DEC06-B39.5,76,22,0.29,17.009999999999998,MM,1,599.2899999999998,0.5,24.5,RegimeSwitcher
2025-12-06 08:42:30.743590,BUY_NO,KXHIGHNY-25DEC06-B39.5,77,10,0.13,7.83,MM,2,591.4599999999998,1.0,24.0,RegimeSwitcher
2025-12-06 08:56:20.403856,BUY_NO,KXHIGHNY-25DEC06-B39.5,76,29,0.38,22.419999999999998,MM,7,569.0399999999998,3.5,27.5,RegimeSwitcher
2025-12-06 08:56:23.164151,BUY_NO,KXHIGHNY-25DEC06-B39.5,76,12,0.16,9.280000000000001,MM,7,559.7599999999999,3.5,27.5,RegimeSwitcher
2025-12-06 13:00:07.823111,BUY_YES,KXHIGHNY-25DEC07-T44,4,1,0.01,0.05,MM,2,559.7099999999999,1.0,3.0,RegimeSwitcher
2025-12-07 05:01:32.917306,BUY_YES,KXHIGHNY-25DEC07-B39.5,12,225,1.67,28.67,MM,7,1004.0400000000001,3.5,8.5,RegimeSwitcher
2025-12-07 05:01:39.811842,BUY_YES,KXHIGHNY-25DEC07-B39.5,8,66,0.35,5.63,MM,3,998.4100000000001,1.5,6.5,RegimeSwitcher
2025-12-07 05:01:39.818004,BUY_YES,KXHIGHNY-25DEC07-B41.5,52,46,0.81,24.73,MM,1,973.6800000000001,0.5,51.5,RegimeSwitcher
2025-12-07 05:14:03.079704,BUY_YES,KXHIGHNY-25DEC07-B41.5,52,19,0.34,10.22,MM,1,963.46,0.5,51.5,RegimeSwitcher
2025-12-07 05:14:25.251160,BUY_YES,KXHIGHNY-25DEC07-B41.5,52,13,0.23,6.99,MM,1,956.47,0.5,51.5,RegimeSwitcher
2025-12-07 05:14:35.019319,BUY_YES,KXHIGHNY-25DEC07-B41.5,52,7,0.13,3.77,MM,1,952.7,0.5,51.5,RegimeSwitcher
2025-12-07 05:31:19.016283,BUY_YES,KXHIGHNY-25DEC07-T44,5,56,0.19,2.99,MM,1,949.71,0.5,4.5,RegimeSwitcher
2025-12-07 05:31:38.181356,BUY_YES,KXHIGHNY-25DEC07-T44,5,78,0.26,4.16,MM,1,945.5500000000001,0.5,4.5,RegimeSwitcher
2025-12-07 05:34:32.526025,BUY_YES,KXHIGHNY-25DEC07-T44,5,74,0.25,3.95,MM,1,941.6,0.5,4.5,RegimeSwitcher
2025-12-07 05:45:32.448672,BUY_YES,KXHIGHNY-25DEC07-T44,4,16,0.05,0.6900000000000001,MM,1,940.91,0.5,3.5,RegimeSwitcher
2025-12-07 06:41:59.638383,BUY_YES,KXHIGHNY-25DEC07-T44,3,167,0.35,5.359999999999999,MM,1,935.55,0.5,2.5,RegimeSwitcher
2025-12-07 06:51:42.611537,BUY_YES,KXHIGHNY-25DEC07-T44,3,97,0.2,3.11,MM,2,932.4399999999999,1.0,2.0,RegimeSwitcher
2025-12-07 06:53:02.311364,BUY_YES,KXHIGHNY-25DEC07-T44,3,11,0.03,0.36,MM,2,932.0799999999999,1.0,2.0,RegimeSwitcher
2025-12-07 07:10:32.535186,BUY_YES,KXHIGHNY-25DEC07-B41.5,57,82,1.41,48.14999999999999,MM,4,883.93,2.0,55.0,RegimeSwitcher
2025-12-07 07:10:49.183654,BUY_YES,KXHIGHNY-25DEC07-B41.5,54,68,1.19,37.91,MM,4,846.02,2.0,52.0,RegimeSwitcher
2025-12-07 07:11:00.527001,BUY_YES,KXHIGHNY-25DEC07-B41.5,53,59,1.03,32.300000000000004,MM,4,813.72,2.0,51.0,RegimeSwitcher
2025-12-07 07:11:08.316650,BUY_YES,KXHIGHNY-25DEC07-B41.5,51,54,0.95,28.49,MM,2,785.23,1.0,50.0,RegimeSwitcher
2025-12-07 07:11:11.309825,BUY_YES,KXHIGHNY-25DEC07-B41.5,50,49,0.86,25.36,MM,1,759.87,0.5,49.5,RegimeSwitcher
2025-12-07 07:11:16.509491,BUY_YES,KXHIGHNY-25DEC07-B41.5,51,45,0.79,23.74,MM,2,736.13,1.0,50.0,RegimeSwitcher
2025-12-07 07:11:29.657194,BUY_YES,KXHIGHNY-25DEC07-B41.5,52,37,0.65,19.89,MM,3,716.24,1.5,50.5,RegimeSwitcher
2025-12-07 07:26:09.768446,BUY_YES,KXHIGHNY-25DEC08-B35.5,28,115,1.63,33.830000000000005,MM,6,682.41,3.0,25.0,RegimeSwitcher
2025-12-07 07:34:20.034931,BUY_YES,KXHIGHNY-25DEC08-B35.5,28,75,1.06,22.060000000000002,MM,6,660.3499999999999,3.0,25.0,RegimeSwitcher
2025-12-07 07:35:36.713020,BUY_YES,KXHIGHNY-25DEC08-B35.5,27,95,1.32,26.970000000000002,MM,5,633.3799999999999,2.5,24.5,RegimeSwitcher
2025-12-07 07:42:50.976562,BUY_YES,KXHIGHNY-25DEC08-B35.5,24,118,1.51,29.830000000000002,MM,2,603.5499999999998,1.0,23.0,RegimeSwitcher
2025-12-07 07:42:50.982139,BUY_NO,KXHIGHNY-25DEC08-B39.5,78,3,0.04,2.38,MM,4,601.1699999999998,2.0,24.0,RegimeSwitcher
2025-12-07 07:43:16.870544,BUY_YES,KXHIGHNY-25DEC08-B35.5,25,1,0.02,0.27,MM,3,600.8999999999999,1.5,23.5,RegimeSwitcher
2025-12-07 07:43:44.034844,BUY_YES,KXHIGHNY-25DEC08-B33.5,6,2,0.01,0.13,MM,4,600.7699999999999,2.0,4.0,RegimeSwitcher
2025-12-07 13:08:19.190233,BUY_YES,KXHIGHNY-25DEC08-T40,2,1,0.01,0.03,MM,2,600.7399999999999,1.0,1.0,RegimeSwitcher
2025-12-08 05:00:58.726923,BUY_NO,KXHIGHNY-25DEC08-B37.5,76,85,1.09,65.69,MM,6,1035.0499999999997,3.0,27.0,RegimeSwitcher
2025-12-08 05:01:19.967904,BUY_NO,KXHIGHNY-25DEC08-B37.5,75,60,0.79,45.79,MM,4,989.2599999999998,2.0,27.0,RegimeSwitcher
2025-12-08 05:02:28.847172,BUY_NO,KXHIGHNY-25DEC08-B37.5,75,49,0.65,37.4,MM,5,951.8599999999998,2.5,27.5,RegimeSwitcher
2025-12-08 05:02:31.089230,BUY_NO,KXHIGHNY-25DEC08-B37.5,75,43,0.57,32.82,MM,4,919.0399999999997,2.0,27.0,RegimeSwitcher
2025-12-08 05:03:17.082072,BUY_NO,KXHIGHNY-25DEC08-B37.5,74,39,0.53,29.39,MM,3,889.6499999999997,1.5,27.5,RegimeSwitcher
2025-12-08 05:03:33.582585,BUY_NO,KXHIGHNY-25DEC08-B37.5,73,36,0.5,26.78,MM,2,862.8699999999998,1.0,28.0,RegimeSwitcher
2025-12-08 05:05:15.103737,BUY_NO,KXHIGHNY-25DEC08-B37.5,73,33,0.46,24.55,MM,3,838.3199999999998,1.5,28.5,RegimeSwitcher
2025-12-08 05:07:42.963095,BUY_NO,KXHIGHNY-25DEC08-B37.5,73,31,0.43,23.06,MM,2,815.2599999999999,1.0,28.0,RegimeSwitcher
2025-12-08 05:07:44.970047,BUY_NO,KXHIGHNY-25DEC08-B37.5,73,29,0.41,21.58,MM,3,793.6799999999998,1.5,28.5,RegimeSwitcher
2025-12-08 05:08:20.880295,BUY_NO,KXHIGHNY-25DEC08-B37.5,73,23,0.32,17.11,MM,2,776.5699999999998,1.0,28.0,RegimeSwitcher
2025-12-08 05:32:47.602916,BUY_NO,KXHIGHNY-25DEC08-B39.5,20,43,0.49,9.09,MM,1,767.4799999999998,0.5,80.5,RegimeSwitcher
2025-12-08 05:32:49.964964,BUY_NO,KXHIGHNY-25DEC08-B39.5,20,21,0.24,4.44,MM,3,763.0399999999997,1.5,81.5,RegimeSwitcher
2025-12-08 05:32:55.298078,BUY_NO,KXHIGHNY-25DEC08-B39.5,20,9,0.11,1.9100000000000001,MM,1,761.1299999999998,0.5,80.5,RegimeSwitcher
2025-12-08 05:33:12.849500,BUY_NO,KXHIGHNY-25DEC08-B39.5,18,77,0.8,14.66,MM,1,746.4699999999998,0.5,82.5,RegimeSwitcher
2025-12-08 05:33:47.956287,BUY_NO,KXHIGHNY-25DEC08-B39.5,17,82,0.81,14.750000000000002,MM,1,731.7199999999998,0.5,83.5,RegimeSwitcher
2025-12-08 05:33:56.356197,BUY_NO,KXHIGHNY-25DEC08-B39.5,17,29,0.29,5.220000000000001,MM,1,726.4999999999998,0.5,83.5,RegimeSwitcher
2025-12-08 06:09:51.480505,BUY_NO,KXHIGHNY-25DEC08-B39.5,19,8,0.09,1.61,MM,4,724.8899999999998,2.0,83.0,RegimeSwitcher
2025-12-08 07:04:56.636554,BUY_NO,KXHIGHNY-25DEC08-B37.5,71,6,0.09,4.35,MM,2,720.5399999999997,1.0,30.0,RegimeSwitcher
2025-12-08 07:05:09.084086,BUY_NO,KXHIGHNY-25DEC08-B37.5,71,5,0.08,3.63,MM,2,716.9099999999997,1.0,30.0,RegimeSwitcher
2025-12-08 07:11:29.036400,BUY_NO,KXHIGHNY-25DEC08-B39.5,25,29,0.39,7.64,MM,2,709.2699999999998,1.0,76.0,RegimeSwitcher
2025-12-08 07:11:33.411184,BUY_NO,KXHIGHNY-25DEC08-B39.5,25,24,0.32,6.32,MM,3,702.9499999999997,1.5,76.5,RegimeSwitcher
2025-12-08 07:11:36.888075,BUY_NO,KXHIGHNY-25DEC08-B39.5,24,45,0.58,11.379999999999999,MM,1,691.5699999999997,0.5,76.5,RegimeSwitcher
2025-12-08 07:11:48.028459,BUY_NO,KXHIGHNY-25DEC08-B39.5,25,13,0.18,3.43,MM,2,688.1399999999998,1.0,76.0,RegimeSwitcher
2025-12-08 07:16:43.882746,BUY_NO,KXHIGHNY-25DEC08-B39.5,25,8,0.11,2.11,MM,2,686.0299999999997,1.0,76.0,RegimeSwitcher
2025-12-08 07:18:35.234490,BUY_NO,KXHIGHNY-25DEC08-B39.5,25,3,0.04,0.79,MM,2,685.2399999999998,1.0,76.0,RegimeSwitcher
2025-12-08 07:29:51.013066,BUY_YES,KXHIGHNY-25DEC09-T39,4,483,1.3,20.62,MM,3,664.6199999999998,1.5,2.5,RegimeSwitcher
2025-12-09 05:00:00.007903,BUY_NO,KXHIGHNY-25DEC09-B36.5,69,90,1.35,63.449999999999996,MM,3,995.1699999999998,1.5,32.5,RegimeSwitcher
2025-12-09 05:00:00.044954,BUY_YES,KXHIGHNY-25DEC09-B32.5,21,286,3.33,63.38999999999999,MM,3,931.7799999999999,1.5,19.5,RegimeSwitcher
2025-12-09 05:00:00.086928,BUY_NO,KXHIGHNY-25DEC09-B38.5,91,30,0.18,27.48,MM,7,904.2999999999998,3.5,12.5,RegimeSwitcher
2025-12-09 05:00:05.390771,BUY_NO,KXHIGHNY-25DEC09-B36.5,69,61,0.92,43.01,MM,3,861.2899999999998,1.5,32.5,RegimeSwitcher
2025-12-09 05:00:12.812174,BUY_NO,KXHIGHNY-25DEC09-B38.5,92,8,0.05,7.41,MM,5,853.8799999999999,2.5,10.5,RegimeSwitcher
2025-12-09 05:00:12.837109,BUY_NO,KXHIGHNY-25DEC09-B34.5,58,64,1.1,38.22,MM,7,815.6599999999999,3.5,45.5,RegimeSwitcher
2025-12-09 05:00:17.864419,BUY_NO,KXHIGHNY-25DEC09-B34.5,58,42,0.72,25.08,MM,6,790.5799999999998,3.0,45.0,RegimeSwitcher
2025-12-09 05:00:28.387983,BUY_NO,KXHIGHNY-25DEC09-B38.5,91,17,0.1,15.57,MM,6,775.0099999999998,3.0,12.0,RegimeSwitcher
2025-12-09 05:00:35.961636,BUY_NO,KXHIGHNY-25DEC09-B38.5,90,25,0.16,22.66,MM,3,752.3499999999998,1.5,11.5,RegimeSwitcher
2025-12-09 05:00:38.190682,BUY_NO,KXHIGHNY-25DEC09-B34.5,58,31,0.53,18.51,MM,6,733.8399999999998,3.0,45.0,RegimeSwitcher
2025-12-09 05:00:41.057731,BUY_NO,KXHIGHNY-25DEC09-B36.5,70,49,0.73,35.029999999999994,MM,5,698.8099999999998,2.5,32.5,RegimeSwitcher
2025-12-09 05:00:42.552683,BUY_NO,KXHIGHNY-25DEC09-B34.5,57,39,0.67,22.9,MM,4,675.9099999999999,2.0,45.0,RegimeSwitcher
2025-12-09 05:00:43.723825,BUY_NO,KXHIGHNY-25DEC09-B38.5,91,8,0.05,7.33,MM,4,668.5799999999998,2.0,11.0,RegimeSwitcher
2025-12-09 05:00:48.771938,BUY_YES,KXHIGHNY-25DEC09-B32.5,22,111,1.34,25.76,MM,2,642.8199999999998,1.0,21.0,RegimeSwitcher
2025-12-09 05:00:48.802274,BUY_NO,KXHIGHNY-25DEC09-B34.5,58,16,0.28,9.559999999999999,MM,4,633.2599999999999,2.0,44.0,RegimeSwitcher
2025-12-09 05:00:48.879181,BUY_NO,KXHIGHNY-25DEC09-B38.5,91,5,0.03,4.58,MM,3,628.6799999999998,1.5,10.5,RegimeSwitcher
2025-12-09 05:00:48.920260,BUY_NO,KXHIGHNY-25DEC09-B36.5,71,43,0.62,31.15,MM,4,597.5299999999999,2.0,31.0,RegimeSwitcher
2025-12-09 05:00:50.929456,BUY_YES,KXHIGHNY-25DEC09-B32.5,24,83,1.06,20.979999999999997,MM,3,576.5499999999998,1.5,22.5,RegimeSwitcher
2025-12-09 05:00:51.744711,BUY_NO,KXHIGHNY-25DEC09-B36.5,70,39,0.58,27.879999999999995,MM,5,548.6699999999998,2.5,32.5,RegimeSwitcher
2025-12-09 05:00:54.422122,BUY_YES,KXHIGHNY-25DEC09-B32.5,23,20,0.25,4.8500000000000005,MM,3,543.8199999999998,1.5,21.5,RegimeSwitcher
2025-12-09 05:00:54.540975,BUY_NO,KXHIGHNY-25DEC09-B36.5,71,1,0.02,0.73,MM,5,543.0899999999998,2.5,31.5,RegimeSwitcher
2025-12-09 05:02:00.806699,BUY_YES,KXHIGHNY-25DEC09-T32,4,9,0.03,0.39,MM,1,542.6999999999998,0.5,3.5,RegimeSwitcher
2025-12-09 22:35:12.333438,BUY_YES,KXHIGHNY-25DEC10-T40,1,1,0.01,0.02,MM,1,542.6799999999998,0.5,0.5,RegimeSwitcher
2025-12-10 05:02:40.206867,BUY_NO,KXHIGHNY-25DEC10-B46.5,73,14,0.2,10.419999999999998,MM,1,908.2599999999999,0.5,27.5,RegimeSwitcher
2025-12-10 05:03:16.676677,BUY_NO,KXHIGHNY-25DEC10-B44.5,52,56,0.98,30.1,MM,1,878.1599999999999,0.5,48.5,RegimeSwitcher
2025-12-10 05:03:18.588398,BUY_YES,KXHIGHNY-25DEC10-B40.5,4,114,0.31,4.87,MM,2,873.2899999999998,1.0,3.0,RegimeSwitcher
2025-12-10 05:03:22.366506,BUY_NO,KXHIGHNY-25DEC10-B44.5,52,38,0.67,20.430000000000003,MM,1,852.8599999999999,0.5,48.5,RegimeSwitcher
2025-12-10 05:05:23.154312,BUY_YES,KXHIGHNY-25DEC10-T47,9,107,0.62,10.249999999999998,MM,2,842.6099999999999,1.0,8.0,RegimeSwitcher
2025-12-10 05:05:44.368158,BUY_NO,KXHIGHNY-25DEC10-B46.5,73,9,0.13,6.7,MM,1,835.9099999999999,0.5,27.5,RegimeSwitcher
2025-12-10 05:05:53.798069,BUY_YES,KXHIGHNY-25DEC10-T47,8,179,0.93,15.25,MM,1,820.6599999999999,0.5,7.5,RegimeSwitcher
2025-12-10 05:07:45.690924,BUY_NO,KXHIGHNY-25DEC10-B46.5,73,6,0.09,4.47,MM,2,816.1899999999998,1.0,28.0,RegimeSwitcher
2025-12-10 05:07:57.093921,BUY_YES,KXHIGHNY-25DEC10-T47,9,32,0.19,3.07,MM,2,813.1199999999998,1.0,8.0,RegimeSwitcher
2025-12-10 05:08:02.324436,BUY_YES,KXHIGHNY-25DEC10-T47,8,90,0.47,7.67,MM,1,805.4499999999998,0.5,7.5,RegimeSwitcher
2025-12-10 05:08:42.458917,BUY_YES,KXHIGHNY-25DEC10-B40.5,4,52,0.14,2.22,MM,2,803.2299999999998,1.0,3.0,RegimeSwitcher
2025-12-10 05:09:02.899411,BUY_NO,KXHIGHNY-25DEC10-B46.5,72,17,0.24,12.48,MM,2,790.7499999999998,1.0,29.0,RegimeSwitcher
2025-12-10 05:10:02.880421,BUY_YES,KXHIGHNY-25DEC10-T47,9,11,0.07,1.06,MM,2,789.6899999999998,1.0,8.0,RegimeSwitcher
2025-12-10 05:10:05.130790,BUY_YES,KXHIGHNY-25DEC10-T47,8,57,0.3,4.86,MM,1,784.8299999999998,0.5,7.5,RegimeSwitcher
2025-12-10 05:10:34.173812,BUY_NO,KXHIGHNY-25DEC10-B46.5,72,11,0.16,8.08,MM,1,776.7499999999998,0.5,28.5,RegimeSwitcher
2025-12-10 05:10:52.687497,BUY_NO,KXHIGHNY-25DEC10-B46.5,72,7,0.1,5.14,MM,2,771.6099999999998,1.0,29.0,RegimeSwitcher
2025-12-10 05:11:56.700555,BUY_YES,KXHIGHNY-25DEC10-T47,8,24,0.13,2.05,MM,1,769.5599999999998,0.5,7.5,RegimeSwitcher
2025-12-10 05:15:06.893912,BUY_YES,KXHIGHNY-25DEC10-B40.5,4,22,0.06,0.94,MM,2,768.6199999999998,1.0,3.0,RegimeSwitcher
2025-12-10 05:15:45.924992,BUY_NO,KXHIGHNY-25DEC10-B46.5,70,25,0.37,17.87,MM,3,750.7499999999998,1.5,31.5,RegimeSwitcher
2025-12-10 05:15:49.295964,BUY_NO,KXHIGHNY-25DEC10-B46.5,70,18,0.27,12.87,MM,2,737.8799999999998,1.0,31.0,RegimeSwitcher
2025-12-10 05:16:10.090414,BUY_NO,KXHIGHNY-25DEC10-B46.5,70,13,0.2,9.299999999999999,MM,3,728.5799999999998,1.5,31.5,RegimeSwitcher
2025-12-10 05:18:01.085474,BUY_NO,KXHIGHNY-25DEC10-B46.5,70,9,0.14,6.4399999999999995,MM,3,722.1399999999998,1.5,31.5,RegimeSwitcher
2025-12-10 05:18:41.251284,BUY_NO,KXHIGHNY-25DEC10-B46.5,70,6,0.09,4.289999999999999,MM,2,717.8499999999998,1.0,31.0,RegimeSwitcher
2025-12-10 05:25:16.172133,BUY_NO,KXHIGHNY-25DEC10-B46.5,66,3,0.05,2.03,MM,2,715.8199999999998,1.0,35.0,RegimeSwitcher
2025-12-10 05:25:26.153667,BUY_YES,KXHIGHNY-25DEC10-B40.5,3,204,0.42,6.54,MM,1,709.2799999999999,0.5,2.5,RegimeSwitcher
2025-12-10 05:26:00.743929,BUY_YES,KXHIGHNY-25DEC10-B40.5,3,98,0.2,3.14,MM,1,706.1399999999999,0.5,2.5,RegimeSwitcher
2025-12-10 05:26:19.006837,BUY_YES,KXHIGHNY-25DEC10-B42.5,19,49,0.53,9.84,MM,2,696.2999999999998,1.0,18.0,RegimeSwitcher
2025-12-10 05:27:01.670839,BUY_YES,KXHIGHNY-25DEC10-B42.5,18,90,0.93,17.13,MM,2,679.1699999999998,1.0,17.0,RegimeSwitcher
2025-12-10 05:27:19.341005,BUY_YES,KXHIGHNY-25DEC10-B42.5,13,226,1.79,31.17,MM,4,647.9999999999999,2.0,11.0,RegimeSwitcher
2025-12-10 05:27:45.395323,BUY_YES,KXHIGHNY-25DEC10-B42.5,13,134,1.07,18.490000000000002,MM,4,629.5099999999999,2.0,11.0,RegimeSwitcher
2025-12-10 05:27:49.947781,BUY_YES,KXHIGHNY-25DEC10-B42.5,13,1,0.01,0.14,MM,4,629.3699999999999,2.0,11.0,RegimeSwitcher
2025-12-10 05:35:05.619977,BUY_YES,KXHIGHNY-25DEC10-B40.5,3,10,0.03,0.32999999999999996,MM,2,629.0399999999998,1.0,2.0,RegimeSwitcher
2025-12-10 07:07:40.337589,BUY_YES,KXHIGHNY-25DEC11-B40.5,36,7,0.12,2.64,MM,6,626.3999999999999,3.0,33.0,RegimeSwitcher
2025-12-10 07:11:43.290903,BUY_YES,KXHIGHNY-25DEC11-B44.5,18,268,2.77,51.01,MM,11,575.3899999999999,5.5,12.5,RegimeSwitcher
2025-12-10 07:11:50.472060,BUY_YES,KXHIGHNY-25DEC11-B38.5,20,237,2.66,50.06,MM,14,525.3299999999999,7.0,13.0,RegimeSwitcher
2025-12-10 07:11:51.178696,BUY_YES,KXHIGHNY-25DEC11-B44.5,17,115,1.14,20.69,MM,10,504.63999999999993,5.0,12.0,RegimeSwitcher
2025-12-10 07:11:58.137573,BUY_YES,KXHIGHNY-25DEC11-B38.5,20,111,1.25,23.450000000000003,MM,14,481.18999999999994,7.0,13.0,RegimeSwitcher
2025-12-10 07:11:58.399106,BUY_YES,KXHIGHNY-25DEC11-T38,12,171,1.27,21.79,MM,9,459.3999999999999,4.5,7.5,RegimeSwitcher
2025-12-10 07:16:28.149601,BUY_YES,KXHIGHNY-25DEC11-T45,4,1,0.01,0.05,MM,1,459.3499999999999,0.5,3.5,RegimeSwitcher
2025-12-11 05:42:51.744448,BUY_YES,KXHIGHNY-25DEC11-B42.5,2,500,0.69,10.69,MM,2,542.6599999999999,1.0,1.0,RegimeSwitcher
2025-12-11 07:40:30.394749,BUY_YES,KXHIGHNY-25DEC12-B32.5,7,398,1.82,29.680000000000003,MM,4,512.9799999999999,2.0,5.0,RegimeSwitcher
2025-12-11 07:40:50.062091,BUY_YES,KXHIGHNY-25DEC12-B32.5,6,102,0.41,6.53,MM,3,506.44999999999993,1.5,4.5,RegimeSwitcher
2025-12-11 07:42:10.840113,BUY_NO,KXHIGHNY-25DEC12-B36.5,61,3,0.05,1.8800000000000001,MM,1,504.56999999999994,0.5,39.5,RegimeSwitcher
2025-12-11 07:42:50.209619,BUY_YES,KXHIGHNY-25DEC12-B34.5,29,14,0.21,4.27,MM,1,500.29999999999995,0.5,28.5,RegimeSwitcher
2025-12-11 07:42:57.062302,BUY_YES,KXHIGHNY-25DEC12-B34.5,29,8,0.12,2.44,MM,6,497.85999999999996,3.0,26.0,RegimeSwitcher
2025-12-11 08:19:55.082907,BUY_YES,KXHIGHNY-25DEC12-T39,4,35,0.1,1.5000000000000002,MM,2,496.35999999999996,1.0,3.0,RegimeSwitcher
2025-12-11 08:19:58.081711,BUY_YES,KXHIGHNY-25DEC12-T39,4,17,0.05,0.7300000000000001,MM,1,495.62999999999994,0.5,3.5,RegimeSwitcher
2025-12-11 08:20:06.212915,BUY_YES,KXHIGHNY-25DEC12-T39,3,209,0.43,6.699999999999999,MM,1,488.92999999999995,0.5,2.5,RegimeSwitcher
2025-12-11 08:20:09.950095,BUY_YES,KXHIGHNY-25DEC12-T39,3,77,0.16,2.47,MM,1,486.4599999999999,0.5,2.5,RegimeSwitcher
2025-12-11 08:20:13.627304,BUY_YES,KXHIGHNY-25DEC12-T39,3,37,0.08,1.19,MM,2,485.2699999999999,1.0,2.0,RegimeSwitcher
2025-12-11 08:20:16.985028,BUY_YES,KXHIGHNY-25DEC12-T39,2,125,0.18,2.68,MM,1,482.5899999999999,0.5,1.5,RegimeSwitcher
2025-12-11 13:14:52.915103,BUY_YES,KXHIGHNY-25DEC12-B38.5,6,500,1.98,31.98,MM,1,450.6099999999999,0.5,5.5,RegimeSwitcher
2025-12-11 14:25:38.683791,BUY_NO,KXHIGHNY-25DEC12-B36.5,65,14,0.23,9.33,MM,2,441.2799999999999,1.0,36.0,RegimeSwitcher
2025-12-11 15:43:06.514939,BUY_YES,KXHIGHNY-25DEC12-B34.5,39,1,0.02,0.41000000000000003,MM,2,440.8699999999999,1.0,38.0,RegimeSwitcher
2025-12-11 21:11:47.956213,BUY_YES,KXHIGHNY-25DEC12-T32,2,3,0.01,0.06999999999999999,MM,1,440.7999999999999,0.5,1.5,RegimeSwitcher
2025-12-12 05:00:46.707537,BUY_YES,KXHIGHNY-25DEC12-B34.5,42,67,1.15,29.29,MM,2,418.5099999999999,1.0,41.0,RegimeSwitcher
2025-12-12 05:01:25.839773,BUY_YES,KXHIGHNY-25DEC12-B34.5,42,46,0.79,20.11,MM,2,398.39999999999986,1.0,41.0,RegimeSwitcher
2025-12-12 05:01:48.246475,BUY_YES,KXHIGHNY-25DEC12-B34.5,41,45,0.77,19.22,MM,1,379.17999999999984,0.5,40.5,RegimeSwitcher
2025-12-12 05:02:34.145697,BUY_YES,KXHIGHNY-25DEC12-B34.5,41,38,0.65,16.229999999999997,MM,2,362.9499999999998,1.0,40.0,RegimeSwitcher
2025-12-12 05:02:56.256198,BUY_YES,KXHIGHNY-25DEC12-B34.5,40,36,0.61,15.01,MM,2,347.9399999999998,1.0,39.0,RegimeSwitcher
2025-12-12 05:03:17.593500,BUY_YES,KXHIGHNY-25DEC12-B34.5,40,33,0.56,13.760000000000002,MM,1,334.17999999999984,0.5,39.5,RegimeSwitcher
2025-12-12 05:03:35.378721,BUY_YES,KXHIGHNY-25DEC12-B34.5,41,20,0.34,8.54,MM,2,325.6399999999998,1.0,40.0,RegimeSwitcher
2025-12-12 05:03:38.206124,BUY_YES,KXHIGHNY-25DEC12-B34.5,41,16,0.28,6.84,MM,1,318.79999999999984,0.5,40.5,RegimeSwitcher
2025-12-12 05:05:03.350666,BUY_YES,KXHIGHNY-25DEC12-B34.5,41,12,0.21,5.13,MM,1,313.66999999999985,0.5,40.5,RegimeSwitcher
2025-12-12 05:05:05.514044,BUY_YES,KXHIGHNY-25DEC12-B34.5,41,9,0.16,3.85,MM,1,309.8199999999998,0.5,40.5,RegimeSwitcher
2025-12-12 05:32:04.342038,BUY_YES,KXHIGHNY-25DEC12-T32,2,369,0.51,7.89,MM,2,301.92999999999984,1.0,1.0,RegimeSwitcher
2025-12-12 05:54:45.667311,BUY_YES,KXHIGHNY-25DEC12-T32,1,128,0.09,1.37,MM,1,300.55999999999983,0.5,0.5,RegimeSwitcher
2025-12-12 07:34:28.818511,BUY_NO,KXHIGHNY-25DEC13-B40.5,57,14,0.25,8.23,MM,1,292.3299999999998,0.5,43.5,RegimeSwitcher
2025-12-12 07:34:37.020153,BUY_NO,KXHIGHNY-25DEC13-B40.5,57,6,0.11,3.53,MM,2,288.79999999999984,1.0,44.0,RegimeSwitcher
2025-12-12 07:38:05.073248,BUY_YES,KXHIGHNY-25DEC13-B36.5,10,205,1.3,21.8,MM,5,266.99999999999983,2.5,7.5,RegimeSwitcher
2025-12-12 07:38:55.962995,BUY_YES,KXHIGHNY-25DEC13-B36.5,10,22,0.14,2.3400000000000003,MM,4,264.65999999999985,2.0,8.0,RegimeSwitcher
2025-12-12 07:40:16.056604,BUY_YES,KXHIGHNY-25DEC13-T36,3,5,0.02,0.16999999999999998,MM,1,264.48999999999984,0.5,2.5,RegimeSwitcher
2025-12-13 05:00:22.633538,BUY_NO,KXHIGHNY-25DEC13-B38.5,49,76,1.33,38.57,MM,3,587.9199999999997,1.5,52.5,RegimeSwitcher
2025-12-13 05:00:27.644685,BUY_NO,KXHIGHNY-25DEC13-B38.5,49,55,0.97,27.919999999999998,MM,2,559.9999999999998,1.0,52.0,RegimeSwitcher
2025-12-13 05:00:28.435639,BUY_YES,KXHIGHNY-25DEC13-B36.5,5,273,0.91,14.56,MM,3,545.4399999999998,1.5,3.5,RegimeSwitcher
2025-12-13 05:05:54.027516,BUY_NO,KXHIGHNY-25DEC13-B38.5,50,44,0.77,22.77,MM,2,522.6699999999998,1.0,51.0,RegimeSwitcher
2025-12-13 05:07:38.261013,BUY_YES,KXHIGHNY-25DEC13-T36,2,247,0.34,5.28,MM,2,517.3899999999999,1.0,1.0,RegimeSwitcher
2025-12-13 05:07:53.449118,BUY_YES,KXHIGHNY-25DEC13-T36,2,97,0.14,2.08,MM,1,515.3099999999998,0.5,1.5,RegimeSwitcher
2025-12-13 05:09:15.969446,BUY_NO,KXHIGHNY-25DEC13-B38.5,51,38,0.67,20.05,MM,2,495.2599999999998,1.0,50.0,RegimeSwitcher
2025-12-13 05:09:27.463235,BUY_NO,KXHIGHNY-25DEC13-B38.5,51,35,0.62,18.470000000000002,MM,2,476.7899999999998,1.0,50.0,RegimeSwitcher
2025-12-13 05:09:31.944820,BUY_NO,KXHIGHNY-25DEC13-B38.5,51,32,0.56,16.88,MM,2,459.9099999999998,1.0,50.0,RegimeSwitcher
2025-12-13 05:09:36.381617,BUY_NO,KXHIGHNY-25DEC13-B38.5,51,30,0.53,15.83,MM,2,444.0799999999998,1.0,50.0,RegimeSwitcher
2025-12-13 05:14:07.350160,BUY_NO,KXHIGHNY-25DEC13-B38.5,51,27,0.48,14.25,MM,2,429.8299999999998,1.0,50.0,RegimeSwitcher
2025-12-13 05:14:47.167495,BUY_NO,KXHIGHNY-25DEC13-B38.5,51,21,0.37,11.08,MM,2,418.74999999999983,1.0,50.0,RegimeSwitcher
2025-12-13 05:15:22.883067,BUY_NO,KXHIGHNY-25DEC13-B38.5,51,16,0.28,8.44,MM,1,410.30999999999983,0.5,49.5,RegimeSwitcher
2025-12-13 05:16:22.690084,BUY_NO,KXHIGHNY-25DEC13-B38.5,51,12,0.21,6.33,MM,2,403.97999999999985,1.0,50.0,RegimeSwitcher
2025-12-13 05:18:04.875265,BUY_NO,KXHIGHNY-25DEC13-B38.5,51,8,0.14,4.22,MM,2,399.7599999999998,1.0,50.0,RegimeSwitcher
2025-12-13 05:18:58.050325,BUY_NO,KXHIGHNY-25DEC13-B38.5,50,10,0.18,5.18,MM,1,394.5799999999998,0.5,50.5,RegimeSwitcher
2025-12-13 05:21:21.681417,BUY_NO,KXHIGHNY-25DEC13-B38.5,50,6,0.11,3.11,MM,2,391.4699999999998,1.0,51.0,RegimeSwitcher
2025-12-13 05:22:20.885276,BUY_NO,KXHIGHNY-25DEC13-B38.5,49,8,0.14,4.06,MM,1,387.4099999999998,0.5,51.5,RegimeSwitcher
2025-12-13 05:26:15.488110,BUY_NO,KXHIGHNY-25DEC13-B38.5,49,3,0.06,1.53,MM,2,385.8799999999998,1.0,52.0,RegimeSwitcher
2025-12-13 05:27:45.082834,BUY_NO,KXHIGHNY-25DEC13-B38.5,48,5,0.09,2.4899999999999998,MM,1,383.3899999999998,0.5,52.5,RegimeSwitcher
2025-12-13 05:28:42.574955,BUY_NO,KXHIGHNY-25DEC13-B38.5,47,2,0.04,0.98,MM,2,382.4099999999998,1.0,54.0,RegimeSwitcher
2025-12-13 05:28:54.783980,BUY_NO,KXHIGHNY-25DEC13-B38.5,46,3,0.06,1.4400000000000002,MM,2,380.9699999999998,1.0,55.0,RegimeSwitcher
2025-12-13 05:30:25.353159,BUY_NO,KXHIGHNY-25DEC13-B38.5,46,2,0.04,0.9600000000000001,MM,1,380.0099999999998,0.5,54.5,RegimeSwitcher
2025-12-13 05:31:32.106802,BUY_NO,KXHIGHNY-25DEC13-B38.5,46,1,0.02,0.48000000000000004,MM,2,379.5299999999998,1.0,55.0,RegimeSwitcher
2025-12-13 05:32:40.698820,BUY_NO,KXHIGHNY-25DEC13-B38.5,45,5,0.09,2.34,MM,1,377.1899999999998,0.5,55.5,RegimeSwitcher
2025-12-13 05:42:45.434103,BUY_YES,KXHIGHNY-25DEC13-T36,2,53,0.08,1.1400000000000001,MM,1,376.04999999999984,0.5,1.5,RegimeSwitcher
2025-12-13 05:56:56.569630,BUY_YES,KXHIGHNY-25DEC13-B42.5,5,144,0.48,7.68,MM,1,368.36999999999983,0.5,4.5,RegimeSwitcher
2025-12-13 05:56:59.767341,BUY_YES,KXHIGHNY-25DEC13-B42.5,5,68,0.23,3.6300000000000003,MM,2,364.73999999999984,1.0,4.0,RegimeSwitcher
2025-12-13 05:57:40.664983,BUY_NO,KXHIGHNY-25DEC13-B40.5,57,8,0.14,4.699999999999999,MM,1,360.03999999999985,0.5,43.5,RegimeSwitcher
2025-12-13 05:58:12.512960,BUY_YES,KXHIGHNY-25DEC13-B42.5,5,48,0.16,2.5600000000000005,MM,1,357.47999999999985,0.5,4.5,RegimeSwitcher
2025-12-13 06:01:57.772445,BUY_YES,KXHIGHNY-25DEC13-B42.5,5,31,0.11,1.6600000000000001,MM,2,355.8199999999998,1.0,4.0,RegimeSwitcher
2025-12-13 06:02:09.891244,BUY_YES,KXHIGHNY-25DEC13-B42.5,5,20,0.07,1.07,MM,2,354.74999999999983,1.0,4.0,RegimeSwitcher
2025-12-13 06:04:59.637962,BUY_NO,KXHIGHNY-25DEC13-B40.5,54,11,0.2,6.140000000000001,MM,1,348.60999999999984,0.5,46.5,RegimeSwitcher
2025-12-13 06:05:00.670749,BUY_YES,KXHIGHNY-25DEC13-B42.5,5,10,0.04,0.54,MM,2,348.0699999999998,1.0,4.0,RegimeSwitcher
2025-12-13 06:07:06.716010,BUY_YES,KXHIGHNY-25DEC13-T36,1,98,0.07,1.05,MM,1,347.0199999999998,0.5,0.5,RegimeSwitcher
2025-12-13 06:45:40.601871,BUY_YES,KXHIGHNY-25DEC13-B42.5,5,20,0.07,1.07,MM,1,345.9499999999998,0.5,4.5,RegimeSwitcher
2025-12-13 06:45:52.798128,BUY_YES,KXHIGHNY-25DEC13-B42.5,5,9,0.03,0.48,MM,2,345.4699999999998,1.0,4.0,RegimeSwitcher
2025-12-13 06:47:28.038360,BUY_YES,KXHIGHNY-25DEC13-B42.5,4,62,0.17,2.65,MM,1,342.8199999999998,0.5,3.5,RegimeSwitcher
2025-12-13 07:20:25.378061,BUY_NO,KXHIGHNY-25DEC13-B38.5,51,2,0.04,1.06,MM,2,341.7599999999998,1.0,50.0,RegimeSwitcher
2025-12-13 07:25:49.347374,BUY_NO,KXHIGHNY-25DEC13-B38.5,50,5,0.09,2.59,MM,1,339.16999999999985,0.5,50.5,RegimeSwitcher
2025-12-13 07:26:30.587933,BUY_NO,KXHIGHNY-25DEC13-B38.5,50,3,0.06,1.56,MM,2,337.60999999999984,1.0,51.0,RegimeSwitcher
2025-12-13 07:26:40.642728,BUY_NO,KXHIGHNY-25DEC13-B38.5,49,7,0.13,3.5599999999999996,MM,1,334.04999999999984,0.5,51.5,RegimeSwitcher
2025-12-13 07:30:48.956127,BUY_NO,KXHIGHNY-25DEC13-B38.5,48,6,0.11,2.9899999999999998,MM,1,331.05999999999983,0.5,52.5,RegimeSwitcher
2025-12-13 07:35:57.936299,BUY_YES,KXHIGHNY-25DEC14-T34,15,2,0.02,0.32,MM,4,330.73999999999984,2.0,13.0,RegimeSwitcher
2025-12-13 07:35:57.941549,BUY_YES,KXHIGHNY-25DEC14-B40.5,4,2,0.01,0.09,MM,1,330.64999999999986,0.5,3.5,RegimeSwitcher
2025-12-13 07:36:02.414788,BUY_YES,KXHIGHNY-25DEC14-T41,3,1,0.01,0.04,MM,1,330.60999999999984,0.5,2.5,RegimeSwitcher
2025-12-14 05:00:08.239678,BUY_YES,KXHIGHNY-25DEC14-B36.5,1,500,0.35,5.35,MM,1,787.2599999999999,0.5,0.5,RegimeSwitcher
2025-12-14 05:01:24.782428,BUY_YES,KXHIGHNY-25DEC14-B34.5,5,500,1.67,26.67,MM,2,760.5899999999999,1.0,4.0,RegimeSwitcher
2025-12-14 05:17:48.056473,BUY_YES,KXHIGHNY-25DEC14-T34,87,7,0.06,6.1499999999999995,MM,1,754.4399999999999,0.5,86.5,RegimeSwitcher
2025-12-14 05:53:27.696319,BUY_YES,KXHIGHNY-25DEC14-T34,90,5,0.04,4.54,MM,2,749.9,1.0,89.0,RegimeSwitcher
2025-12-14 05:53:33.613325,BUY_YES,KXHIGHNY-25DEC14-T34,90,4,0.03,3.63,MM,1,746.27,0.5,89.5,RegimeSwitcher
2025-12-14 05:53:58.056384,BUY_YES,KXHIGHNY-25DEC14-T34,90,4,0.03,3.63,MM,1,742.64,0.5,89.5,RegimeSwitcher
2025-12-14 05:54:04.156242,BUY_YES,KXHIGHNY-25DEC14-T34,90,3,0.02,2.72,MM,2,739.92,1.0,89.0,RegimeSwitcher
2025-12-14 05:54:15.399752,BUY_YES,KXHIGHNY-25DEC14-T34,89,8,0.06,7.18,MM,1,732.74,0.5,88.5,RegimeSwitcher
2025-12-14 05:54:27.824828,BUY_YES,KXHIGHNY-25DEC14-T34,89,4,0.03,3.59,MM,1,729.15,0.5,88.5,RegimeSwitcher
2025-12-14 06:01:18.320157,BUY_YES,KXHIGHNY-25DEC14-T34,87,2,0.02,1.76,MM,1,727.39,0.5,86.5,RegimeSwitcher
2025-12-14 06:02:37.555478,BUY_YES,KXHIGHNY-25DEC14-T34,86,5,0.05,4.35,MM,3,723.04,1.5,84.5,RegimeSwitcher
2025-12-14 06:02:39.956026,BUY_YES,KXHIGHNY-25DEC14-T34,85,13,0.12,11.169999999999998,MM,2,711.87,1.0,84.0,RegimeSwitcher
2025-12-14 07:25:37.984888,BUY_YES,KXHIGHNY-25DEC14-T34,94,3,0.02,2.84,MM,1,709.03,0.5,93.5,RegimeSwitcher
2025-12-14 07:29:36.253205,BUY_YES,KXHIGHNY-25DEC15-T33,6,500,1.98,31.98,MM,4,677.05,2.0,4.0,RegimeSwitcher
2025-12-14 07:29:36.253369,BUY_YES,KXHIGHNY-25DEC15-T26,4,500,1.35,21.35,MM,2,655.6999999999999,1.0,3.0,RegimeSwitcher
2025-12-14 07:29:41.869364,BUY_YES,KXHIGHNY-25DEC15-B26.5,12,305,2.26,38.86,MM,6,616.8399999999999,3.0,9.0,RegimeSwitcher
2025-12-14 07:29:49.208920,BUY_NO,KXHIGHNY-25DEC15-B30.5,61,3,0.05,1.8800000000000001,MM,1,614.9599999999999,0.5,39.5,RegimeSwitcher
2025-12-14 07:32:55.289187,BUY_YES,KXHIGHNY-25DEC15-B26.5,12,103,0.77,13.129999999999999,MM,6,601.8299999999999,3.0,9.0,RegimeSwitcher
2025-12-14 07:32:56.344482,BUY_NO,KXHIGHNY-25DEC15-B28.5,67,8,0.13,5.49,MM,4,596.3399999999999,2.0,35.0,RegimeSwitcher
2025-12-14 07:32:59.119491,BUY_YES,KXHIGHNY-25DEC15-B26.5,13,39,0.31,5.38,MM,7,590.9599999999999,3.5,9.5,RegimeSwitcher
2025-12-14 07:33:26.281352,BUY_NO,KXHIGHNY-25DEC15-B28.5,66,12,0.19,8.11,MM,2,582.8499999999999,1.0,35.0,RegimeSwitcher
2025-12-14 07:41:58.410662,BUY_YES,KXHIGHNY-25DEC15-B26.5,12,53,0.4,6.76,MM,10,576.0899999999999,5.0,7.0,RegimeSwitcher
2025-12-14 08:00:17.108262,BUY_YES,KXHIGHNY-25DEC14-T34,91,3,0.02,2.75,MM,1,573.3399999999999,0.5,90.5,RegimeSwitcher
2025-12-14 08:01:15.032717,BUY_YES,KXHIGHNY-25DEC14-T34,90,10,0.07,9.07,MM,2,564.2699999999999,1.0,89.0,RegimeSwitcher
2025-12-14 08:01:48.113274,BUY_YES,KXHIGHNY-25DEC14-T34,90,7,0.05,6.35,MM,2,557.9199999999998,1.0,89.0,RegimeSwitcher
2025-12-14 08:28:29.081643,BUY_YES,KXHIGHNY-25DEC14-T34,94,2,0.01,1.89,MM,3,556.0299999999999,1.5,92.5,RegimeSwitcher
2025-12-14 13:00:47.658868,BUY_YES,KXHIGHNY-25DEC15-B32.5,10,286,1.81,30.41,MM,1,525.6199999999999,0.5,9.5,RegimeSwitcher
2025-12-14 13:12:57.418539,BUY_YES,KXHIGHNY-25DEC15-B32.5,10,118,0.75,12.55,MM,2,513.0699999999999,1.0,9.0,RegimeSwitcher
2025-12-14 13:14:28.413173,BUY_NO,KXHIGHNY-25DEC15-B28.5,60,63,1.06,38.86,MM,2,474.2099999999999,1.0,41.0,RegimeSwitcher
2025-12-14 13:16:16.814388,BUY_YES,KXHIGHNY-25DEC15-B32.5,10,94,0.6,10.0,MM,2,464.2099999999999,1.0,9.0,RegimeSwitcher
2025-12-14 13:16:20.339612,BUY_YES,KXHIGHNY-25DEC15-B32.5,9,2,0.02,0.19999999999999998,MM,2,464.00999999999993,1.0,8.0,RegimeSwitcher
2025-12-14 13:20:10.636235,BUY_NO,KXHIGHNY-25DEC15-B28.5,60,45,0.76,27.76,MM,1,436.24999999999994,0.5,40.5,RegimeSwitcher
2025-12-14 13:22:45.893069,BUY_NO,KXHIGHNY-25DEC15-B28.5,60,35,0.59,21.59,MM,2,414.65999999999997,1.0,41.0,RegimeSwitcher
2025-12-14 13:31:34.831815,BUY_NO,KXHIGHNY-25DEC15-B28.5,60,28,0.48,17.28,MM,2,397.38,1.0,41.0,RegimeSwitcher
2025-12-14 13:32:25.093303,BUY_NO,KXHIGHNY-25DEC15-B28.5,60,1,0.02,0.62,MM,2,396.76,1.0,41.0,RegimeSwitcher
2025-12-14 17:18:57.739988,BUY_NO,KXHIGHNY-25DEC15-B28.5,53,1,0.02,0.55,MM,2,396.21,1.0,48.0,RegimeSwitcher
2025-12-15 05:01:10.981441,BUY_NO,KXHIGHNY-25DEC15-B30.5,71,14,0.21,10.15,MM,3,468.06,1.5,30.5,RegimeSwitcher
2025-12-15 05:03:20.551658,BUY_NO,KXHIGHNY-25DEC15-B30.5,69,34,0.51,23.97,MM,4,444.09000000000003,2.0,33.0,RegimeSwitcher
2025-12-15 05:03:25.201462,BUY_NO,KXHIGHNY-25DEC15-B30.5,68,36,0.55,25.03,MM,3,419.06000000000006,1.5,33.5,RegimeSwitcher
2025-12-15 07:16:35.497871,BUY_YES,KXHIGHNY-25DEC16-T35,6,1,0.01,0.06999999999999999,MM,1,418.99000000000007,0.5,5.5,RegimeSwitcher
2025-12-15 07:19:08.056454,BUY_YES,KXHIGHNY-25DEC16-T28,4,1,0.01,0.05,MM,2,418.94000000000005,1.0,3.0,RegimeSwitcher
2025-12-16 05:00:55.269868,BUY_YES,KXHIGHNY-25DEC16-B28.5,4,161,0.44,6.880000000000001,MM,3,499.06000000000006,1.5,2.5,RegimeSwitcher
2025-12-16 05:02:43.040840,BUY_YES,KXHIGHNY-25DEC16-B30.5,22,129,1.55,29.93,MM,2,469.13000000000005,1.0,21.0,RegimeSwitcher
2025-12-16 05:03:57.732678,BUY_YES,KXHIGHNY-25DEC16-B28.5,2,339,0.47,7.25,MM,2,461.88000000000005,1.0,1.0,RegimeSwitcher
2025-12-16 05:04:52.562247,BUY_YES,KXHIGHNY-25DEC16-B30.5,21,80,0.93,17.73,MM,1,444.15000000000003,0.5,20.5,RegimeSwitcher
2025-12-16 05:04:58.649916,BUY_YES,KXHIGHNY-25DEC16-T28,1,123,0.09,1.32,MM,1,442.83000000000004,0.5,0.5,RegimeSwitcher
2025-12-16 05:05:35.492937,BUY_NO,KXHIGHNY-25DEC16-B34.5,83,34,0.34,28.56,MM,2,414.27000000000004,1.0,18.0,RegimeSwitcher
2025-12-16 05:05:38.708985,BUY_NO,KXHIGHNY-25DEC16-B34.5,80,30,0.34,24.34,MM,2,389.93000000000006,1.0,21.0,RegimeSwitcher
2025-12-16 05:05:42.616772,BUY_NO,KXHIGHNY-25DEC16-B34.5,80,26,0.3,21.1,MM,2,368.83000000000004,1.0,21.0,RegimeSwitcher
2025-12-16 05:06:08.091751,BUY_NO,KXHIGHNY-25DEC16-B34.5,82,22,0.23,18.27,MM,5,350.56000000000006,2.5,20.5,RegimeSwitcher
2025-12-16 05:06:25.329449,BUY_NO,KXHIGHNY-25DEC16-B34.5,80,22,0.25,17.85,MM,3,332.71000000000004,1.5,21.5,RegimeSwitcher
2025-12-16 05:06:36.045657,BUY_NO,KXHIGHNY-25DEC16-B34.5,80,20,0.23,16.23,MM,4,316.48,2.0,22.0,RegimeSwitcher
2025-12-16 05:06:44.044528,BUY_NO,KXHIGHNY-25DEC16-B34.5,78,20,0.25,15.850000000000001,MM,3,300.63,1.5,23.5,RegimeSwitcher
2025-12-16 05:06:48.017433,BUY_NO,KXHIGHNY-25DEC16-B34.5,79,18,0.21,14.430000000000001,MM,4,286.2,2.0,23.0,RegimeSwitcher
2025-12-16 05:06:54.218881,BUY_NO,KXHIGHNY-25DEC16-B34.5,78,18,0.22,14.260000000000002,MM,3,271.94,1.5,23.5,RegimeSwitcher
2025-12-16 05:07:00.481916,BUY_NO,KXHIGHNY-25DEC16-B34.5,78,17,0.21,13.47,MM,4,258.46999999999997,2.0,24.0,RegimeSwitcher
2025-12-16 05:07:08.058773,BUY_NO,KXHIGHNY-25DEC16-B34.5,77,6,0.08,4.7,MM,4,253.76999999999998,2.0,25.0,RegimeSwitcher
2025-12-16 05:08:11.235529,BUY_YES,KXHIGHNY-25DEC16-B30.5,20,3,0.04,0.6400000000000001,MM,4,253.13,2.0,18.0,RegimeSwitcher
2025-12-16 06:41:03.221488,BUY_YES,KXHIGHNY-25DEC16-T35,3,1,0.01,0.04,MM,1,253.09,0.5,2.5,RegimeSwitcher
2025-12-16 13:57:36.064523,BUY_YES,KXHIGHNY-25DEC17-T50,1,1,0.01,0.02,MM,1,253.07,0.5,0.5,RegimeSwitcher
2025-12-17 05:00:20.794291,BUY_NO,KXHIGHNY-25DEC17-B45.5,70,40,0.59,28.59,MM,7,457.48,3.5,33.5,RegimeSwitcher
2025-12-17 05:00:31.920613,BUY_NO,KXHIGHNY-25DEC17-B45.5,69,34,0.51,23.97,MM,6,433.51,3.0,34.0,RegimeSwitcher
2025-12-17 05:00:31.945162,BUY_YES,KXHIGHNY-25DEC17-B43.5,34,81,1.28,28.820000000000004,MM,2,404.69,1.0,33.0,RegimeSwitcher
2025-12-17 05:00:34.387462,BUY_NO,KXHIGHNY-25DEC17-B45.5,69,29,0.44,20.45,MM,5,384.24,2.5,33.5,RegimeSwitcher
2025-12-17 05:00:37.524818,BUY_YES,KXHIGHNY-25DEC17-B43.5,33,59,0.92,20.390000000000004,MM,1,363.85,0.5,32.5,RegimeSwitcher
2025-12-17 05:00:49.457912,BUY_NO,KXHIGHNY-25DEC17-B45.5,68,27,0.42,18.780000000000005,MM,6,345.07,3.0,35.0,RegimeSwitcher
2025-12-17 05:01:06.272760,BUY_NO,KXHIGHNY-25DEC17-B45.5,68,24,0.37,16.69,MM,3,328.38,1.5,33.5,RegimeSwitcher
2025-12-17 05:01:10.294317,BUY_NO,KXHIGHNY-25DEC17-B45.5,69,22,0.33,15.51,MM,4,312.87,2.0,33.0,RegimeSwitcher
2025-12-17 05:01:25.948911,BUY_NO,KXHIGHNY-25DEC17-B45.5,73,2,0.03,1.49,MM,6,311.38,3.0,30.0,RegimeSwitcher
2025-12-17 05:01:29.253751,BUY_NO,KXHIGHNY-25DEC17-B45.5,71,9,0.13,6.52,MM,2,304.86,1.0,30.0,RegimeSwitcher
2025-12-17 05:01:33.862586,BUY_YES,KXHIGHNY-25DEC17-B43.5,36,45,0.73,16.93,MM,3,287.93,1.5,34.5,RegimeSwitcher
2025-12-17 05:02:03.708964,BUY_YES,KXHIGHNY-25DEC17-B43.5,35,41,0.66,15.01,MM,3,272.92,1.5,33.5,RegimeSwitcher
2025-12-17 05:02:05.746976,BUY_YES,KXHIGHNY-25DEC17-B43.5,34,38,0.6,13.520000000000001,MM,2,259.40000000000003,1.0,33.0,RegimeSwitcher
2025-12-17 05:02:07.877717,BUY_YES,KXHIGHNY-25DEC17-B43.5,34,34,0.54,12.100000000000001,MM,3,247.30000000000004,1.5,32.5,RegimeSwitcher
2025-12-17 05:02:09.944265,BUY_YES,KXHIGHNY-25DEC17-B43.5,34,11,0.18,3.9200000000000004,MM,3,243.38000000000005,1.5,32.5,RegimeSwitcher
2025-12-17 05:02:11.398900,BUY_YES,KXHIGHNY-25DEC17-B49.5,10,3,0.02,0.32000000000000006,MM,1,243.06000000000006,0.5,9.5,RegimeSwitcher
2025-12-17 05:32:43.945334,BUY_YES,KXHIGHNY-25DEC17-T43,2,1,0.01,0.03,MM,1,243.03000000000006,0.5,1.5,RegimeSwitcher
2025-12-18 05:00:02.798621,BUY_YES,KXHIGHNY-25DEC18-T50,22,111,1.34,25.76,MM,3,404.2700000000001,1.5,20.5,RegimeSwitcher
2025-12-18 05:00:03.224142,BUY_NO,KXHIGHNY-25DEC18-B52.5,72,34,0.48,24.96,MM,2,379.3100000000001,1.0,29.0,RegimeSwitcher
2025-12-18 05:00:06.443256,BUY_YES,KXHIGHNY-25DEC18-T50,22,70,0.85,16.25,MM,2,363.0600000000001,1.0,21.0,RegimeSwitcher
2025-12-18 05:01:37.698167,BUY_YES,KXHIGHNY-25DEC18-B56.5,2,100,0.14,2.14,MM,2,360.92000000000013,1.0,1.0,RegimeSwitcher
2025-12-18 05:02:35.478929,BUY_YES,KXHIGHNY-25DEC18-T50,22,57,0.69,13.23,MM,1,347.6900000000001,0.5,21.5,RegimeSwitcher
2025-12-18 05:02:58.478444,BUY_YES,KXHIGHNY-25DEC18-T50,22,49,0.59,11.37,MM,2,336.3200000000001,1.0,21.0,RegimeSwitcher
2025-12-18 05:02:59.478589,BUY_NO,KXHIGHNY-25DEC18-B52.5,71,29,0.42,21.01,MM,2,315.3100000000001,1.0,30.0,RegimeSwitcher
2025-12-18 05:03:12.728717,BUY_YES,KXHIGHNY-25DEC18-T57,1,77,0.06,0.8300000000000001,MM,1,314.48000000000013,0.5,0.5,RegimeSwitcher
2025-12-18 05:04:27.254656,BUY_NO,KXHIGHNY-25DEC18-B54.5,93,4,0.02,3.74,MM,2,310.7400000000001,1.0,8.0,RegimeSwitcher
2025-12-18 05:04:27.754225,BUY_YES,KXHIGHNY-25DEC18-T50,21,46,0.54,10.2,MM,1,300.54000000000013,0.5,20.5,RegimeSwitcher
2025-12-18 05:04:30.253831,BUY_NO,KXHIGHNY-25DEC18-B50.5,59,14,0.24,8.5,MM,2,292.04000000000013,1.0,42.0,RegimeSwitcher
2025-12-18 05:04:35.218606,BUY_NO,KXHIGHNY-25DEC18-B50.5,58,20,0.35,11.95,MM,1,280.09000000000015,0.5,42.5,RegimeSwitcher
2025-12-18 05:05:01.254040,BUY_NO,KXHIGHNY-25DEC18-B50.5,58,16,0.28,9.559999999999999,MM,1,270.53000000000014,0.5,42.5,RegimeSwitcher
2025-12-18 05:05:03.503858,BUY_NO,KXHIGHNY-25DEC18-B54.5,93,3,0.02,2.81,MM,2,267.72000000000014,1.0,8.0,RegimeSwitcher
2025-12-18 05:05:06.744039,BUY_NO,KXHIGHNY-25DEC18-B54.5,92,9,0.05,8.330000000000002,MM,1,259.39000000000016,0.5,8.5,RegimeSwitcher
2025-12-18 05:05:06.785508,BUY_NO,KXHIGHNY-25DEC18-B50.5,58,13,0.23,7.77,MM,1,251.62000000000015,0.5,42.5,RegimeSwitcher
2025-12-18 05:05:10.976509,BUY_NO,KXHIGHNY-25DEC18-B50.5,58,9,0.16,5.38,MM,1,246.24000000000015,0.5,42.5,RegimeSwitcher
2025-12-18 05:05:18.551680,BUY_NO,KXHIGHNY-25DEC18-B54.5,92,7,0.04,6.48,MM,1,239.76000000000016,0.5,8.5,RegimeSwitcher
2025-12-18 05:05:41.003544,BUY_NO,KXHIGHNY-25DEC18-B54.5,92,7,0.04,6.48,MM,1,233.28000000000017,0.5,8.5,RegimeSwitcher
2025-12-18 05:05:55.966742,BUY_NO,KXHIGHNY-25DEC18-B54.5,92,6,0.04,5.5600000000000005,MM,1,227.72000000000017,0.5,8.5,RegimeSwitcher
2025-12-18 05:06:20.029095,BUY_NO,KXHIGHNY-25DEC18-B52.5,72,17,0.24,12.48,MM,2,215.24000000000018,1.0,29.0,RegimeSwitcher
2025-12-18 05:09:38.119989,BUY_YES,KXHIGHNY-25DEC18-T57,1,20,0.02,0.22,MM,1,215.02000000000018,0.5,0.5,RegimeSwitcher
2025-12-19 05:00:00.228751,BUY_YES,KXHIGHNY-25DEC19-B56.5,30,63,0.93,19.83,MM,13,311.1900000000002,6.5,23.5,RegimeSwitcher
2025-12-19 05:00:02.728855,BUY_NO,KXHIGHNY-25DEC19-B60.5,83,22,0.22,18.479999999999997,MM,5,292.7100000000002,2.5,19.5,RegimeSwitcher
2025-12-19 05:00:03.228793,BUY_YES,KXHIGHNY-25DEC19-B56.5,27,51,0.71,14.48,MM,10,278.2300000000002,5.0,22.0,RegimeSwitcher
2025-12-19 05:00:11.728797,BUY_YES,KXHIGHNY-25DEC19-B56.5,25,45,0.6,11.85,MM,8,266.38000000000017,4.0,21.0,RegimeSwitcher
2025-12-19 05:00:18.207352,BUY_YES,KXHIGHNY-25DEC19-B56.5,24,41,0.53,10.37,MM,7,256.01000000000016,3.5,20.5,RegimeSwitcher
2025-12-19 05:00:24.978498,BUY_YES,KXHIGHNY-25DEC19-B56.5,23,38,0.48,9.22,MM,6,246.79000000000016,3.0,20.0,RegimeSwitcher
2025-12-19 05:00:27.978915,BUY_NO,KXHIGHNY-25DEC19-B60.5,83,17,0.17,14.28,MM,5,232.51000000000016,2.5,19.5,RegimeSwitcher
2025-12-19 05:00:28.998403,BUY_YES,KXHIGHNY-25DEC19-B56.5,22,36,0.44,8.36,MM,5,224.15000000000015,2.5,19.5,RegimeSwitcher
2025-12-19 05:00:32.426231,BUY_YES,KXHIGHNY-25DEC19-B56.5,22,33,0.4,7.66,MM,5,216.49000000000015,2.5,19.5,RegimeSwitcher
2025-12-19 05:00:40.389075,BUY_YES,KXHIGHNY-25DEC19-B56.5,17,38,0.38,6.840000000000001,MM,5,209.65000000000015,2.5,14.5,RegimeSwitcher
2025-12-19 05:00:45.568020,BUY_YES,KXHIGHNY-25DEC19-B56.5,18,33,0.35,6.289999999999999,MM,7,203.36000000000016,3.5,14.5,RegimeSwitcher
2025-12-19 05:00:47.235004,BUY_NO,KXHIGHNY-25DEC19-B58.5,52,32,0.56,17.2,MM,8,186.16000000000017,4.0,52.0,RegimeSwitcher
2025-12-19 05:00:48.055847,BUY_NO,KXHIGHNY-25DEC19-B60.5,83,12,0.12,10.079999999999998,MM,5,176.08000000000015,2.5,19.5,RegimeSwitcher
2025-12-19 05:00:54.479005,BUY_NO,KXHIGHNY-25DEC19-B58.5,51,20,0.35,10.549999999999999,MM,7,165.53000000000014,3.5,52.5,RegimeSwitcher
2025-12-19 07:20:29.580296,BUY_YES,KXHIGHNY-25DEC19-T61,1,1,0.01,0.02,MM,1,165.51000000000013,0.5,0.5,RegimeSwitcher
2025-12-20 05:00:02.154042,BUY_YES,KXHIGHNY-25DEC20-B36.5,26,19,0.26,5.2,MM,5,211.31000000000014,2.5,23.5,RegimeSwitcher
2025-12-20 05:00:02.154189,BUY_NO,KXHIGHNY-25DEC20-B40.5,77,2,0.03,1.57,MM,6,209.74000000000015,3.0,26.0,RegimeSwitcher
2025-12-20 05:00:04.430824,BUY_NO,KXHIGHNY-25DEC20-B40.5,76,5,0.07,3.8699999999999997,MM,5,205.87000000000015,2.5,26.5,RegimeSwitcher
2025-12-20 05:00:05.904368,BUY_YES,KXHIGHNY-25DEC20-B36.5,25,26,0.35,6.85,MM,4,199.02000000000015,2.0,23.0,RegimeSwitcher
2025-12-20 05:00:08.654203,BUY_YES,KXHIGHNY-25DEC20-B36.5,25,19,0.25,5.0,MM,4,194.02000000000015,2.0,23.0,RegimeSwitcher
2025-12-20 05:00:13.560092,BUY_YES,KXHIGHNY-25DEC20-B36.5,25,15,0.2,3.95,MM,3,190.07000000000016,1.5,23.5,RegimeSwitcher
2025-12-20 05:00:36.903859,BUY_YES,KXHIGHNY-25DEC20-B36.5,24,21,0.27,5.3100000000000005,MM,2,184.76000000000016,1.0,23.0,RegimeSwitcher
2025-12-20 05:00:40.318071,BUY_YES,KXHIGHNY-25DEC20-B36.5,24,17,0.22,4.3,MM,3,180.46000000000015,1.5,22.5,RegimeSwitcher
2025-12-20 05:00:49.000564,BUY_YES,KXHIGHNY-25DEC20-B38.5,52,4,0.07,2.15,MM,3,178.31000000000014,1.5,50.5,RegimeSwitcher
2025-12-20 05:00:49.057120,BUY_YES,KXHIGHNY-25DEC20-B36.5,24,13,0.17,3.29,MM,2,175.02000000000015,1.0,23.0,RegimeSwitcher
2025-12-20 05:00:55.903654,BUY_YES,KXHIGHNY-25DEC20-B38.5,51,9,0.16,4.75,MM,2,170.27000000000015,1.0,50.0,RegimeSwitcher
2025-12-20 05:00:59.653491,BUY_YES,KXHIGHNY-25DEC20-B36.5,24,10,0.13,2.53,MM,2,167.74000000000015,1.0,23.0,RegimeSwitcher
2025-12-20 05:01:49.903855,BUY_YES,KXHIGHNY-25DEC20-B36.5,24,7,0.09,1.77,MM,2,165.97000000000014,1.0,23.0,RegimeSwitcher
2025-12-20 05:01:54.184141,BUY_YES,KXHIGHNY-25DEC20-B36.5,24,4,0.06,1.02,MM,2,164.95000000000013,1.0,23.0,RegimeSwitcher
2025-12-20 05:01:59.154040,BUY_YES,KXHIGHNY-25DEC20-B36.5,24,2,0.03,0.51,MM,2,164.44000000000014,1.0,23.0,RegimeSwitcher
2025-12-20 05:02:27.653575,BUY_YES,KXHIGHNY-25DEC20-T43,3,41,0.09,1.32,MM,1,163.12000000000015,0.5,2.5,RegimeSwitcher
2025-12-20 05:02:32.903716,BUY_YES,KXHIGHNY-25DEC20-T43,3,26,0.06,0.8400000000000001,MM,2,162.28000000000014,1.0,2.0,RegimeSwitcher
2025-12-20 05:02:56.904014,BUY_YES,KXHIGHNY-25DEC20-T43,3,18,0.04,0.5800000000000001,MM,2,161.70000000000013,1.0,2.0,RegimeSwitcher
2025-12-20 05:03:00.153737,BUY_YES,KXHIGHNY-25DEC20-T43,3,15,0.04,0.48999999999999994,MM,1,161.21000000000012,0.5,2.5,RegimeSwitcher
2025-12-20 05:07:04.428645,BUY_YES,KXHIGHNY-25DEC20-B38.5,51,7,0.13,3.7,MM,2,157.51000000000013,1.0,50.0,RegimeSwitcher
2025-12-20 05:07:24.453932,BUY_YES,KXHIGHNY-25DEC20-B38.5,51,7,0.13,3.7,MM,2,153.81000000000014,1.0,50.0,RegimeSwitcher
2025-12-20 05:07:33.929926,BUY_YES,KXHIGHNY-25DEC20-T36,2,13,0.02,0.28,MM,2,153.53000000000014,1.0,1.0,RegimeSwitcher
2025-12-20 05:07:59.953663,BUY_YES,KXHIGHNY-25DEC20-B38.5,51,5,0.09,2.6399999999999997,MM,1,150.89000000000016,0.5,50.5,RegimeSwitcher
2025-12-20 05:09:08.954258,BUY_NO,KXHIGHNY-25DEC20-B40.5,76,2,0.03,1.55,MM,1,149.34000000000015,0.5,24.5,RegimeSwitcher
2025-12-20 05:09:18.012263,BUY_YES,KXHIGHNY-25DEC20-T43,2,100,0.14,2.14,MM,1,147.20000000000016,0.5,1.5,RegimeSwitcher
2025-12-20 05:09:23.518824,BUY_YES,KXHIGHNY-25DEC20-T43,2,56,0.08,1.2000000000000002,MM,1,146.00000000000017,0.5,1.5,RegimeSwitcher
2025-12-20 05:09:24.521117,BUY_YES,KXHIGHNY-25DEC20-B38.5,50,2,0.04,1.04,MM,1,144.96000000000018,0.5,49.5,RegimeSwitcher
2025-12-20 05:11:37.281925,BUY_YES,KXHIGHNY-25DEC20-T43,2,40,0.06,0.8600000000000001,MM,1,144.10000000000016,0.5,1.5,RegimeSwitcher
2025-12-20 05:12:31.478399,BUY_YES,KXHIGHNY-25DEC20-T36,1,246,0.18,2.64,MM,1,141.46000000000018,0.5,0.5,RegimeSwitcher
2025-12-20 05:13:06.478930,BUY_YES,KXHIGHNY-25DEC20-T43,2,8,0.02,0.18,MM,1,141.28000000000017,0.5,1.5,RegimeSwitcher
2025-12-20 05:15:41.229283,BUY_NO,KXHIGHNY-25DEC20-B40.5,75,2,0.03,1.53,MM,1,139.75000000000017,0.5,25.5,RegimeSwitcher
2025-12-20 05:18:45.979171,BUY_NO,KXHIGHNY-25DEC20-B40.5,74,3,0.05,2.2699999999999996,MM,1,137.48000000000016,0.5,26.5,RegimeSwitcher
2025-12-20 05:21:07.883237,BUY_NO,KXHIGHNY-25DEC20-B40.5,74,2,0.03,1.51,MM,1,135.97000000000017,0.5,26.5,RegimeSwitcher
2025-12-20 05:21:21.753822,BUY_YES,KXHIGHNY-25DEC20-T43,1,96,0.07,1.03,MM,1,134.94000000000017,0.5,0.5,RegimeSwitcher
2025-12-20 05:34:02.095949,BUY_YES,KXHIGHNY-25DEC20-B36.5,21,6,0.07,1.33,MM,2,133.61000000000016,1.0,20.0,RegimeSwitcher
2025-12-20 05:34:05.435874,BUY_YES,KXHIGHNY-25DEC20-B36.5,21,5,0.06,1.11,MM,1,132.50000000000014,0.5,20.5,RegimeSwitcher
2025-12-20 05:34:12.328674,BUY_YES,KXHIGHNY-25DEC20-B36.5,21,3,0.04,0.67,MM,1,131.83000000000015,0.5,20.5,RegimeSwitcher
2025-12-20 06:46:21.199726,BUY_YES,KXHIGHNY-25DEC20-B36.5,17,1,0.01,0.18000000000000002,MM,1,131.65000000000015,0.5,16.5,RegimeSwitcher
2025-12-20 06:48:00.028441,BUY_NO,KXHIGHNY-25DEC20-B40.5,68,1,0.02,0.7000000000000001,MM,2,130.95000000000016,1.0,33.0,RegimeSwitcher
2025-12-20 06:49:10.528794,BUY_NO,KXHIGHNY-25DEC20-B40.5,67,4,0.07,2.75,MM,1,128.20000000000016,0.5,33.5,RegimeSwitcher
2025-12-20 06:49:15.690147,BUY_NO,KXHIGHNY-25DEC20-B40.5,67,3,0.05,2.06,MM,1,126.14000000000016,0.5,33.5,RegimeSwitcher
2025-12-20 07:19:07.228844,BUY_YES,KXHIGHNY-25DEC20-T36,1,90,0.07,0.97,MM,1,125.17000000000016,0.5,0.5,RegimeSwitcher
2025-12-20 07:20:03.988268,BUY_YES,KXHIGHNY-25DEC21-B40.5,4,283,0.77,12.09,MM,1,113.08000000000015,0.5,3.5,RegimeSwitcher
2025-12-20 07:20:30.229563,BUY_YES,KXHIGHNY-25DEC21-B40.5,5,48,0.16,2.5600000000000005,MM,2,110.52000000000015,1.0,4.0,RegimeSwitcher
2025-12-20 07:20:50.729158,BUY_YES,KXHIGHNY-25DEC21-B40.5,5,26,0.09,1.3900000000000001,MM,2,109.13000000000015,1.0,4.0,RegimeSwitcher
2025-12-20 07:21:06.926586,BUY_YES,KXHIGHNY-25DEC21-B40.5,4,20,0.06,0.8600000000000001,MM,2,108.27000000000015,1.0,3.0,RegimeSwitcher
2025-12-20 21:28:51.136943,BUY_YES,KXHIGHNY-25DEC21-T40,1,1,0.01,0.02,MM,1,108.25000000000016,0.5,0.5,RegimeSwitcher
2025-12-21 05:00:00.194455,BUY_YES,KXHIGHNY-25DEC21-B42.5,11,94,0.65,10.99,MM,2,155.26000000000016,1.0,10.0,RegimeSwitcher
2025-12-21 05:00:05.892139,BUY_YES,KXHIGHNY-25DEC21-B42.5,11,63,0.44,7.37,MM,2,147.89000000000016,1.0,10.0,RegimeSwitcher
2025-12-21 05:00:13.042011,BUY_YES,KXHIGHNY-25DEC21-B44.5,48,7,0.13,3.4899999999999998,MM,2,144.40000000000015,1.0,47.0,RegimeSwitcher
2025-12-21 05:00:32.567019,BUY_YES,KXHIGHNY-25DEC21-B42.5,11,51,0.35,5.96,MM,2,138.44000000000014,1.0,10.0,RegimeSwitcher
2025-12-21 05:00:47.484454,BUY_NO,KXHIGHNY-25DEC21-B46.5,64,16,0.26,10.5,MM,5,127.94000000000014,2.5,38.5,RegimeSwitcher
2025-12-21 05:00:50.065888,BUY_NO,KXHIGHNY-25DEC21-B46.5,63,14,0.23,9.05,MM,3,118.89000000000014,1.5,38.5,RegimeSwitcher
2025-12-21 05:00:57.308535,BUY_NO,KXHIGHNY-25DEC21-B46.5,64,13,0.21,8.530000000000001,MM,5,110.36000000000014,2.5,38.5,RegimeSwitcher
2025-12-21 05:01:14.963827,BUY_NO,KXHIGHNY-25DEC21-B46.5,67,13,0.21,8.920000000000002,MM,4,101.44000000000014,2.0,35.0,RegimeSwitcher
2025-12-21 05:01:17.220478,BUY_NO,KXHIGHNY-25DEC21-B46.5,66,12,0.19,8.11,MM,6,93.33000000000014,3.0,37.0,RegimeSwitcher
2025-12-21 05:01:19.357757,BUY_NO,KXHIGHNY-25DEC21-B46.5,65,11,0.18,7.33,MM,5,86.00000000000014,2.5,37.5,RegimeSwitcher
2025-12-21 05:59:23.460592,BUY_YES,KXHIGHNY-25DEC21-B40.5,2,4,0.01,0.09,MM,2,85.91000000000014,1.0,1.0,RegimeSwitcher
2025-12-22 05:00:29.627236,BUY_NO,KXHIGHNY-25DEC22-B40.5,64,7,0.12,4.6000000000000005,MM,2,81.31000000000014,1.0,37.0,RegimeSwitcher
2025-12-22 05:01:30.626732,BUY_YES,KXHIGHNY-25DEC22-B36.5,12,33,0.25,4.21,MM,2,77.10000000000015,1.0,11.0,RegimeSwitcher
2025-12-22 05:01:45.578095,BUY_YES,KXHIGHNY-25DEC22-T43,1,57,0.04,0.6100000000000001,MM,1,76.49000000000015,0.5,0.5,RegimeSwitcher
2025-12-22 05:01:51.789666,BUY_YES,KXHIGHNY-25DEC22-B36.5,12,25,0.19,3.19,MM,2,73.30000000000015,1.0,11.0,RegimeSwitcher
2025-12-22 05:02:19.075663,BUY_YES,KXHIGHNY-25DEC22-B36.5,12,20,0.15,2.55,MM,2,70.75000000000016,1.0,11.0,RegimeSwitcher
2025-12-22 05:02:20.809055,BUY_NO,KXHIGHNY-25DEC22-B40.5,63,6,0.1,3.8800000000000003,MM,2,66.87000000000016,1.0,38.0,RegimeSwitcher
2025-12-22 05:02:24.326758,BUY_YES,KXHIGHNY-25DEC22-B36.5,12,17,0.13,2.17,MM,2,64.70000000000016,1.0,11.0,RegimeSwitcher
2025-12-22 05:02:28.086128,BUY_YES,KXHIGHNY-25DEC22-B36.5,12,14,0.11,1.79,MM,1,62.91000000000016,0.5,11.5,RegimeSwitcher
2025-12-22 05:02:32.037062,BUY_NO,KXHIGHNY-25DEC22-B40.5,64,6,0.1,3.94,MM,3,58.97000000000016,1.5,37.5,RegimeSwitcher
2025-12-22 05:02:35.737459,BUY_NO,KXHIGHNY-25DEC22-B40.5,64,6,0.1,3.94,MM,2,55.030000000000165,1.0,37.0,RegimeSwitcher
2025-12-22 05:02:40.801437,BUY_NO,KXHIGHNY-25DEC22-B40.5,64,5,0.09,3.29,MM,3,51.740000000000165,1.5,37.5,RegimeSwitcher
2025-12-22 05:02:42.872263,BUY_NO,KXHIGHNY-25DEC22-B40.5,64,4,0.07,2.63,MM,3,49.11000000000016,1.5,37.5,RegimeSwitcher
2025-12-22 05:02:45.128278,BUY_NO,KXHIGHNY-25DEC22-B40.5,65,2,0.04,1.34,MM,3,47.77000000000016,1.5,36.5,RegimeSwitcher
2025-12-22 05:02:47.179341,BUY_NO,KXHIGHNY-25DEC22-B40.5,64,2,0.04,1.32,MM,2,46.45000000000016,1.0,37.0,RegimeSwitcher
2025-12-22 05:02:49.213233,BUY_NO,KXHIGHNY-25DEC22-B40.5,64,2,0.04,1.32,MM,2,45.13000000000016,1.0,37.0,RegimeSwitcher
2025-12-22 05:02:51.585377,BUY_NO,KXHIGHNY-25DEC22-B40.5,63,2,0.04,1.3,MM,2,43.83000000000016,1.0,38.0,RegimeSwitcher
2025-12-22 05:02:58.839303,BUY_NO,KXHIGHNY-25DEC22-B40.5,64,1,0.02,0.66,MM,2,43.170000000000165,1.0,37.0,RegimeSwitcher
2025-12-22 05:03:42.770014,BUY_YES,KXHIGHNY-25DEC22-T43,1,19,0.02,0.21,MM,1,42.960000000000164,0.5,0.5,RegimeSwitcher
2025-12-23 05:01:56.482083,BUY_NO,KXHIGHNY-25DEC23-B42.5,90,2,0.02,1.82,MM,3,84.14000000000017,1.5,11.5,RegimeSwitcher
2025-12-23 05:01:56.728959,BUY_NO,KXHIGHNY-25DEC23-B40.5,23,21,0.27,5.1,MM,3,79.04000000000018,1.5,78.5,RegimeSwitcher
2025-12-23 05:02:05.978594,BUY_NO,KXHIGHNY-25DEC23-B40.5,23,19,0.24,4.61,MM,3,74.43000000000018,1.5,78.5,RegimeSwitcher
2025-12-23 05:02:51.979135,BUY_NO,KXHIGHNY-25DEC23-B40.5,23,16,0.2,3.8800000000000003,MM,3,70.55000000000018,1.5,78.5,RegimeSwitcher
2025-12-23 05:02:54.478484,BUY_NO,KXHIGHNY-25DEC23-B40.5,23,15,0.19,3.64,MM,2,66.91000000000018,1.0,78.0,RegimeSwitcher
2025-12-23 05:02:56.980517,BUY_NO,KXHIGHNY-25DEC23-B40.5,23,14,0.18,3.4000000000000004,MM,2,63.51000000000018,1.0,78.0,RegimeSwitcher
2025-12-23 05:02:59.229484,BUY_NO,KXHIGHNY-25DEC23-B40.5,23,14,0.18,3.4000000000000004,MM,2,60.110000000000184,1.0,78.0,RegimeSwitcher
2025-12-23 05:03:02.245161,BUY_NO,KXHIGHNY-25DEC23-B40.5,23,13,0.17,3.16,MM,2,56.95000000000019,1.0,78.0,RegimeSwitcher
2025-12-23 05:03:21.234784,BUY_NO,KXHIGHNY-25DEC23-B40.5,21,13,0.16,2.89,MM,2,54.06000000000019,1.0,80.0,RegimeSwitcher
2025-12-23 05:03:22.228639,BUY_NO,KXHIGHNY-25DEC23-B42.5,90,1,0.01,0.91,MM,2,53.15000000000019,1.0,11.0,RegimeSwitcher
2025-12-23 05:03:24.496917,BUY_NO,KXHIGHNY-25DEC23-B42.5,89,2,0.02,1.8,MM,1,51.35000000000019,0.5,11.5,RegimeSwitcher
2025-12-23 05:04:27.728343,BUY_YES,KXHIGHNY-25DEC23-B44.5,4,9,0.03,0.39,MM,1,50.96000000000019,0.5,3.5,RegimeSwitcher
2025-12-23 05:04:31.978928,BUY_NO,KXHIGHNY-25DEC23-B42.5,90,1,0.01,0.91,MM,2,50.050000000000196,1.0,11.0,RegimeSwitcher
2025-12-23 05:04:34.730940,BUY_NO,KXHIGHNY-25DEC23-B42.5,90,1,0.01,0.91,MM,2,49.1400000000002,1.0,11.0,RegimeSwitcher
2025-12-23 05:04:37.479785,BUY_NO,KXHIGHNY-25DEC23-B40.5,20,13,0.15,2.75,MM,2,46.3900000000002,1.0,81.0,RegimeSwitcher
2025-12-23 05:04:39.978868,BUY_NO,KXHIGHNY-25DEC23-B42.5,90,1,0.01,0.91,MM,2,45.4800000000002,1.0,11.0,RegimeSwitcher
2025-12-23 05:04:44.229156,BUY_NO,KXHIGHNY-25DEC23-B42.5,90,1,0.01,0.91,MM,2,44.570000000000206,1.0,11.0,RegimeSwitcher
2025-12-23 05:05:43.233305,BUY_YES,KXHIGHNY-25DEC23-B44.5,4,6,0.02,0.26,MM,1,44.31000000000021,0.5,3.5,RegimeSwitcher
2025-12-23 05:06:11.728543,BUY_NO,KXHIGHNY-25DEC23-B40.5,21,6,0.07,1.33,MM,3,42.98000000000021,1.5,80.5,RegimeSwitcher
2025-12-24 05:00:09.174773,BUY_NO,KXHIGHNY-25DEC24-T47,94,1,0.01,0.95,MM,9,51.03000000000021,4.5,10.5,RegimeSwitcher
2025-12-24 05:00:13.796120,BUY_NO,KXHIGHNY-25DEC24-T47,93,2,0.01,1.87,MM,9,49.16000000000021,4.5,11.5,RegimeSwitcher
2025-12-24 05:00:15.955590,BUY_YES,KXHIGHNY-25DEC24-B42.5,23,12,0.15,2.91,MM,6,46.25000000000021,3.0,20.0,RegimeSwitcher
2025-12-24 05:00:18.478506,BUY_NO,KXHIGHNY-25DEC24-T47,93,1,0.01,0.9400000000000001,MM,9,45.310000000000215,4.5,11.5,RegimeSwitcher
2025-12-24 05:00:23.459159,BUY_NO,KXHIGHNY-25DEC24-T47,93,1,0.01,0.9400000000000001,MM,8,44.37000000000022,4.0,11.0,RegimeSwitcher
2025-12-24 05:00:27.433789,BUY_NO,KXHIGHNY-25DEC24-T47,93,1,0.01,0.9400000000000001,MM,8,43.43000000000022,4.0,11.0,RegimeSwitcher
2025-12-24 05:00:33.347923,BUY_NO,KXHIGHNY-25DEC24-T47,93,1,0.01,0.9400000000000001,MM,6,42.49000000000022,3.0,10.0,RegimeSwitcher
2025-12-24 05:00:36.702633,BUY_YES,KXHIGHNY-25DEC24-B42.5,23,11,0.14,2.6700000000000004,MM,6,39.82000000000022,3.0,20.0,RegimeSwitcher
2025-12-24 05:00:36.931682,BUY_NO,KXHIGHNY-25DEC24-T47,92,1,0.01,0.93,MM,6,38.89000000000022,3.0,11.0,RegimeSwitcher
2025-12-24 05:00:43.469215,BUY_NO,KXHIGHNY-25DEC24-B46.5,79,3,0.04,2.41,MM,4,36.48000000000022,2.0,23.0,RegimeSwitcher
2025-12-24 05:00:45.396596,BUY_YES,KXHIGHNY-25DEC24-B42.5,24,10,0.13,2.53,MM,7,33.950000000000216,3.5,20.5,RegimeSwitcher
2025-12-24 05:00:53.591706,BUY_YES,KXHIGHNY-25DEC24-B42.5,23,10,0.13,2.43,MM,6,31.520000000000216,3.0,20.0,RegimeSwitcher
2025-12-24 05:00:55.982617,BUY_NO,KXHIGHNY-25DEC24-B44.5,48,1,0.02,0.5,MM,2,31.020000000000216,1.0,53.0,RegimeSwitcher
2025-12-24 05:01:00.873948,BUY_YES,KXHIGHNY-25DEC24-B42.5,23,9,0.12,2.1900000000000004,MM,5,28.830000000000215,2.5,20.5,RegimeSwitcher
2025-12-24 05:01:00.925255,BUY_NO,KXHIGHNY-25DEC24-B46.5,79,2,0.03,1.61,MM,4,27.220000000000216,2.0,23.0,RegimeSwitcher
2025-12-24 05:01:08.770113,BUY_NO,KXHIGHNY-25DEC24-B46.5,80,1,0.02,0.8200000000000001,MM,4,26.400000000000215,2.0,22.0,RegimeSwitcher
2025-12-24 05:03:55.362987,BUY_YES,KXHIGHNY-25DEC24-B42.5,25,1,0.02,0.27,MM,2,26.130000000000216,1.0,24.0,RegimeSwitcher
2025-12-24 05:56:54.798776,BUY_YES,KXHIGHNY-25DEC24-B42.5,13,1,0.01,0.14,MM,2,25.990000000000215,1.0,12.0,RegimeSwitcher
2025-12-25 05:00:01.212463,BUY_NO,KXHIGHNY-25DEC25-T48,64,3,0.05,1.97,MM,8,33.020000000000216,4.0,40.0,RegimeSwitcher
2025-12-25 05:00:04.774609,BUY_NO,KXHIGHNY-25DEC25-T48,64,2,0.04,1.32,MM,8,31.700000000000216,4.0,40.0,RegimeSwitcher
2025-12-25 05:00:13.752356,BUY_NO,KXHIGHNY-25DEC25-T48,64,2,0.04,1.32,MM,2,30.380000000000216,1.0,37.0,RegimeSwitcher
2025-12-25 05:00:13.922918,BUY_YES,KXHIGHNY-25DEC25-B47.5,33,6,0.1,2.08,MM,3,28.300000000000217,1.5,31.5,RegimeSwitcher
2025-12-25 05:00:16.449569,BUY_NO,KXHIGHNY-25DEC25-T48,64,2,0.04,1.32,MM,1,26.980000000000217,0.5,36.5,RegimeSwitcher
2025-12-25 05:00:16.667729,BUY_YES,KXHIGHNY-25DEC25-B47.5,33,5,0.08,1.7300000000000002,MM,2,25.250000000000217,1.0,32.0,RegimeSwitcher
2025-12-25 05:00:18.921215,BUY_YES,KXHIGHNY-25DEC25-B45.5,28,7,0.1,2.06,MM,5,23.190000000000218,2.5,25.5,RegimeSwitcher
2025-12-25 05:00:21.894847,BUY_YES,KXHIGHNY-25DEC25-B45.5,28,5,0.08,1.4800000000000002,MM,4,21.710000000000218,2.0,26.0,RegimeSwitcher
2025-12-25 05:00:24.653738,BUY_NO,KXHIGHNY-25DEC25-T48,63,2,0.04,1.3,MM,4,20.410000000000217,2.0,39.0,RegimeSwitcher
2025-12-25 05:00:25.783807,BUY_YES,KXHIGHNY-25DEC25-B45.5,27,6,0.09,1.7100000000000002,MM,3,18.700000000000216,1.5,25.5,RegimeSwitcher
2025-12-25 05:00:29.334586,BUY_YES,KXHIGHNY-25DEC25-B45.5,26,4,0.06,1.1,MM,3,17.600000000000215,1.5,24.5,RegimeSwitcher
2025-12-25 05:01:40.002991,BUY_YES,KXHIGHNY-25DEC25-B43.5,4,2,0.01,0.09,MM,1,17.510000000000215,0.5,3.5,RegimeSwitcher
2025-12-25 05:46:13.633587,BUY_YES,KXHIGHNY-25DEC25-B43.5,1,1,0.01,0.02,MM,1,17.490000000000215,0.5,0.5,RegimeSwitcher
2025-12-26 05:00:00.553586,BUY_YES,KXHIGHNY-25DEC26-B29.5,38,2,0.04,0.8,MM,6,16.690000000000214,3.0,35.0,RegimeSwitcher
2025-12-26 05:00:00.866194,BUY_NO,KXHIGHNY-25DEC26-B31.5,60,1,0.02,0.62,MM,3,16.070000000000213,1.5,41.5,RegimeSwitcher
2025-12-26 05:00:03.137519,BUY_YES,KXHIGHNY-25DEC26-B29.5,38,1,0.02,0.4,MM,4,15.670000000000213,2.0,36.0,RegimeSwitcher
2025-12-26 05:00:05.090821,BUY_NO,KXHIGHNY-25DEC26-B31.5,60,1,0.02,0.62,MM,3,15.050000000000214,1.5,41.5,RegimeSwitcher
2025-12-26 05:00:05.784996,BUY_YES,KXHIGHNY-25DEC26-B29.5,38,1,0.02,0.4,MM,5,14.650000000000214,2.5,35.5,RegimeSwitcher
2025-12-26 05:00:08.086875,BUY_YES,KXHIGHNY-25DEC26-B29.5,38,1,0.02,0.4,MM,5,14.250000000000213,2.5,35.5,RegimeSwitcher
2025-12-26 05:00:08.531690,BUY_NO,KXHIGHNY-25DEC26-B31.5,60,1,0.02,0.62,MM,3,13.630000000000214,1.5,41.5,RegimeSwitcher
2025-12-26 05:00:10.202295,BUY_NO,KXHIGHNY-25DEC26-T34,93,1,0.01,0.9400000000000001,MM,1,12.690000000000214,0.5,7.5,RegimeSwitcher
2025-12-26 05:00:10.311537,BUY_NO,KXHIGHNY-25DEC26-B33.5,86,1,0.01,0.87,MM,2,11.820000000000215,1.0,15.0,RegimeSwitcher
2025-12-26 05:00:10.532256,BUY_YES,KXHIGHNY-25DEC26-B29.5,38,1,0.02,0.4,MM,3,11.420000000000215,1.5,36.5,RegimeSwitcher
2025-12-26 05:00:12.826521,BUY_NO,KXHIGHNY-25DEC26-B33.5,86,1,0.01,0.87,MM,1,10.550000000000216,0.5,14.5,RegimeSwitcher
2025-12-26 05:00:13.032134,BUY_YES,KXHIGHNY-25DEC26-B29.5,38,1,0.02,0.4,MM,3,10.150000000000215,1.5,36.5,RegimeSwitcher
2025-12-26 05:00:13.133652,BUY_NO,KXHIGHNY-25DEC26-T34,93,1,0.01,0.9400000000000001,MM,1,9.210000000000216,0.5,7.5,RegimeSwitcher
2025-12-26 05:01:30.090268,BUY_YES,KXHIGHNY-25DEC26-B29.5,38,1,0.02,0.4,MM,2,8.810000000000215,1.0,37.0,RegimeSwitcher
2025-12-26 05:02:50.534376,BUY_YES,KXHIGHNY-25DEC26-B27.5,2,2,0.01,0.05,MM,1,8.760000000000215,0.5,1.5,RegimeSwitcher
2025-12-27 05:12:17.066459,BUY_NO,KXHIGHNY-25DEC27-B31.5,15,8,0.08,1.28,MM,2,22.480000000000214,1.0,86.0,RegimeSwitcher
2025-12-27 05:14:24.056704,BUY_NO,KXHIGHNY-25DEC27-B31.5,15,7,0.07,1.12,MM,3,21.360000000000213,1.5,86.5,RegimeSwitcher
2025-12-27 05:15:06.635824,BUY_NO,KXHIGHNY-25DEC27-B31.5,15,7,0.07,1.12,MM,3,20.24000000000021,1.5,86.5,RegimeSwitcher
2025-12-27 05:17:49.209763,BUY_YES,KXHIGHNY-25DEC27-B35.5,4,24,0.07,1.03,MM,3,19.21000000000021,1.5,2.5,RegimeSwitcher
2025-12-27 05:18:05.351749,BUY_YES,KXHIGHNY-25DEC27-T36,1,37,0.03,0.4,MM,1,18.810000000000212,0.5,0.5,RegimeSwitcher
2025-12-27 05:18:07.550676,BUY_YES,KXHIGHNY-25DEC27-B35.5,4,19,0.06,0.8200000000000001,MM,2,17.99000000000021,1.0,3.0,RegimeSwitcher
2025-12-27 05:18:28.147656,BUY_NO,KXHIGHNY-25DEC27-B31.5,14,7,0.06,1.04,MM,3,16.950000000000212,1.5,87.5,RegimeSwitcher
2025-12-27 05:19:08.488547,BUY_NO,KXHIGHNY-25DEC27-B31.5,13,7,0.06,0.97,MM,2,15.980000000000212,1.0,88.0,RegimeSwitcher
2025-12-27 05:35:50.492490,BUY_YES,KXHIGHNY-25DEC27-B35.5,4,16,0.05,0.6900000000000001,MM,2,15.290000000000212,1.0,3.0,RegimeSwitcher
2025-12-27 05:35:52.516286,BUY_NO,KXHIGHNY-25DEC27-B31.5,13,7,0.06,0.97,MM,1,14.320000000000212,0.5,87.5,RegimeSwitcher
2025-12-27 05:44:05.508466,BUY_YES,KXHIGHNY-25DEC27-B35.5,3,26,0.06,0.8400000000000001,MM,1,13.480000000000212,0.5,2.5,RegimeSwitcher
2025-12-27 05:44:09.317854,BUY_YES,KXHIGHNY-25DEC27-B33.5,15,8,0.08,1.28,MM,3,12.200000000000212,1.5,13.5,RegimeSwitcher
2025-12-27 05:47:06.151947,BUY_NO,KXHIGHNY-25DEC27-B31.5,15,2,0.02,0.32,MM,2,11.880000000000212,1.0,86.0,RegimeSwitcher
2025-12-28 05:00:41.072191,BUY_YES,KXHIGHNY-25DEC28-B41.5,8,8,0.05,0.6900000000000001,MM,2,11.190000000000213,1.0,7.0,RegimeSwitcher
2025-12-28 05:01:04.325035,BUY_YES,KXHIGHNY-25DEC28-B41.5,8,7,0.04,0.6000000000000001,MM,2,10.590000000000213,1.0,7.0,RegimeSwitcher
2025-12-28 05:01:59.886320,BUY_YES,KXHIGHNY-25DEC28-B41.5,7,8,0.04,0.6000000000000001,MM,1,9.990000000000213,0.5,6.5,RegimeSwitcher
2025-12-28 05:02:30.159710,BUY_YES,KXHIGHNY-25DEC28-B41.5,8,7,0.04,0.6000000000000001,MM,2,9.390000000000214,1.0,7.0,RegimeSwitcher
2025-12-28 05:02:36.041238,BUY_YES,KXHIGHNY-25DEC28-B41.5,8,6,0.04,0.52,MM,2,8.870000000000214,1.0,7.0,RegimeSwitcher
2025-12-28 05:02:38.516426,BUY_YES,KXHIGHNY-25DEC28-B41.5,7,6,0.03,0.45000000000000007,MM,2,8.420000000000215,1.0,6.0,RegimeSwitcher
2025-12-28 05:02:40.627134,BUY_YES,KXHIGHNY-25DEC28-B41.5,6,8,0.04,0.52,MM,1,7.900000000000215,0.5,5.5,RegimeSwitcher
2025-12-28 05:02:44.570014,BUY_YES,KXHIGHNY-25DEC28-B41.5,6,7,0.03,0.44999999999999996,MM,1,7.450000000000215,0.5,5.5,RegimeSwitcher
2025-12-28 05:03:36.903536,BUY_YES,KXHIGHNY-25DEC28-B41.5,9,5,0.03,0.48,MM,2,6.970000000000216,1.0,8.0,RegimeSwitcher
2025-12-28 05:03:38.464788,BUY_YES,KXHIGHNY-25DEC28-B43.5,3,11,0.03,0.36,MM,2,6.610000000000215,1.0,2.0,RegimeSwitcher
2025-12-28 05:03:40.809712,BUY_YES,KXHIGHNY-25DEC28-B43.5,3,10,0.03,0.32999999999999996,MM,1,6.280000000000215,0.5,2.5,RegimeSwitcher
2025-12-28 05:03:47.168118,BUY_YES,KXHIGHNY-25DEC28-B41.5,9,3,0.02,0.29000000000000004,MM,2,5.990000000000215,1.0,8.0,RegimeSwitcher
2025-12-28 05:04:15.009462,BUY_YES,KXHIGHNY-25DEC28-T44,1,4,0.01,0.05,MM,1,5.940000000000215,0.5,0.5,RegimeSwitcher
2025-12-29 05:00:55.826474,BUY_YES,KXHIGHNY-25DEC29-B46.5,13,2,0.02,0.28,MM,4,5.660000000000215,2.0,11.0,RegimeSwitcher
2025-12-29 05:00:58.586579,BUY_YES,KXHIGHNY-25DEC29-B46.5,11,2,0.02,0.24,MM,2,5.420000000000215,1.0,10.0,RegimeSwitcher
2025-12-29 05:01:43.356102,BUY_YES,KXHIGHNY-25DEC29-B46.5,12,1,0.01,0.13,MM,3,5.290000000000215,1.5,10.5,RegimeSwitcher
2025-12-29 05:03:50.947940,BUY_YES,KXHIGHNY-25DEC29-T46,2,5,0.01,0.11,MM,2,5.180000000000215,1.0,1.0,RegimeSwitcher
2025-12-29 05:03:57.579292,BUY_YES,KXHIGHNY-25DEC29-B46.5,13,1,0.01,0.14,MM,2,5.040000000000215,1.0,12.0,RegimeSwitcher
2025-12-29 05:09:19.471318,BUY_YES,KXHIGHNY-25DEC29-B52.5,5,1,0.01,0.060000000000000005,MM,2,4.980000000000215,1.0,4.0,RegimeSwitcher
2025-12-29 05:11:13.436351,BUY_YES,KXHIGHNY-25DEC29-B46.5,13,1,0.01,0.14,MM,3,4.840000000000216,1.5,11.5,RegimeSwitcher
2025-12-29 05:14:42.920079,BUY_YES,KXHIGHNY-25DEC29-B46.5,13,1,0.01,0.14,MM,3,4.700000000000216,1.5,11.5,RegimeSwitcher
2025-12-29 05:15:54.284106,BUY_YES,KXHIGHNY-25DEC29-B52.5,4,3,0.01,0.13,MM,1,4.570000000000216,0.5,3.5,RegimeSwitcher
2025-12-29 05:16:06.228201,BUY_YES,KXHIGHNY-25DEC29-B52.5,4,3,0.01,0.13,MM,2,4.440000000000216,1.0,3.0,RegimeSwitcher
2025-12-29 05:17:11.560736,BUY_YES,KXHIGHNY-25DEC29-B46.5,17,1,0.01,0.18000000000000002,MM,4,4.2600000000002165,2.0,15.0,RegimeSwitcher
2025-12-29 05:17:23.918721,BUY_YES,KXHIGHNY-25DEC29-T46,2,3,0.01,0.06999999999999999,MM,2,4.190000000000216,1.0,1.0,RegimeSwitcher
2025-12-29 05:17:46.468576,BUY_YES,KXHIGHNY-25DEC29-B46.5,17,1,0.01,0.18000000000000002,MM,4,4.0100000000002165,2.0,15.0,RegimeSwitcher
2025-12-29 05:17:53.267345,BUY_YES,KXHIGHNY-25DEC29-T46,2,3,0.01,0.06999999999999999,MM,1,3.9400000000002167,0.5,1.5,RegimeSwitcher
2025-12-29 05:18:15.028381,BUY_YES,KXHIGHNY-25DEC29-B46.5,17,1,0.01,0.18000000000000002,MM,3,3.7600000000002165,1.5,15.5,RegimeSwitcher
2025-12-29 05:19:21.043953,BUY_YES,KXHIGHNY-25DEC29-B46.5,16,1,0.01,0.17,MM,3,3.5900000000002166,1.5,14.5,RegimeSwitcher
2025-12-29 05:20:36.079230,BUY_YES,KXHIGHNY-25DEC29-B52.5,4,2,0.01,0.09,MM,2,3.5000000000002167,1.0,3.0,RegimeSwitcher
2025-12-29 05:20:39.051330,BUY_YES,KXHIGHNY-25DEC29-B52.5,4,2,0.01,0.09,MM,1,3.410000000000217,0.5,3.5,RegimeSwitcher
2025-12-29 05:21:05.937522,BUY_YES,KXHIGHNY-25DEC29-B52.5,4,1,0.01,0.05,MM,2,3.360000000000217,1.0,3.0,RegimeSwitcher
2025-12-29 05:24:11.604739,BUY_YES,KXHIGHNY-25DEC29-T46,1,7,0.01,0.08,MM,1,3.280000000000217,0.5,0.5,RegimeSwitcher
2025-12-29 05:27:03.154362,BUY_YES,KXHIGHNY-25DEC29-B52.5,3,4,0.01,0.13,MM,2,3.150000000000217,1.0,2.0,RegimeSwitcher
2025-12-29 05:27:05.673326,BUY_YES,KXHIGHNY-25DEC29-B52.5,3,3,0.01,0.09999999999999999,MM,1,3.050000000000217,0.5,2.5,RegimeSwitcher
2025-12-29 05:31:06.430258,BUY_YES,KXHIGHNY-25DEC29-B52.5,3,2,0.01,0.06999999999999999,MM,2,2.980000000000217,1.0,2.0,RegimeSwitcher
2025-12-30 07:55:15.556320,BUY_YES,KXHIGHNY-25DEC31-T38,4,1,0.01,0.05,MM,2,2.9300000000002173,1.0,3.0,RegimeSwitcher
2025-12-30 07:55:17.804170,BUY_YES,KXHIGHNY-25DEC31-T38,3,1,0.01,0.04,MM,1,2.8900000000002173,0.5,2.5,RegimeSwitcher
2025-12-30 08:20:48.253239,BUY_YES,KXHIGHNY-25DEC31-B31.5,16,1,0.01,0.17,MM,4,2.7200000000002174,2.0,14.0,RegimeSwitcher
2025-12-30 08:22:20.120905,BUY_YES,KXHIGHNY-25DEC31-B31.5,14,1,0.01,0.15000000000000002,MM,3,2.5700000000002174,1.5,12.5,RegimeSwitcher
2025-12-30 08:22:22.906935,BUY_YES,KXHIGHNY-25DEC31-B31.5,15,1,0.01,0.16,MM,4,2.4100000000002173,2.0,13.0,RegimeSwitcher
2025-12-30 08:22:35.778418,BUY_YES,KXHIGHNY-25DEC31-B31.5,14,1,0.01,0.15000000000000002,MM,3,2.2600000000002174,1.5,12.5,RegimeSwitcher
2025-12-30 08:23:05.074504,BUY_YES,KXHIGHNY-25DEC31-B31.5,12,1,0.01,0.13,MM,1,2.1300000000002175,0.5,11.5,RegimeSwitcher
2025-12-30 08:23:07.784946,BUY_YES,KXHIGHNY-25DEC31-B31.5,14,1,0.01,0.15000000000000002,MM,3,1.9800000000002176,1.5,12.5,RegimeSwitcher
2025-12-30 08:23:12.227716,BUY_YES,KXHIGHNY-25DEC31-B31.5,14,1,0.01,0.15000000000000002,MM,3,1.8300000000002177,1.5,12.5,RegimeSwitcher
2025-12-30 08:23:14.453670,BUY_YES,KXHIGHNY-25DEC31-B31.5,12,1,0.01,0.13,MM,1,1.7000000000002178,0.5,11.5,RegimeSwitcher
2025-12-30 08:23:20.116073,BUY_YES,KXHIGHNY-25DEC31-B31.5,13,1,0.01,0.14,MM,2,1.5600000000002177,1.0,12.0,RegimeSwitcher
2025-12-30 13:55:42.936093,BUY_YES,KXHIGHNY-25DEC31-B37.5,4,1,0.01,0.05,MM,2,1.5100000000002176,1.0,3.0,RegimeSwitcher
2025-12-30 23:26:11.416900,BUY_YES,KXHIGHNY-25DEC31-T31,1,1,0.01,0.02,MM,1,1.4900000000002176,0.5,0.5,RegimeSwitcher
2025-12-31 05:01:48.382588,BUY_YES,KXHIGHNY-25DEC31-B35.5,18,1,0.02,0.19999999999999998,MM,4,1.2900000000002176,2.0,16.0,RegimeSwitcher
2025-12-31 05:03:20.412791,BUY_YES,KXHIGHNY-25DEC31-B35.5,18,1,0.02,0.19999999999999998,MM,3,1.0900000000002177,1.5,16.5,RegimeSwitcher
2025-12-31 05:18:20.922955,BUY_YES,KXHIGHNY-25DEC31-B35.5,15,1,0.01,0.16,MM,2,0.9300000000002177,1.0,14.0,RegimeSwitcher
2025-12-31 05:18:56.566672,BUY_YES,KXHIGHNY-25DEC31-B35.5,14,1,0.01,0.15000000000000002,MM,1,0.7800000000002176,0.5,13.5,RegimeSwitcher
2025-12-31 14:04:31.712758,BUY_YES,KXHIGHNY-25DEC31-B35.5,1,1,0.01,0.02,MM,1,0.7600000000002176,0.5,0.5,RegimeSwitcher
