time,action,ticker,price,qty,fee,cost,source,order_id,order_time,fill_time,fill_delay_s,place_time
2026-01-09 05:05:26.601875,BUY_YES,KXHIGHNY-26JAN09-B49.5,8.0,7,0.04,0.6000000000000001,SIM,SIM_1,2026-01-09 05:05:26.601875,2026-01-09 05:05:26.601875,0.0,
2026-01-09 05:07:20.661189,BUY_NO,KXHIGHNY-26JAN09-B51.5,59.0,1,0.02,0.61,SIM,SIM_2,2026-01-09 05:07:20.661189,2026-01-09 05:07:20.661189,0.0,
2026-01-09 05:07:22.181771,BUY_YES,KXHIGHNY-26JAN09-B49.5,9.0,4,0.03,0.39,SIM,SIM_3,2026-01-09 05:07:22.181771,2026-01-09 05:07:22.181771,0.0,
2026-01-09 05:07:28.293335,BUY_YES,KXHIGHNY-26JAN09-B49.5,9.0,2,0.02,0.19999999999999998,SIM,SIM_4,2026-01-09 05:07:28.293335,2026-01-09 05:07:28.293335,0.0,
2026-01-09 05:07:41.495167,BUY_NO,KXHIGHNY-26JAN09-B51.5,59.0,1,0.02,0.61,SIM,SIM_5,2026-01-09 05:07:41.495167,2026-01-09 05:07:41.495167,0.0,
2026-01-09 05:07:49.377563,BUY_NO,KXHIGHNY-26JAN09-B51.5,58.0,2,0.04,1.2,SIM,SIM_6,2026-01-09 05:07:49.377563,2026-01-09 05:07:49.377563,0.0,
2026-01-09 05:09:01.044951,BUY_NO,KXHIGHNY-26JAN09-B51.5,59.0,1,0.02,0.61,SIM,SIM_7,2026-01-09 05:09:01.044951,2026-01-09 05:09:01.044951,0.0,
2026-01-09 05:09:22.460373,BUY_NO,KXHIGHNY-26JAN09-B51.5,56.0,2,0.04,1.1600000000000001,SIM,SIM_8,2026-01-09 05:09:22.460373,2026-01-09 05:09:22.460373,0.0,
2026-01-09 05:09:26.388217,BUY_NO,KXHIGHNY-26JAN09-B51.5,56.0,1,0.02,0.5800000000000001,SIM,SIM_9,2026-01-09 05:09:26.388217,2026-01-09 05:09:26.388217,0.0,
2026-01-09 05:09:38.489022,BUY_NO,KXHIGHNY-26JAN09-B51.5,57.0,1,0.02,0.59,SIM,SIM_10,2026-01-09 05:09:38.489022,2026-01-09 05:09:38.489022,0.0,
2026-01-09 05:09:45.825473,BUY_NO,KXHIGHNY-26JAN09-B51.5,56.0,1,0.02,0.5800000000000001,SIM,SIM_11,2026-01-09 05:09:45.825473,2026-01-09 05:09:45.825473,0.0,
2026-01-09 05:09:54.549208,BUY_NO,KXHIGHNY-26JAN09-B51.5,56.0,1,0.02,0.5800000000000001,SIM,SIM_12,2026-01-09 05:09:54.549208,2026-01-09 05:09:54.549208,0.0,
2026-01-09 05:10:22.062181,BUY_NO,KXHIGHNY-26JAN09-B51.5,55.0,1,0.02,0.5700000000000001,SIM,SIM_13,2026-01-09 05:10:22.062181,2026-01-09 05:10:22.062181,0.0,
2026-01-09 05:10:39.859123,BUY_NO,KXHIGHNY-26JAN09-B51.5,55.0,1,0.02,0.5700000000000001,SIM,SIM_14,2026-01-09 05:10:39.859123,2026-01-09 05:10:39.859123,0.0,
2026-01-09 05:20:46.093275,BUY_YES,KXHIGHNY-26JAN09-B49.5,6.0,19,0.08,1.22,SIM,SIM_15,2026-01-09 05:20:46.093275,2026-01-09 05:20:46.093275,0.0,
2026-01-09 05:25:46.702834,BUY_YES,KXHIGHNY-26JAN09-B49.5,6.0,11,0.05,0.71,SIM,SIM_16,2026-01-09 05:25:46.702834,2026-01-09 05:25:46.702834,0.0,
2026-01-09 05:25:49.551865,BUY_YES,KXHIGHNY-26JAN09-B49.5,6.0,7,0.03,0.44999999999999996,SIM,SIM_17,2026-01-09 05:25:49.551865,2026-01-09 05:25:49.551865,0.0,
2026-01-09 05:26:53.880947,BUY_YES,KXHIGHNY-26JAN09-B49.5,6.0,15,0.06,0.96,SIM,SIM_18,2026-01-09 05:26:53.880947,2026-01-09 05:26:53.880947,0.0,
2026-01-09 05:26:59.132444,BUY_YES,KXHIGHNY-26JAN09-B49.5,5.0,10,0.04,0.54,SIM,SIM_19,2026-01-09 05:26:59.132444,2026-01-09 05:26:59.132444,0.0,
2026-01-09 05:27:02.488263,BUY_YES,KXHIGHNY-26JAN09-B49.5,6.0,6,0.03,0.39,SIM,SIM_20,2026-01-09 05:27:02.488263,2026-01-09 05:27:02.488263,0.0,
2026-01-09 05:27:08.601796,BUY_YES,KXHIGHNY-26JAN09-B49.5,6.0,2,0.01,0.13,SIM,SIM_21,2026-01-09 05:27:08.601796,2026-01-09 05:27:08.601796,0.0,
2026-01-09 05:59:12.505827,BUY_YES,KXHIGHNY-26JAN09-B49.5,7.0,9,0.05,0.6800000000000002,SIM,SIM_22,2026-01-09 05:59:12.505827,2026-01-09 05:59:12.505827,0.0,
2026-01-09 06:00:59.428692,BUY_NO,KXHIGHNY-26JAN09-B51.5,56.0,1,0.02,0.5800000000000001,SIM,SIM_23,2026-01-09 06:00:59.428692,2026-01-09 06:00:59.428692,0.0,
2026-01-09 06:39:50.399671,BUY_NO,KXHIGHNY-26JAN09-B51.5,58.0,1,0.02,0.6,SIM,SIM_24,2026-01-09 06:39:50.399671,2026-01-09 06:39:50.399671,0.0,
2026-01-09 06:40:11.402780,BUY_NO,KXHIGHNY-26JAN09-B51.5,57.0,1,0.02,0.59,SIM,SIM_25,2026-01-09 06:40:11.402780,2026-01-09 06:40:11.402780,0.0,
2026-01-09 06:45:33.285755,BUY_YES,KXHIGHNY-26JAN09-B53.5,25.0,3,0.04,0.79,SIM,SIM_26,2026-01-09 06:45:33.285755,2026-01-09 06:45:33.285755,0.0,
2026-01-09 06:46:19.065775,BUY_YES,KXHIGHNY-26JAN09-B53.5,25.0,3,0.04,0.79,SIM,SIM_27,2026-01-09 06:46:19.065775,2026-01-09 06:46:19.065775,0.0,
2026-01-09 06:46:44.919560,BUY_YES,KXHIGHNY-26JAN09-B53.5,24.0,4,0.06,1.02,SIM,SIM_28,2026-01-09 06:46:44.919560,2026-01-09 06:46:44.919560,0.0,
2026-01-09 06:48:32.621040,BUY_YES,KXHIGHNY-26JAN09-B53.5,24.0,3,0.04,0.76,SIM,SIM_29,2026-01-09 06:48:32.621040,2026-01-09 06:48:32.621040,0.0,
2026-01-09 06:50:44.656105,BUY_YES,KXHIGHNY-26JAN09-B53.5,24.0,2,0.03,0.51,SIM,SIM_30,2026-01-09 06:50:44.656105,2026-01-09 06:50:44.656105,0.0,
2026-01-09 06:52:56.000370,BUY_YES,KXHIGHNY-26JAN09-B55.5,18.0,2,0.03,0.39,SIM,SIM_31,2026-01-09 06:52:56.000370,2026-01-09 06:52:56.000370,0.0,
2026-01-09 06:53:05.017351,BUY_YES,KXHIGHNY-26JAN09-B53.5,24.0,1,0.02,0.26,SIM,SIM_32,2026-01-09 06:53:05.017351,2026-01-09 06:53:05.017351,0.0,
2026-01-09 06:56:35.878738,BUY_YES,KXHIGHNY-26JAN09-B55.5,15.0,11,0.1,1.75,SIM,SIM_33,2026-01-09 06:56:35.878738,2026-01-09 06:56:35.878738,0.0,
2026-01-09 06:56:59.576710,BUY_YES,KXHIGHNY-26JAN09-B55.5,15.0,9,0.09,1.44,SIM,SIM_34,2026-01-09 06:56:59.576710,2026-01-09 06:56:59.576710,0.0,
2026-01-09 06:57:52.708447,BUY_YES,KXHIGHNY-26JAN09-B55.5,15.0,8,0.08,1.28,SIM,SIM_35,2026-01-09 06:57:52.708447,2026-01-09 06:57:52.708447,0.0,
2026-01-09 06:58:18.939282,BUY_YES,KXHIGHNY-26JAN09-B55.5,15.0,6,0.06,0.96,SIM,SIM_36,2026-01-09 06:58:18.939282,2026-01-09 06:58:18.939282,0.0,
2026-01-09 07:00:54.289550,BUY_YES,KXHIGHNY-26JAN09-B55.5,15.0,5,0.05,0.8,SIM,SIM_37,2026-01-09 07:00:54.289550,2026-01-09 07:00:54.289550,0.0,
2026-01-09 07:02:01.887749,BUY_YES,KXHIGHNY-26JAN09-B55.5,15.0,3,0.03,0.48,SIM,SIM_38,2026-01-09 07:02:01.887749,2026-01-09 07:02:01.887749,0.0,
2026-01-09 07:02:12.361916,BUY_YES,KXHIGHNY-26JAN09-B55.5,15.0,2,0.02,0.32,SIM,SIM_39,2026-01-09 07:02:12.361916,2026-01-09 07:02:12.361916,0.0,
2026-01-09 07:12:13.507578,BUY_NO,KXHIGHNY-26JAN10-T52,78.0,1,0.02,0.8,SIM,SIM_40,2026-01-09 07:12:13.507578,2026-01-09 07:12:13.507578,0.0,
2026-01-09 07:12:30.066502,BUY_NO,KXHIGHNY-26JAN10-T52,78.0,1,0.02,0.8,SIM,SIM_41,2026-01-09 07:12:30.066502,2026-01-09 07:12:30.066502,0.0,
2026-01-09 07:15:12.772038,BUY_NO,KXHIGHNY-26JAN10-T52,72.0,1,0.02,0.74,SIM,SIM_42,2026-01-09 07:15:12.772038,2026-01-09 07:15:12.772038,0.0,
2026-01-09 07:15:25.283376,BUY_NO,KXHIGHNY-26JAN10-T52,59.0,2,0.04,1.22,SIM,SIM_43,2026-01-09 07:15:25.283376,2026-01-09 07:15:25.283376,0.0,
2026-01-09 07:16:07.704416,BUY_NO,KXHIGHNY-26JAN10-T52,60.0,2,0.04,1.24,SIM,SIM_44,2026-01-09 07:16:07.704416,2026-01-09 07:16:07.704416,0.0,
2026-01-09 07:16:18.069531,BUY_NO,KXHIGHNY-26JAN10-T52,60.0,1,0.02,0.62,SIM,SIM_45,2026-01-09 07:16:18.069531,2026-01-09 07:16:18.069531,0.0,
2026-01-09 07:16:36.989737,BUY_NO,KXHIGHNY-26JAN10-T52,60.0,1,0.02,0.62,SIM,SIM_46,2026-01-09 07:16:36.989737,2026-01-09 07:16:36.989737,0.0,
2026-01-09 07:16:42.400999,BUY_NO,KXHIGHNY-26JAN10-T52,60.0,1,0.02,0.62,SIM,SIM_47,2026-01-09 07:16:42.400999,2026-01-09 07:16:42.400999,0.0,
2026-01-09 07:16:45.162513,BUY_NO,KXHIGHNY-26JAN10-T52,59.0,1,0.02,0.61,SIM,SIM_48,2026-01-09 07:16:45.162513,2026-01-09 07:16:45.162513,0.0,
2026-01-09 07:16:55.622898,BUY_NO,KXHIGHNY-26JAN10-T52,59.0,1,0.02,0.61,SIM,SIM_49,2026-01-09 07:16:55.622898,2026-01-09 07:16:55.622898,0.0,
2026-01-09 07:17:55.035545,BUY_NO,KXHIGHNY-26JAN10-T52,59.0,1,0.02,0.61,SIM,SIM_50,2026-01-09 07:17:55.035545,2026-01-09 07:17:55.035545,0.0,
2026-01-09 07:18:03.621230,BUY_NO,KXHIGHNY-26JAN10-T52,59.0,1,0.02,0.61,SIM,SIM_51,2026-01-09 07:18:03.621230,2026-01-09 07:18:03.621230,0.0,
2026-01-09 07:23:36.126888,BUY_NO,KXHIGHNY-26JAN09-B51.5,51.0,1,0.02,0.53,SIM,SIM_52,2026-01-09 07:23:36.126888,2026-01-09 07:23:36.126888,0.0,
2026-01-09 07:23:37.308680,BUY_NO,KXHIGHNY-26JAN09-B51.5,51.0,1,0.02,0.53,SIM,SIM_53,2026-01-09 07:23:37.308680,2026-01-09 07:23:37.308680,0.0,
2026-01-09 07:23:44.106782,BUY_NO,KXHIGHNY-26JAN09-B51.5,52.0,1,0.02,0.54,SIM,SIM_54,2026-01-09 07:23:44.106782,2026-01-09 07:23:44.106782,0.0,
2026-01-09 07:52:40.271188,BUY_YES,KXHIGHNY-26JAN10-B54.5,25.0,1,0.02,0.27,SIM,SIM_55,2026-01-09 07:52:40.271188,2026-01-09 07:52:40.271188,0.0,
2026-01-09 07:52:56.175390,BUY_YES,KXHIGHNY-26JAN10-B54.5,25.0,3,0.04,0.79,SIM,SIM_56,2026-01-09 07:52:56.175390,2026-01-09 07:52:56.175390,0.0,
2026-01-09 07:52:57.506775,BUY_YES,KXHIGHNY-26JAN10-B54.5,24.0,2,0.03,0.51,SIM,SIM_57,2026-01-09 07:52:57.506775,2026-01-09 07:52:57.506775,0.0,
2026-01-09 07:53:12.175352,BUY_YES,KXHIGHNY-26JAN10-B54.5,24.0,4,0.06,1.02,SIM,SIM_58,2026-01-09 07:53:12.175352,2026-01-09 07:53:12.175352,0.0,
2026-01-09 07:53:29.290354,BUY_YES,KXHIGHNY-26JAN10-B54.5,24.0,3,0.04,0.76,SIM,SIM_59,2026-01-09 07:53:29.290354,2026-01-09 07:53:29.290354,0.0,
2026-01-09 07:53:56.038974,BUY_YES,KXHIGHNY-26JAN10-B54.5,25.0,1,0.02,0.27,SIM,SIM_60,2026-01-09 07:53:56.038974,2026-01-09 07:53:56.038974,0.0,
2026-01-09 07:54:05.061372,BUY_YES,KXHIGHNY-26JAN10-B54.5,24.0,2,0.03,0.51,SIM,SIM_61,2026-01-09 07:54:05.061372,2026-01-09 07:54:05.061372,0.0,
2026-01-09 07:54:29.036345,BUY_YES,KXHIGHNY-26JAN10-B54.5,24.0,1,0.02,0.26,SIM,SIM_62,2026-01-09 07:54:29.036345,2026-01-09 07:54:29.036345,0.0,
2026-01-09 07:54:34.061464,BUY_YES,KXHIGHNY-26JAN10-B54.5,24.0,1,0.02,0.26,SIM,SIM_63,2026-01-09 07:54:34.061464,2026-01-09 07:54:34.061464,0.0,
2026-01-09 08:35:07.397927,BUY_NO,KXHIGHNY-26JAN10-B52.5,68.0,1,0.02,0.7000000000000001,SIM,SIM_64,2026-01-09 08:35:07.397927,2026-01-09 08:35:07.397927,0.0,
2026-01-09 08:36:07.039872,BUY_NO,KXHIGHNY-26JAN10-B52.5,68.0,1,0.02,0.7000000000000001,SIM,SIM_65,2026-01-09 08:36:07.039872,2026-01-09 08:36:07.039872,0.0,
2026-01-09 08:36:09.842623,BUY_NO,KXHIGHNY-26JAN10-B52.5,68.0,1,0.02,0.7000000000000001,SIM,SIM_66,2026-01-09 08:36:09.842623,2026-01-09 08:36:09.842623,0.0,
2026-01-09 08:46:13.066363,BUY_YES,KXHIGHNY-26JAN09-B55.5,13.0,1,0.01,0.14,SIM,SIM_67,2026-01-09 08:46:13.066363,2026-01-09 08:46:13.066363,0.0,
2026-01-09 13:00:57.146956,BUY_NO,KXHIGHNY-26JAN10-T52,42.0,2,0.04,0.88,SIM,SIM_68,2026-01-09 13:00:57.146956,2026-01-09 13:00:57.146956,0.0,
2026-01-09 13:01:03.818043,BUY_YES,KXHIGHNY-26JAN09-B55.5,4.0,17,0.05,0.7300000000000001,SIM,SIM_69,2026-01-09 13:01:03.818043,2026-01-09 13:01:03.818043,0.0,
2026-01-09 13:02:02.040765,BUY_YES,KXHIGHNY-26JAN09-B55.5,4.0,13,0.04,0.56,SIM,SIM_70,2026-01-09 13:02:02.040765,2026-01-09 13:02:02.040765,0.0,
2026-01-09 13:02:04.373493,BUY_NO,KXHIGHNY-26JAN10-T52,42.0,1,0.02,0.44,SIM,SIM_71,2026-01-09 13:02:04.373493,2026-01-09 13:02:04.373493,0.0,
2026-01-09 13:03:09.485108,BUY_NO,KXHIGHNY-26JAN10-T52,42.0,1,0.02,0.44,SIM,SIM_72,2026-01-09 13:03:09.485108,2026-01-09 13:03:09.485108,0.0,
2026-01-09 13:03:56.004977,BUY_YES,KXHIGHNY-26JAN09-B53.5,16.0,6,0.06,1.02,SIM,SIM_73,2026-01-09 13:03:56.004977,2026-01-09 13:03:56.004977,0.0,
2026-01-09 13:04:11.043275,BUY_NO,KXHIGHNY-26JAN10-T52,42.0,1,0.02,0.44,SIM,SIM_74,2026-01-09 13:04:11.043275,2026-01-09 13:04:11.043275,0.0,
2026-01-09 13:04:28.709401,BUY_YES,KXHIGHNY-26JAN10-B54.5,10.0,11,0.07,1.1700000000000002,SIM,SIM_75,2026-01-09 13:04:28.709401,2026-01-09 13:04:28.709401,0.0,
2026-01-09 13:06:22.043192,BUY_YES,KXHIGHNY-26JAN10-B54.5,10.0,9,0.06,0.96,SIM,SIM_76,2026-01-09 13:06:22.043192,2026-01-09 13:06:22.043192,0.0,
2026-01-09 13:07:20.834129,BUY_YES,KXHIGHNY-26JAN09-B53.5,15.0,6,0.06,0.96,SIM,SIM_77,2026-01-09 13:07:20.834129,2026-01-09 13:07:20.834129,0.0,
2026-01-09 13:07:21.872880,BUY_YES,KXHIGHNY-26JAN09-B55.5,4.0,9,0.03,0.39,SIM,SIM_78,2026-01-09 13:07:21.872880,2026-01-09 13:07:21.872880,0.0,
2026-01-09 13:07:27.535498,BUY_YES,KXHIGHNY-26JAN09-B55.5,3.0,9,0.02,0.29000000000000004,SIM,SIM_79,2026-01-09 13:07:27.535498,2026-01-09 13:07:27.535498,0.0,
2026-01-09 13:09:17.393364,BUY_YES,KXHIGHNY-26JAN09-B53.5,17.0,5,0.05,0.9000000000000001,SIM,SIM_80,2026-01-09 13:09:17.393364,2026-01-09 13:09:17.393364,0.0,
2026-01-09 13:09:22.483358,BUY_YES,KXHIGHNY-26JAN10-B54.5,9.0,10,0.06,0.96,SIM,SIM_81,2026-01-09 13:09:22.483358,2026-01-09 13:09:22.483358,0.0,
2026-01-09 13:10:16.081763,BUY_YES,KXHIGHNY-26JAN09-B53.5,17.0,4,0.04,0.7200000000000001,SIM,SIM_82,2026-01-09 13:10:16.081763,2026-01-09 13:10:16.081763,0.0,
2026-01-09 13:10:25.041558,BUY_YES,KXHIGHNY-26JAN10-B54.5,9.0,8,0.05,0.77,SIM,SIM_83,2026-01-09 13:10:25.041558,2026-01-09 13:10:25.041558,0.0,
2026-01-09 13:10:27.976854,BUY_YES,KXHIGHNY-26JAN09-B53.5,17.0,4,0.04,0.7200000000000001,SIM,SIM_84,2026-01-09 13:10:27.976854,2026-01-09 13:10:27.976854,0.0,
2026-01-09 13:10:29.080822,BUY_YES,KXHIGHNY-26JAN09-B53.5,17.0,4,0.04,0.7200000000000001,SIM,SIM_85,2026-01-09 13:10:29.080822,2026-01-09 13:10:29.080822,0.0,
2026-01-09 13:11:16.487045,BUY_YES,KXHIGHNY-26JAN10-B54.5,8.0,9,0.05,0.77,SIM,SIM_86,2026-01-09 13:11:16.487045,2026-01-09 13:11:16.487045,0.0,
2026-01-09 13:11:21.373331,BUY_YES,KXHIGHNY-26JAN10-B54.5,9.0,7,0.05,0.68,SIM,SIM_87,2026-01-09 13:11:21.373331,2026-01-09 13:11:21.373331,0.0,
2026-01-09 13:11:29.263099,BUY_YES,KXHIGHNY-26JAN10-B54.5,9.0,5,0.03,0.48,SIM,SIM_88,2026-01-09 13:11:29.263099,2026-01-09 13:11:29.263099,0.0,
2026-01-09 13:11:34.264955,BUY_YES,KXHIGHNY-26JAN10-B54.5,9.0,4,0.03,0.39,SIM,SIM_89,2026-01-09 13:11:34.264955,2026-01-09 13:11:34.264955,0.0,
2026-01-09 13:11:38.591039,BUY_YES,KXHIGHNY-26JAN09-B53.5,17.0,3,0.03,0.54,SIM,SIM_90,2026-01-09 13:11:38.591039,2026-01-09 13:11:38.591039,0.0,
2026-01-09 13:11:39.040878,BUY_YES,KXHIGHNY-26JAN10-B54.5,9.0,3,0.02,0.29000000000000004,SIM,SIM_91,2026-01-09 13:11:39.040878,2026-01-09 13:11:39.040878,0.0,
2026-01-09 13:11:44.035724,BUY_YES,KXHIGHNY-26JAN10-B54.5,9.0,2,0.02,0.19999999999999998,SIM,SIM_92,2026-01-09 13:11:44.035724,2026-01-09 13:11:44.035724,0.0,
2026-01-09 13:11:58.481350,BUY_YES,KXHIGHNY-26JAN10-B54.5,9.0,1,0.01,0.09999999999999999,SIM,SIM_93,2026-01-09 13:11:58.481350,2026-01-09 13:11:58.481350,0.0,
2026-01-09 13:13:15.352631,BUY_YES,KXHIGHNY-26JAN10-B54.5,8.0,1,0.01,0.09,SIM,SIM_94,2026-01-09 13:13:15.352631,2026-01-09 13:13:15.352631,0.0,
2026-01-09 13:13:16.148138,BUY_YES,KXHIGHNY-26JAN09-B53.5,16.0,4,0.04,0.68,SIM,SIM_95,2026-01-09 13:13:16.148138,2026-01-09 13:13:16.148138,0.0,
2026-01-09 13:14:16.953234,BUY_YES,KXHIGHNY-26JAN09-B53.5,16.0,3,0.03,0.51,SIM,SIM_96,2026-01-09 13:14:16.953234,2026-01-09 13:14:16.953234,0.0,
2026-01-09 13:14:26.952442,BUY_YES,KXHIGHNY-26JAN09-B53.5,15.0,3,0.03,0.48,SIM,SIM_97,2026-01-09 13:14:26.952442,2026-01-09 13:14:26.952442,0.0,
2026-01-09 13:17:03.877770,BUY_YES,KXHIGHNY-26JAN09-B53.5,15.0,3,0.03,0.48,SIM,SIM_98,2026-01-09 13:17:03.877770,2026-01-09 13:17:03.877770,0.0,
2026-01-09 13:17:26.544119,BUY_YES,KXHIGHNY-26JAN09-B53.5,15.0,3,0.03,0.48,SIM,SIM_99,2026-01-09 13:17:26.544119,2026-01-09 13:17:26.544119,0.0,
2026-01-09 13:19:17.376409,BUY_NO,KXHIGHNY-26JAN10-T52,42.0,1,0.02,0.44,SIM,SIM_100,2026-01-09 13:19:17.376409,2026-01-09 13:19:17.376409,0.0,
2026-01-09 13:19:17.591348,BUY_YES,KXHIGHNY-26JAN10-B58.5,2.0,7,0.01,0.15000000000000002,SIM,SIM_101,2026-01-09 13:19:17.591348,2026-01-09 13:19:17.591348,0.0,
2026-01-09 13:19:45.021219,BUY_YES,KXHIGHNY-26JAN09-B53.5,15.0,2,0.02,0.32,SIM,SIM_102,2026-01-09 13:19:45.021219,2026-01-09 13:19:45.021219,0.0,
2026-01-09 13:20:16.329444,BUY_YES,KXHIGHNY-26JAN09-B53.5,15.0,2,0.02,0.32,SIM,SIM_103,2026-01-09 13:20:16.329444,2026-01-09 13:20:16.329444,0.0,
2026-01-09 13:20:22.598369,BUY_NO,KXHIGHNY-26JAN10-T52,42.0,1,0.02,0.44,SIM,SIM_104,2026-01-09 13:20:22.598369,2026-01-09 13:20:22.598369,0.0,
2026-01-09 13:21:57.931113,BUY_YES,KXHIGHNY-26JAN10-B54.5,7.0,1,0.01,0.08,SIM,SIM_105,2026-01-09 13:21:57.931113,2026-01-09 13:21:57.931113,0.0,
2026-01-09 13:26:36.385071,BUY_NO,KXHIGHNY-26JAN10-T52,38.0,1,0.02,0.4,SIM,SIM_106,2026-01-09 13:26:36.385071,2026-01-09 13:26:36.385071,0.0,
2026-01-09 13:27:58.150839,BUY_NO,KXHIGHNY-26JAN10-T52,38.0,1,0.02,0.4,SIM,SIM_107,2026-01-09 13:27:58.150839,2026-01-09 13:27:58.150839,0.0,
2026-01-09 13:31:27.374959,BUY_YES,KXHIGHNY-26JAN09-B53.5,13.0,3,0.03,0.42000000000000004,SIM,SIM_108,2026-01-09 13:31:27.374959,2026-01-09 13:31:27.374959,0.0,
2026-01-09 13:48:21.726437,BUY_NO,KXHIGHNY-26JAN10-T52,36.0,1,0.02,0.38,SIM,SIM_109,2026-01-09 13:48:21.726437,2026-01-09 13:48:21.726437,0.0,
2026-01-09 13:50:12.148711,BUY_YES,KXHIGHNY-26JAN09-B53.5,15.0,1,0.01,0.16,SIM,SIM_110,2026-01-09 13:50:12.148711,2026-01-09 13:50:12.148711,0.0,
2026-01-09 13:50:35.038215,BUY_YES,KXHIGHNY-26JAN09-B53.5,14.0,1,0.01,0.15000000000000002,SIM,SIM_111,2026-01-09 13:50:35.038215,2026-01-09 13:50:35.038215,0.0,
2026-01-09 13:50:36.816018,BUY_NO,KXHIGHNY-26JAN10-T52,36.0,1,0.02,0.38,SIM,SIM_112,2026-01-09 13:50:36.816018,2026-01-09 13:50:36.816018,0.0,
2026-01-09 14:15:42.933259,BUY_NO,KXHIGHNY-26JAN10-T52,37.0,1,0.02,0.39,SIM,SIM_113,2026-01-09 14:15:42.933259,2026-01-09 14:15:42.933259,0.0,
2026-01-09 14:16:45.704657,BUY_NO,KXHIGHNY-26JAN10-T52,37.0,1,0.02,0.39,SIM,SIM_114,2026-01-09 14:16:45.704657,2026-01-09 14:16:45.704657,0.0,
2026-01-09 14:17:47.482269,BUY_NO,KXHIGHNY-26JAN10-T52,37.0,1,0.02,0.39,SIM,SIM_115,2026-01-09 14:17:47.482269,2026-01-09 14:17:47.482269,0.0,
2026-01-09 14:18:54.152668,BUY_NO,KXHIGHNY-26JAN10-T52,37.0,1,0.02,0.39,SIM,SIM_116,2026-01-09 14:18:54.152668,2026-01-09 14:18:54.152668,0.0,
2026-01-09 14:19:56.932341,BUY_NO,KXHIGHNY-26JAN10-T52,37.0,1,0.02,0.39,SIM,SIM_117,2026-01-09 14:19:56.932341,2026-01-09 14:19:56.932341,0.0,
2026-01-09 14:21:49.934287,BUY_NO,KXHIGHNY-26JAN10-T52,37.0,1,0.02,0.39,SIM,SIM_118,2026-01-09 14:21:49.934287,2026-01-09 14:21:49.934287,0.0,
2026-01-09 14:59:13.870291,BUY_NO,KXHIGHNY-26JAN09-B51.5,47.0,1,0.02,0.49,SIM,SIM_119,2026-01-09 14:59:13.870291,2026-01-09 14:59:13.870291,0.0,
2026-01-09 14:59:22.740468,BUY_NO,KXHIGHNY-26JAN09-B51.5,47.0,1,0.02,0.49,SIM,SIM_120,2026-01-09 14:59:22.740468,2026-01-09 14:59:22.740468,0.0,
2026-01-09 14:59:29.336694,BUY_NO,KXHIGHNY-26JAN09-B51.5,46.0,1,0.02,0.48000000000000004,SIM,SIM_121,2026-01-09 14:59:29.336694,2026-01-09 14:59:29.336694,0.0,
2026-01-09 15:02:18.211584,BUY_NO,KXHIGHNY-26JAN09-B51.5,47.0,1,0.02,0.49,SIM,SIM_122,2026-01-09 15:02:18.211584,2026-01-09 15:02:18.211584,0.0,
2026-01-09 15:02:32.286585,BUY_NO,KXHIGHNY-26JAN09-B51.5,46.0,1,0.02,0.48000000000000004,SIM,SIM_123,2026-01-09 15:02:32.286585,2026-01-09 15:02:32.286585,0.0,
2026-01-09 15:17:51.640261,BUY_YES,KXHIGHNY-26JAN09-B53.5,13.0,1,0.01,0.14,SIM,SIM_124,2026-01-09 15:17:51.640261,2026-01-09 15:17:51.640261,0.0,
2026-01-09 15:18:02.747366,BUY_YES,KXHIGHNY-26JAN09-B53.5,12.0,1,0.01,0.13,SIM,SIM_125,2026-01-09 15:18:02.747366,2026-01-09 15:18:02.747366,0.0,
2026-01-09 15:19:02.280195,BUY_YES,KXHIGHNY-26JAN09-B53.5,14.0,1,0.01,0.15000000000000002,SIM,SIM_126,2026-01-09 15:19:02.280195,2026-01-09 15:19:02.280195,0.0,
2026-01-09 15:20:48.209078,BUY_YES,KXHIGHNY-26JAN09-B53.5,13.0,1,0.01,0.14,SIM,SIM_127,2026-01-09 15:20:48.209078,2026-01-09 15:20:48.209078,0.0,
2026-01-09 15:21:30.400463,BUY_YES,KXHIGHNY-26JAN09-B53.5,12.0,1,0.01,0.13,SIM,SIM_128,2026-01-09 15:21:30.400463,2026-01-09 15:21:30.400463,0.0,
2026-01-09 15:21:43.884844,BUY_YES,KXHIGHNY-26JAN09-B53.5,12.0,1,0.01,0.13,SIM,SIM_129,2026-01-09 15:21:43.884844,2026-01-09 15:21:43.884844,0.0,
2026-01-09 16:37:19.439810,BUY_YES,KXHIGHNY-26JAN09-B53.5,14.0,1,0.01,0.15000000000000002,SIM,SIM_130,2026-01-09 16:37:19.439810,2026-01-09 16:37:19.439810,0.0,
2026-01-09 16:43:40.180316,BUY_NO,KXHIGHNY-26JAN09-B51.5,34.0,1,0.02,0.36000000000000004,SIM,SIM_131,2026-01-09 16:43:40.180316,2026-01-09 16:43:40.180316,0.0,
2026-01-09 16:48:19.447984,BUY_NO,KXHIGHNY-26JAN09-B51.5,34.0,1,0.02,0.36000000000000004,SIM,SIM_132,2026-01-09 16:48:19.447984,2026-01-09 16:48:19.447984,0.0,
2026-01-09 16:48:20.693111,BUY_NO,KXHIGHNY-26JAN09-B51.5,33.0,1,0.02,0.35000000000000003,SIM,SIM_133,2026-01-09 16:48:20.693111,2026-01-09 16:48:20.693111,0.0,
2026-01-09 16:48:21.796266,BUY_NO,KXHIGHNY-26JAN09-B51.5,31.0,1,0.02,0.33,SIM,SIM_134,2026-01-09 16:48:21.796266,2026-01-09 16:48:21.796266,0.0,
2026-01-09 16:53:18.549906,BUY_NO,KXHIGHNY-26JAN09-B51.5,31.0,1,0.02,0.33,SIM,SIM_135,2026-01-09 16:53:18.549906,2026-01-09 16:53:18.549906,0.0,
2026-01-09 21:00:10.649951,BUY_NO,KXHIGHNY-26JAN10-B52.5,10.0,2,0.02,0.22,SIM,SIM_136,2026-01-09 21:00:10.649951,2026-01-09 21:00:10.649951,0.0,
2026-01-09 21:00:35.178073,BUY_NO,KXHIGHNY-26JAN10-B52.5,10.0,2,0.02,0.22,SIM,SIM_137,2026-01-09 21:00:35.178073,2026-01-09 21:00:35.178073,0.0,
2026-01-09 21:00:43.492674,BUY_NO,KXHIGHNY-26JAN10-B52.5,11.0,2,0.02,0.24,SIM,SIM_138,2026-01-09 21:00:43.492674,2026-01-09 21:00:43.492674,0.0,
2026-01-09 21:01:57.397937,BUY_NO,KXHIGHNY-26JAN10-B52.5,11.0,2,0.02,0.24,SIM,SIM_139,2026-01-09 21:01:57.397937,2026-01-09 21:01:57.397937,0.0,
2026-01-09 21:02:22.108160,BUY_NO,KXHIGHNY-26JAN10-B52.5,9.0,3,0.02,0.29000000000000004,SIM,SIM_140,2026-01-09 21:02:22.108160,2026-01-09 21:02:22.108160,0.0,
2026-01-09 21:03:08.393855,BUY_NO,KXHIGHNY-26JAN10-B52.5,9.0,2,0.02,0.19999999999999998,SIM,SIM_141,2026-01-09 21:03:08.393855,2026-01-09 21:03:08.393855,0.0,
2026-01-09 21:03:15.910643,BUY_NO,KXHIGHNY-26JAN10-B52.5,9.0,2,0.02,0.19999999999999998,SIM,SIM_142,2026-01-09 21:03:15.910643,2026-01-09 21:03:15.910643,0.0,
2026-01-09 21:03:18.621933,BUY_NO,KXHIGHNY-26JAN10-B52.5,8.0,3,0.02,0.26,SIM,SIM_143,2026-01-09 21:03:18.621933,2026-01-09 21:03:18.621933,0.0,
2026-01-09 21:06:41.817125,BUY_NO,KXHIGHNY-26JAN10-B52.5,8.0,3,0.02,0.26,SIM,SIM_144,2026-01-09 21:06:41.817125,2026-01-09 21:06:41.817125,0.0,
2026-01-09 21:06:49.596592,BUY_NO,KXHIGHNY-26JAN10-B52.5,6.0,4,0.02,0.26,SIM,SIM_145,2026-01-09 21:06:49.596592,2026-01-09 21:06:49.596592,0.0,
2026-01-09 21:06:55.727026,BUY_NO,KXHIGHNY-26JAN10-B52.5,5.0,6,0.02,0.32000000000000006,SIM,SIM_146,2026-01-09 21:06:55.727026,2026-01-09 21:06:55.727026,0.0,
2026-01-09 21:07:19.680501,BUY_YES,KXHIGHNY-26JAN10-B54.5,2.0,11,0.02,0.24,SIM,SIM_147,2026-01-09 21:07:19.680501,2026-01-09 21:07:19.680501,0.0,
2026-01-09 21:07:48.104482,BUY_NO,KXHIGHNY-26JAN10-B52.5,3.0,11,0.03,0.36,SIM,SIM_148,2026-01-09 21:07:48.104482,2026-01-09 21:07:48.104482,0.0,
2026-01-09 21:08:06.062776,BUY_NO,KXHIGHNY-26JAN10-B52.5,3.0,9,0.02,0.29000000000000004,SIM,SIM_149,2026-01-09 21:08:06.062776,2026-01-09 21:08:06.062776,0.0,
2026-01-09 21:08:09.445829,BUY_NO,KXHIGHNY-26JAN10-B52.5,3.0,9,0.02,0.29000000000000004,SIM,SIM_150,2026-01-09 21:08:09.445829,2026-01-09 21:08:09.445829,0.0,
2026-01-09 21:08:14.417489,BUY_NO,KXHIGHNY-26JAN10-B52.5,3.0,9,0.02,0.29000000000000004,SIM,SIM_151,2026-01-09 21:08:14.417489,2026-01-09 21:08:14.417489,0.0,
2026-01-09 21:08:47.097933,BUY_NO,KXHIGHNY-26JAN10-B52.5,3.0,8,0.02,0.26,SIM,SIM_152,2026-01-09 21:08:47.097933,2026-01-09 21:08:47.097933,0.0,
2026-01-09 21:08:48.175160,BUY_NO,KXHIGHNY-26JAN10-B52.5,2.0,15,0.03,0.32999999999999996,SIM,SIM_153,2026-01-09 21:08:48.175160,2026-01-09 21:08:48.175160,0.0,
2026-01-09 21:09:34.751402,BUY_NO,KXHIGHNY-26JAN10-B52.5,3.0,5,0.02,0.16999999999999998,SIM,SIM_154,2026-01-09 21:09:34.751402,2026-01-09 21:09:34.751402,0.0,
2026-01-10 07:12:34.429426,BUY_NO,KXHIGHNY-26JAN11-B46.5,72.0,1,0.02,0.74,SIM,SIM_155,2026-01-10 07:12:34.429426,2026-01-10 07:12:34.429426,0.0,
2026-01-10 07:12:40.929308,BUY_NO,KXHIGHNY-26JAN11-B46.5,71.0,1,0.02,0.73,SIM,SIM_156,2026-01-10 07:12:40.929308,2026-01-10 07:12:40.929308,0.0,
2026-01-10 07:13:14.679043,BUY_NO,KXHIGHNY-26JAN11-B46.5,65.0,4,0.07,2.67,SIM,SIM_157,2026-01-10 07:13:14.679043,2026-01-10 07:13:14.679043,0.0,
2026-01-10 07:13:26.455918,BUY_NO,KXHIGHNY-26JAN11-B46.5,64.0,3,0.05,1.97,SIM,SIM_158,2026-01-10 07:13:26.455918,2026-01-10 07:13:26.455918,0.0,
2026-01-10 07:13:28.182601,BUY_NO,KXHIGHNY-26JAN11-B46.5,62.0,4,0.07,2.55,SIM,SIM_159,2026-01-10 07:13:28.182601,2026-01-10 07:13:28.182601,0.0,
2026-01-10 07:21:33.043759,BUY_YES,KXHIGHNY-26JAN11-B42.5,12.0,38,0.29,4.85,SIM,SIM_160,2026-01-10 07:21:33.043759,2026-01-10 07:21:33.043759,0.0,
2026-01-10 07:22:08.190632,BUY_YES,KXHIGHNY-26JAN11-B42.5,16.0,13,0.13,2.21,SIM,SIM_161,2026-01-10 07:22:08.190632,2026-01-10 07:22:08.190632,0.0,
2026-01-10 07:22:12.736991,BUY_YES,KXHIGHNY-26JAN11-B42.5,15.0,14,0.13,2.23,SIM,SIM_162,2026-01-10 07:22:12.736991,2026-01-10 07:22:12.736991,0.0,
2026-01-10 07:23:12.038254,BUY_YES,KXHIGHNY-26JAN11-B42.5,16.0,2,0.02,0.34,SIM,SIM_163,2026-01-10 07:23:12.038254,2026-01-10 07:23:12.038254,0.0,
2026-01-10 07:54:58.791012,BUY_YES,KXHIGHNY-26JAN11-B48.5,14.0,3,0.03,0.45000000000000007,SIM,SIM_164,2026-01-10 07:54:58.791012,2026-01-10 07:54:58.791012,0.0,
2026-01-10 08:29:48.995020,BUY_YES,KXHIGHNY-26JAN11-B44.5,39.0,5,0.09,2.04,SIM,SIM_165,2026-01-10 08:29:48.995020,2026-01-10 08:29:48.995020,0.0,
2026-01-10 08:30:18.100354,BUY_YES,KXHIGHNY-26JAN11-B44.5,38.0,4,0.07,1.59,SIM,SIM_166,2026-01-10 08:30:18.100354,2026-01-10 08:30:18.100354,0.0,
2026-01-10 08:30:30.881246,BUY_YES,KXHIGHNY-26JAN11-B44.5,36.0,5,0.09,1.89,SIM,SIM_167,2026-01-10 08:30:30.881246,2026-01-10 08:30:30.881246,0.0,
2026-01-10 08:30:45.323232,BUY_YES,KXHIGHNY-26JAN11-B44.5,37.0,4,0.07,1.55,SIM,SIM_168,2026-01-10 08:30:45.323232,2026-01-10 08:30:45.323232,0.0,
2026-01-10 08:30:53.327943,BUY_YES,KXHIGHNY-26JAN11-B44.5,35.0,5,0.08,1.83,SIM,SIM_169,2026-01-10 08:30:53.327943,2026-01-10 08:30:53.327943,0.0,
2026-01-10 08:31:17.558812,BUY_YES,KXHIGHNY-26JAN11-B44.5,37.0,2,0.04,0.78,SIM,SIM_170,2026-01-10 08:31:17.558812,2026-01-10 08:31:17.558812,0.0,
2026-01-10 08:31:39.545069,BUY_YES,KXHIGHNY-26JAN11-B44.5,37.0,1,0.02,0.39,SIM,SIM_171,2026-01-10 08:31:39.545069,2026-01-10 08:31:39.545069,0.0,
2026-01-10 08:31:49.547981,BUY_YES,KXHIGHNY-26JAN11-B44.5,35.0,2,0.04,0.74,SIM,SIM_172,2026-01-10 08:31:49.547981,2026-01-10 08:31:49.547981,0.0,
2026-01-10 13:07:13.585741,BUY_YES,KXHIGHNY-26JAN11-B48.5,10.0,24,0.16,2.5600000000000005,SIM,SIM_173,2026-01-10 13:07:13.585741,2026-01-10 13:07:13.585741,0.0,
2026-01-10 13:07:42.366408,BUY_YES,KXHIGHNY-26JAN11-B48.5,10.0,19,0.12,2.02,SIM,SIM_174,2026-01-10 13:07:42.366408,2026-01-10 13:07:42.366408,0.0,
2026-01-10 13:08:42.039287,BUY_YES,KXHIGHNY-26JAN11-B48.5,10.0,14,0.09,1.4900000000000002,SIM,SIM_175,2026-01-10 13:08:42.039287,2026-01-10 13:08:42.039287,0.0,
2026-01-10 13:08:46.142430,BUY_YES,KXHIGHNY-26JAN11-B48.5,10.0,11,0.07,1.1700000000000002,SIM,SIM_176,2026-01-10 13:08:46.142430,2026-01-10 13:08:46.142430,0.0,
2026-01-10 13:09:45.049738,BUY_YES,KXHIGHNY-26JAN11-B48.5,10.0,8,0.06,0.8600000000000001,SIM,SIM_177,2026-01-10 13:09:45.049738,2026-01-10 13:09:45.049738,0.0,
2026-01-10 13:09:49.375596,BUY_YES,KXHIGHNY-26JAN11-B48.5,10.0,6,0.04,0.6400000000000001,SIM,SIM_178,2026-01-10 13:09:49.375596,2026-01-10 13:09:49.375596,0.0,
2026-01-10 13:10:49.036178,BUY_YES,KXHIGHNY-26JAN11-B48.5,10.0,4,0.03,0.43000000000000005,SIM,SIM_179,2026-01-10 13:10:49.036178,2026-01-10 13:10:49.036178,0.0,
2026-01-10 13:10:54.588482,BUY_YES,KXHIGHNY-26JAN11-B48.5,10.0,3,0.02,0.32000000000000006,SIM,SIM_180,2026-01-10 13:10:54.588482,2026-01-10 13:10:54.588482,0.0,
2026-01-10 13:11:54.041954,BUY_YES,KXHIGHNY-26JAN11-B48.5,10.0,1,0.01,0.11,SIM,SIM_181,2026-01-10 13:11:54.041954,2026-01-10 13:11:54.041954,0.0,
2026-01-10 16:36:30.262691,BUY_YES,KXHIGHNY-26JAN11-B44.5,41.0,2,0.04,0.86,SIM,SIM_182,2026-01-10 16:36:30.262691,2026-01-10 16:36:30.262691,0.0,
2026-01-10 16:37:01.202444,BUY_YES,KXHIGHNY-26JAN11-B44.5,42.0,1,0.02,0.44,SIM,SIM_183,2026-01-10 16:37:01.202444,2026-01-10 16:37:01.202444,0.0,
2026-01-10 16:48:48.780362,BUY_NO,KXHIGHNY-26JAN11-B46.5,54.0,1,0.02,0.56,SIM,SIM_184,2026-01-10 16:48:48.780362,2026-01-10 16:48:48.780362,0.0,
2026-01-10 16:48:50.029712,BUY_NO,KXHIGHNY-26JAN11-B46.5,53.0,2,0.04,1.1,SIM,SIM_185,2026-01-10 16:48:50.029712,2026-01-10 16:48:50.029712,0.0,
2026-01-10 16:49:12.616971,BUY_NO,KXHIGHNY-26JAN11-B46.5,55.0,1,0.02,0.5700000000000001,SIM,SIM_186,2026-01-10 16:49:12.616971,2026-01-10 16:49:12.616971,0.0,
2026-01-10 16:49:54.870304,BUY_NO,KXHIGHNY-26JAN11-B46.5,55.0,1,0.02,0.5700000000000001,SIM,SIM_187,2026-01-10 16:49:54.870304,2026-01-10 16:49:54.870304,0.0,
2026-01-10 16:55:01.806506,BUY_NO,KXHIGHNY-26JAN11-B46.5,53.0,1,0.02,0.55,SIM,SIM_188,2026-01-10 16:55:01.806506,2026-01-10 16:55:01.806506,0.0,
2026-01-10 16:55:04.296157,BUY_NO,KXHIGHNY-26JAN11-B46.5,53.0,1,0.02,0.55,SIM,SIM_189,2026-01-10 16:55:04.296157,2026-01-10 16:55:04.296157,0.0,
2026-01-10 17:45:01.771283,BUY_NO,KXHIGHNY-26JAN11-B46.5,57.0,1,0.02,0.59,SIM,SIM_190,2026-01-10 17:45:01.771283,2026-01-10 17:45:01.771283,0.0,
2026-01-10 17:49:43.145326,BUY_NO,KXHIGHNY-26JAN11-B46.5,57.0,1,0.02,0.59,SIM,SIM_191,2026-01-10 17:49:43.145326,2026-01-10 17:49:43.145326,0.0,
2026-01-10 21:01:36.418316,BUY_YES,KXHIGHNY-26JAN11-B44.5,41.0,1,0.02,0.43,SIM,SIM_192,2026-01-10 21:01:36.418316,2026-01-10 21:01:36.418316,0.0,
2026-01-10 21:04:28.376442,BUY_NO,KXHIGHNY-26JAN11-T49,92.0,1,0.01,0.93,SIM,SIM_193,2026-01-10 21:04:28.376442,2026-01-10 21:04:28.376442,0.0,
2026-01-10 21:04:31.178281,BUY_NO,KXHIGHNY-26JAN11-T49,92.0,1,0.01,0.93,SIM,SIM_194,2026-01-10 21:04:31.178281,2026-01-10 21:04:31.178281,0.0,
2026-01-10 21:04:55.344513,BUY_NO,KXHIGHNY-26JAN11-T49,92.0,1,0.01,0.93,SIM,SIM_195,2026-01-10 21:04:55.344513,2026-01-10 21:04:55.344513,0.0,
2026-01-10 21:05:01.300660,BUY_NO,KXHIGHNY-26JAN11-T49,91.0,1,0.01,0.92,SIM,SIM_196,2026-01-10 21:05:01.300660,2026-01-10 21:05:01.300660,0.0,
2026-01-10 21:05:05.439162,BUY_NO,KXHIGHNY-26JAN11-T49,91.0,1,0.01,0.92,SIM,SIM_197,2026-01-10 21:05:05.439162,2026-01-10 21:05:05.439162,0.0,
2026-01-10 21:05:16.120884,BUY_NO,KXHIGHNY-26JAN11-T49,91.0,1,0.01,0.92,SIM,SIM_198,2026-01-10 21:05:16.120884,2026-01-10 21:05:16.120884,0.0,
2026-01-10 21:05:33.730530,BUY_YES,KXHIGHNY-26JAN11-B44.5,36.0,4,0.07,1.51,SIM,SIM_199,2026-01-10 21:05:33.730530,2026-01-10 21:05:33.730530,0.0,
2026-01-10 21:05:44.901076,BUY_YES,KXHIGHNY-26JAN11-B44.5,35.0,4,0.07,1.47,SIM,SIM_200,2026-01-10 21:05:44.901076,2026-01-10 21:05:44.901076,0.0,
2026-01-10 21:05:50.788227,BUY_YES,KXHIGHNY-26JAN11-B44.5,34.0,4,0.07,1.4300000000000002,SIM,SIM_201,2026-01-10 21:05:50.788227,2026-01-10 21:05:50.788227,0.0,
2026-01-10 21:05:55.655953,BUY_YES,KXHIGHNY-26JAN11-B44.5,34.0,4,0.07,1.4300000000000002,SIM,SIM_202,2026-01-10 21:05:55.655953,2026-01-10 21:05:55.655953,0.0,
2026-01-10 21:06:01.234198,BUY_YES,KXHIGHNY-26JAN11-B44.5,35.0,2,0.04,0.74,SIM,SIM_203,2026-01-10 21:06:01.234198,2026-01-10 21:06:01.234198,0.0,
2026-01-10 21:06:09.787800,BUY_YES,KXHIGHNY-26JAN11-B44.5,35.0,3,0.05,1.0999999999999999,SIM,SIM_204,2026-01-10 21:06:09.787800,2026-01-10 21:06:09.787800,0.0,
2026-01-10 21:06:18.941024,BUY_NO,KXHIGHNY-26JAN11-B46.5,50.0,2,0.04,1.04,SIM,SIM_205,2026-01-10 21:06:18.941024,2026-01-10 21:06:18.941024,0.0,
2026-01-10 21:06:47.594877,BUY_YES,KXHIGHNY-26JAN11-B44.5,35.0,1,0.02,0.37,SIM,SIM_206,2026-01-10 21:06:47.594877,2026-01-10 21:06:47.594877,0.0,
2026-01-10 21:06:51.008127,BUY_YES,KXHIGHNY-26JAN11-B44.5,34.0,1,0.02,0.36000000000000004,SIM,SIM_207,2026-01-10 21:06:51.008127,2026-01-10 21:06:51.008127,0.0,
2026-01-10 21:07:12.898123,BUY_YES,KXHIGHNY-26JAN11-B44.5,34.0,1,0.02,0.36000000000000004,SIM,SIM_208,2026-01-10 21:07:12.898123,2026-01-10 21:07:12.898123,0.0,
2026-01-10 21:09:32.257286,BUY_NO,KXHIGHNY-26JAN11-B46.5,46.0,2,0.04,0.9600000000000001,SIM,SIM_209,2026-01-10 21:09:32.257286,2026-01-10 21:09:32.257286,0.0,
2026-01-10 21:44:01.732793,BUY_NO,KXHIGHNY-26JAN11-B46.5,50.0,1,0.02,0.52,SIM,SIM_210,2026-01-10 21:44:01.732793,2026-01-10 21:44:01.732793,0.0,
2026-01-10 21:45:41.703258,BUY_NO,KXHIGHNY-26JAN11-B46.5,49.0,1,0.02,0.51,SIM,SIM_211,2026-01-10 21:45:41.703258,2026-01-10 21:45:41.703258,0.0,
2026-01-10 21:46:46.394752,BUY_NO,KXHIGHNY-26JAN11-B46.5,43.0,2,0.04,0.9,SIM,SIM_212,2026-01-10 21:46:46.394752,2026-01-10 21:46:46.394752,0.0,
2026-01-10 21:46:50.681334,BUY_YES,KXHIGHNY-26JAN11-B44.5,35.0,3,0.05,1.0999999999999999,SIM,SIM_213,2026-01-10 21:46:50.681334,2026-01-10 21:46:50.681334,0.0,
2026-01-10 21:46:51.750373,BUY_YES,KXHIGHNY-26JAN11-B44.5,34.0,3,0.05,1.07,SIM,SIM_214,2026-01-10 21:46:51.750373,2026-01-10 21:46:51.750373,0.0,
2026-01-10 21:47:02.158585,BUY_YES,KXHIGHNY-26JAN11-B44.5,32.0,3,0.05,1.01,SIM,SIM_215,2026-01-10 21:47:02.158585,2026-01-10 21:47:02.158585,0.0,
2026-01-10 21:47:22.530469,BUY_NO,KXHIGHNY-26JAN11-B46.5,42.0,2,0.04,0.88,SIM,SIM_216,2026-01-10 21:47:22.530469,2026-01-10 21:47:22.530469,0.0,
2026-01-10 21:47:33.531497,BUY_YES,KXHIGHNY-26JAN11-B44.5,32.0,3,0.05,1.01,SIM,SIM_217,2026-01-10 21:47:33.531497,2026-01-10 21:47:33.531497,0.0,
2026-01-10 21:47:57.747270,BUY_YES,KXHIGHNY-26JAN11-B44.5,31.0,2,0.03,0.65,SIM,SIM_218,2026-01-10 21:47:57.747270,2026-01-10 21:47:57.747270,0.0,
2026-01-10 21:48:08.892271,BUY_YES,KXHIGHNY-26JAN11-B44.5,32.0,2,0.04,0.68,SIM,SIM_219,2026-01-10 21:48:08.892271,2026-01-10 21:48:08.892271,0.0,
2026-01-10 21:48:12.108012,BUY_YES,KXHIGHNY-26JAN11-B44.5,32.0,1,0.02,0.34,SIM,SIM_220,2026-01-10 21:48:12.108012,2026-01-10 21:48:12.108012,0.0,
2026-01-10 21:49:09.585649,BUY_NO,KXHIGHNY-26JAN11-B46.5,41.0,2,0.04,0.86,SIM,SIM_221,2026-01-10 21:49:09.585649,2026-01-10 21:49:09.585649,0.0,
2026-01-10 21:50:52.318045,BUY_YES,KXHIGHNY-26JAN11-B44.5,29.0,1,0.02,0.31,SIM,SIM_222,2026-01-10 21:50:52.318045,2026-01-10 21:50:52.318045,0.0,
2026-01-10 21:55:21.433503,BUY_NO,KXHIGHNY-26JAN11-B46.5,41.0,2,0.04,0.86,SIM,SIM_223,2026-01-10 21:55:21.433503,2026-01-10 21:55:21.433503,0.0,
2026-01-10 21:55:32.049244,BUY_NO,KXHIGHNY-26JAN11-B46.5,41.0,2,0.04,0.86,SIM,SIM_224,2026-01-10 21:55:32.049244,2026-01-10 21:55:32.049244,0.0,
2026-01-10 22:05:53.724322,BUY_NO,KXHIGHNY-26JAN11-B46.5,43.0,1,0.02,0.45,SIM,SIM_225,2026-01-10 22:05:53.724322,2026-01-10 22:05:53.724322,0.0,
2026-01-10 23:35:09.868637,BUY_YES,KXHIGHNY-26JAN11-B44.5,34.0,1,0.02,0.36000000000000004,SIM,SIM_226,2026-01-10 23:35:09.868637,2026-01-10 23:35:09.868637,0.0,
2026-01-10 23:39:14.636041,BUY_YES,KXHIGHNY-26JAN11-B44.5,28.0,2,0.03,0.5900000000000001,SIM,SIM_227,2026-01-10 23:39:14.636041,2026-01-10 23:39:14.636041,0.0,
2026-01-10 23:39:34.369412,BUY_YES,KXHIGHNY-26JAN11-B44.5,28.0,2,0.03,0.5900000000000001,SIM,SIM_228,2026-01-10 23:39:34.369412,2026-01-10 23:39:34.369412,0.0,
2026-01-10 23:39:40.968854,BUY_YES,KXHIGHNY-26JAN11-B44.5,27.0,2,0.03,0.5700000000000001,SIM,SIM_229,2026-01-10 23:39:40.968854,2026-01-10 23:39:40.968854,0.0,
2026-01-10 23:39:48.721918,BUY_YES,KXHIGHNY-26JAN11-B44.5,27.0,2,0.03,0.5700000000000001,SIM,SIM_230,2026-01-10 23:39:48.721918,2026-01-10 23:39:48.721918,0.0,
2026-01-10 23:39:56.859572,BUY_YES,KXHIGHNY-26JAN11-B44.5,27.0,1,0.02,0.29000000000000004,SIM,SIM_231,2026-01-10 23:39:56.859572,2026-01-10 23:39:56.859572,0.0,
2026-01-10 23:40:04.027744,BUY_YES,KXHIGHNY-26JAN11-B44.5,27.0,1,0.02,0.29000000000000004,SIM,SIM_232,2026-01-10 23:40:04.027744,2026-01-10 23:40:04.027744,0.0,
2026-01-11 05:19:00.731387,BUY_NO,KXHIGHNY-26JAN11-B46.5,47.0,1,0.02,0.49,SIM,SIM_233,2026-01-11 05:19:00.731387,2026-01-11 05:19:00.731387,0.0,
2026-01-11 05:21:08.694502,BUY_YES,KXHIGHNY-26JAN11-B48.5,14.0,1,0.01,0.15000000000000002,SIM,SIM_234,2026-01-11 05:21:08.694502,2026-01-11 05:21:08.694502,0.0,
2026-01-11 05:21:14.441736,BUY_YES,KXHIGHNY-26JAN11-B48.5,13.0,3,0.03,0.42000000000000004,SIM,SIM_235,2026-01-11 05:21:14.441736,2026-01-11 05:21:14.441736,0.0,
2026-01-11 05:21:28.439274,BUY_YES,KXHIGHNY-26JAN11-B48.5,12.0,2,0.02,0.26,SIM,SIM_236,2026-01-11 05:21:28.439274,2026-01-11 05:21:28.439274,0.0,
2026-01-11 05:21:44.553411,BUY_YES,KXHIGHNY-26JAN11-B48.5,11.0,1,0.01,0.12,SIM,SIM_237,2026-01-11 05:21:44.553411,2026-01-11 05:21:44.553411,0.0,
2026-01-11 05:27:08.773321,BUY_YES,KXHIGHNY-26JAN11-B44.5,26.0,1,0.02,0.28,SIM,SIM_238,2026-01-11 05:27:08.773321,2026-01-11 05:27:08.773321,0.0,
2026-01-11 05:27:15.428005,BUY_YES,KXHIGHNY-26JAN11-B44.5,26.0,1,0.02,0.28,SIM,SIM_239,2026-01-11 05:27:15.428005,2026-01-11 05:27:15.428005,0.0,
2026-01-11 05:31:41.073883,BUY_YES,KXHIGHNY-26JAN11-B44.5,20.0,1,0.02,0.22,SIM,SIM_240,2026-01-11 05:31:41.073883,2026-01-11 05:31:41.073883,0.0,
2026-01-11 05:52:21.659796,BUY_YES,KXHIGHNY-26JAN11-B44.5,17.0,2,0.02,0.36000000000000004,SIM,SIM_241,2026-01-11 05:52:21.659796,2026-01-11 05:52:21.659796,0.0,
2026-01-11 08:36:59.312136,BUY_YES,KXHIGHNY-26JAN11-B44.5,22.0,2,0.03,0.47,SIM,SIM_242,2026-01-11 08:36:59.312136,2026-01-11 08:36:59.312136,0.0,
2026-01-11 08:37:00.751474,BUY_YES,KXHIGHNY-26JAN11-B44.5,22.0,1,0.02,0.24,SIM,SIM_243,2026-01-11 08:37:00.751474,2026-01-11 08:37:00.751474,0.0,
2026-01-11 08:38:44.625271,BUY_YES,KXHIGHNY-26JAN11-B44.5,18.0,7,0.08,1.34,SIM,SIM_244,2026-01-11 08:38:44.625271,2026-01-11 08:38:44.625271,0.0,
2026-01-11 08:47:28.727489,BUY_NO,KXHIGHNY-26JAN11-B46.5,26.0,1,0.02,0.28,SIM,SIM_245,2026-01-11 08:47:28.727489,2026-01-11 08:47:28.727489,0.0,
2026-01-11 08:53:59.462555,BUY_NO,KXHIGHNY-26JAN11-B46.5,16.0,9,0.09,1.53,SIM,SIM_246,2026-01-11 08:53:59.462555,2026-01-11 08:53:59.462555,0.0,
2026-01-11 08:54:51.672018,BUY_NO,KXHIGHNY-26JAN11-B46.5,13.0,11,0.09,1.5200000000000002,SIM,SIM_247,2026-01-11 08:54:51.672018,2026-01-11 08:54:51.672018,0.0,
2026-01-11 08:55:01.962152,BUY_NO,KXHIGHNY-26JAN11-B46.5,14.0,9,0.08,1.3400000000000003,SIM,SIM_248,2026-01-11 08:55:01.962152,2026-01-11 08:55:01.962152,0.0,
2026-01-11 08:55:17.627669,BUY_NO,KXHIGHNY-26JAN11-B46.5,13.0,10,0.08,1.3800000000000001,SIM,SIM_249,2026-01-11 08:55:17.627669,2026-01-11 08:55:17.627669,0.0,
2026-01-11 08:55:30.852305,BUY_NO,KXHIGHNY-26JAN11-B46.5,14.0,7,0.06,1.04,SIM,SIM_250,2026-01-11 08:55:30.852305,2026-01-11 08:55:30.852305,0.0,
2026-01-11 08:56:05.053726,BUY_NO,KXHIGHNY-26JAN11-B46.5,16.0,1,0.01,0.17,SIM,SIM_251,2026-01-11 08:56:05.053726,2026-01-11 08:56:05.053726,0.0,
2026-01-11 08:56:06.931388,BUY_NO,KXHIGHNY-26JAN11-B46.5,15.0,2,0.02,0.32,SIM,SIM_252,2026-01-11 08:56:06.931388,2026-01-11 08:56:06.931388,0.0,
2026-01-11 08:56:08.826537,BUY_NO,KXHIGHNY-26JAN11-B46.5,15.0,2,0.02,0.32,SIM,SIM_253,2026-01-11 08:56:08.826537,2026-01-11 08:56:08.826537,0.0,
2026-01-11 08:57:13.464207,BUY_NO,KXHIGHNY-26JAN11-B46.5,14.0,3,0.03,0.45000000000000007,SIM,SIM_254,2026-01-11 08:57:13.464207,2026-01-11 08:57:13.464207,0.0,
2026-01-11 08:57:26.293676,BUY_NO,KXHIGHNY-26JAN11-B46.5,13.0,4,0.04,0.56,SIM,SIM_255,2026-01-11 08:57:26.293676,2026-01-11 08:57:26.293676,0.0,
2026-01-11 08:57:49.578235,BUY_NO,KXHIGHNY-26JAN11-B46.5,14.0,1,0.01,0.15000000000000002,SIM,SIM_256,2026-01-11 08:57:49.578235,2026-01-11 08:57:49.578235,0.0,
2026-01-11 13:33:59.355790,BUY_YES,KXHIGHNY-26JAN12-B41.5,42.0,1,0.02,0.44,SIM,SIM_257,2026-01-11 13:33:59.355790,2026-01-11 13:33:59.355790,0.0,
2026-01-11 16:12:14.105593,BUY_NO,KXHIGHNY-26JAN12-B39.5,88.0,1,0.01,0.89,SIM,SIM_258,2026-01-11 16:12:14.105593,2026-01-11 16:12:14.105593,0.0,
2026-01-11 16:20:20.240436,BUY_YES,KXHIGHNY-26JAN12-B45.5,8.0,4,0.03,0.35,SIM,SIM_259,2026-01-11 16:20:20.240436,2026-01-11 16:20:20.240436,0.0,
2026-01-11 16:34:19.488169,BUY_NO,KXHIGHNY-26JAN12-B39.5,88.0,1,0.01,0.89,SIM,SIM_260,2026-01-11 16:34:19.488169,2026-01-11 16:34:19.488169,0.0,
